{ "editorVersion": 5.0, "instances": [ { "layer": 0.0, "deleted": 0.0, "variables": { "x": 416.0, "flipX": 0.0, "y": 32.0, "flipY": 0.0 }, "object": 517.0 }, { "layer": 0.0, "deleted": 0.0, "variables": { "x": 448.0, "flipX": 0.0, "y": 32.0, "flipY": 0.0 }, "object": 517.0 }, { "layer": 0.0, "deleted": 0.0, "variables": { "x": 480.0, "flipX": 0.0, "y": 32.0, "flipY": 0.0 }, "object": 517.0 }, { "layer": 0.0, "deleted": 0.0, "variables": { "x": 512.0, "flipX": 0.0, "y": 32.0, "flipY": 0.0 }, "object": 517.0 }, { "layer": 0.0, "deleted": 0.0, "variables": { "x": 544.0, "flipX": 0.0, "y": 32.0, "flipY": 0.0 }, "object": 517.0 }, { "layer": 0.0, "deleted": 0.0, "variables": { "x": 576.0, "flipX": 0.0, "y": 32.0, "flipY": 0.0 }, "object": 517.0 }, { "layer": 0.0, "deleted": 0.0, "variables": { "x": 608.0, "flipX": 0.0, "y": 32.0, "flipY": 0.0 }, "object": 517.0 }, { "layer": 0.0, "deleted": 0.0, "variables": { "x": 608.0, "flipX": 0.0, "y": 64.0, "flipY": 0.0 }, "object": 517.0 }, { "layer": 0.0, "deleted": 0.0, "variables": { "x": 576.0, "flipX": 0.0, "y": 64.0, "flipY": 0.0 }, "object": 517.0 }, { "layer": 0.0, "deleted": 0.0, "variables": { "x": 544.0, "flipX": 0.0, "y": 64.0, "flipY": 0.0 }, "object": 517.0 }, { "layer": 0.0, "deleted": 0.0, "variables": { "x": 512.0, "flipX": 0.0, "y": 64.0, "flipY": 0.0 }, "object": 517.0 }, { "layer": 0.0, "deleted": 0.0, "variables": { "x": 480.0, "flipX": 0.0, "y": 64.0, "flipY": 0.0 }, "object": 517.0 }, { "layer": 0.0, "deleted": 0.0, "variables": { "x": 448.0, "flipX": 0.0, "y": 64.0, "flipY": 0.0 }, "object": 517.0 }, { "layer": 0.0, "deleted": 0.0, "variables": { "x": 416.0, "flipX": 0.0, "y": 64.0, "flipY": 0.0 }, "object": 517.0 }, { "layer": 0.0, "deleted": 0.0, "variables": { "x": 384.0, "flipX": 0.0, "y": 64.0, "flipY": 0.0 }, "object": 517.0 }, { "layer": 0.0, "deleted": 0.0, "variables": { "x": 352.0, "flipX": 0.0, "y": 64.0, "flipY": 0.0 }, "object": 517.0 }, { "layer": 0.0, "deleted": 0.0, "variables": { "x": 320.0, "flipX": 0.0, "y": 64.0, "flipY": 0.0 }, "object": 517.0 }, { "layer": 0.0, "deleted": 0.0, "variables": { "x": 288.0, "flipX": 0.0, "y": 64.0, "flipY": 0.0 }, "object": 517.0 }, { "layer": 0.0, "deleted": 0.0, "variables": { "x": 256.0, "flipX": 0.0, "y": 64.0, "flipY": 0.0 }, "object": 517.0 }, { "layer": 0.0, "deleted": 0.0, "variables": { "x": 224.0, "flipX": 0.0, "y": 64.0, "flipY": 0.0 }, "object": 517.0 }, { "layer": 0.0, "deleted": 0.0, "variables": { "x": 224.0, "flipX": 0.0, "y": 32.0, "flipY": 0.0 }, "object": 517.0 }, { "layer": 0.0, "deleted": 0.0, "variables": { "x": 224.0, "flipX": 0.0, "y": 0.0, "flipY": 0.0 }, "object": 517.0 }, { "layer": 1.0, "deleted": 0.0, "variables": { "x": 0.0, "flipX": 0.0, "y": 352.0, "flipY": 0.0 }, "object": 517.0 }, { "layer": 1.0, "deleted": 0.0, "variables": { "x": 1856.0, "y": 64.0, "image_xscale": 1.0, "image_yscale": 1.0, "level": "The Bomb", "flipX": 0.0, "flipY": 0.0, "treasurespr": "Treasure The continue Tower Level 2 Bomb" }, "object": 257.0 }, { "layer": 1.0, "deleted": 0.0, "variables": { "x": 0.0, "flipX": 0.0, "y": 480.0, "flipY": 0.0 }, "object": 517.0 }, { "layer": 1.0, "deleted": 0.0, "variables": { "x": 64.0, "y": 416.0, "targetRoom": "main", "image_xscale": 1.0, "image_yscale": 1.0, "flipX": 0.0, "flipY": 0.0 }, "object": 795.0 }, { "layer": 0.0, "deleted": 0.0, "variables": { "x": 224.0, "flipX": 0.0, "y": -32.0, "flipY": 0.0 }, "object": 517.0 }, { "layer": 0.0, "deleted": 0.0, "variables": { "x": 224.0, "flipX": 0.0, "y": -64.0, "flipY": 0.0 }, "object": 517.0 }, { "layer": 0.0, "deleted": 0.0, "variables": { "x": 224.0, "flipX": 0.0, "y": -96.0, "flipY": 0.0 }, "object": 517.0 }, { "layer": 0.0, "deleted": 0.0, "variables": { "x": 224.0, "flipX": 0.0, "y": -128.0, "flipY": 0.0 }, "object": 517.0 }, { "layer": 1.0, "deleted": 0.0, "variables": { "x": 96.0, "flipX": 0.0, "y": 480.0, "flipY": 0.0 }, "object": 805.0 }, { "layer": 0.0, "deleted": 0.0, "variables": { "x": 224.0, "flipX": 0.0, "y": -160.0, "flipY": 0.0 }, "object": 517.0 }, { "layer": 1.0, "deleted": 0.0, "variables": { "x": 0.0, "flipX": 0.0, "y": 384.0, "flipY": 0.0 }, "object": 517.0 }, { "layer": 1.0, "deleted": 0.0, "variables": { "x": 0.0, "flipX": 0.0, "y": 416.0, "flipY": 0.0 }, "object": 517.0 }, { "layer": 1.0, "deleted": 0.0, "variables": { "x": 0.0, "flipX": 0.0, "y": 320.0, "flipY": 0.0 }, "object": 517.0 }, { "layer": 1.0, "deleted": 0.0, "variables": { "x": 0.0, "flipX": 0.0, "y": 448.0, "flipY": 0.0 }, "object": 517.0 }, { "layer": 0.0, "deleted": 0.0, "variables": { "x": 224.0, "flipX": 0.0, "y": -192.0, "flipY": 0.0 }, "object": 517.0 }, { "layer": 0.0, "deleted": 0.0, "variables": { "x": 224.0, "flipX": 0.0, "y": -224.0, "flipY": 0.0 }, "object": 517.0 }, { "layer": 0.0, "deleted": 0.0, "variables": { "x": 224.0, "flipX": 0.0, "y": -256.0, "flipY": 0.0 }, "object": 517.0 }, { "layer": 0.0, "deleted": 0.0, "variables": { "x": 576.0, "y": -64.0, "image_xscale": 1.0, "image_yscale": 1.0, "level": "GOLF2.0", "flipX": 0.0, "flipY": 0.0 }, "object": 257.0 }, { "layer": 1.0, "deleted": 0.0, "variables": { "x": 608.0, "flipX": 0.0, "y": 448.0, "flipY": 0.0 }, "object": 517.0 }, { "layer": 0.0, "deleted": 0.0, "variables": { "x": 384.0, "y": -111.0, "image_xscale": 1.0, "image_yscale": 1.0, "flipX": 0.0, "flipY": 0.0, "levelName": "GOLF2.0" }, "object": 799.0 }, { "layer": 1.0, "deleted": 0.0, "variables": { "x": 640.0, "flipX": 0.0, "y": 448.0, "flipY": 0.0 }, "object": 517.0 }, { "layer": 1.0, "deleted": 0.0, "variables": { "x": 672.0, "flipX": 0.0, "y": 448.0, "flipY": 0.0 }, "object": 517.0 }, { "layer": 1.0, "deleted": 0.0, "variables": { "x": 704.0, "flipX": 0.0, "y": 448.0, "flipY": 0.0 }, "object": 517.0 }, { "layer": 1.0, "deleted": 0.0, "variables": { "x": 736.0, "flipX": 0.0, "y": 448.0, "flipY": 0.0 }, "object": 517.0 }, { "layer": 1.0, "deleted": 0.0, "variables": { "x": 768.0, "flipX": 0.0, "y": 448.0, "flipY": 0.0 }, "object": 517.0 }, { "layer": 1.0, "deleted": 0.0, "variables": { "x": 800.0, "flipX": 0.0, "y": 448.0, "flipY": 0.0 }, "object": 517.0 }, { "layer": 1.0, "deleted": 0.0, "variables": { "x": 832.0, "flipX": 0.0, "y": 448.0, "flipY": 0.0 }, "object": 517.0 }, { "layer": 1.0, "deleted": 0.0, "variables": { "x": 864.0, "flipX": 0.0, "y": 448.0, "flipY": 0.0 }, "object": 517.0 }, { "layer": 1.0, "deleted": 0.0, "variables": { "x": 896.0, "flipX": 0.0, "y": 480.0, "flipY": 0.0 }, "object": 517.0 }, { "layer": 1.0, "deleted": 0.0, "variables": { "x": 896.0, "flipX": 0.0, "y": 512.0, "flipY": 0.0 }, "object": 517.0 }, { "layer": 1.0, "deleted": 0.0, "variables": { "x": 928.0, "flipX": 0.0, "y": 512.0, "flipY": 0.0 }, "object": 517.0 }, { "layer": 1.0, "deleted": 0.0, "variables": { "x": 960.0, "flipX": 0.0, "y": 512.0, "flipY": 0.0 }, "object": 517.0 }, { "layer": 1.0, "deleted": 0.0, "variables": { "x": 992.0, "flipX": 0.0, "y": 512.0, "flipY": 0.0 }, "object": 517.0 }, { "layer": 1.0, "deleted": 0.0, "variables": { "x": 1024.0, "flipX": 0.0, "y": 512.0, "flipY": 0.0 }, "object": 517.0 }, { "layer": 1.0, "deleted": 0.0, "variables": { "x": 1056.0, "flipX": 0.0, "y": 512.0, "flipY": 0.0 }, "object": 517.0 }, { "layer": 1.0, "deleted": 0.0, "variables": { "x": 1088.0, "flipX": 0.0, "y": 512.0, "flipY": 0.0 }, "object": 517.0 }, { "layer": 1.0, "deleted": 0.0, "variables": { "x": 1120.0, "flipX": 0.0, "y": 512.0, "flipY": 0.0 }, "object": 517.0 }, { "layer": 1.0, "deleted": 0.0, "variables": { "x": 1152.0, "flipX": 0.0, "y": 512.0, "flipY": 0.0 }, "object": 517.0 }, { "layer": 1.0, "deleted": 0.0, "variables": { "x": 1184.0, "flipX": 0.0, "y": 512.0, "flipY": 0.0 }, "object": 517.0 }, { "layer": 1.0, "deleted": 0.0, "variables": { "x": 1216.0, "flipX": 0.0, "y": 512.0, "flipY": 0.0 }, "object": 517.0 }, { "layer": 1.0, "deleted": 0.0, "variables": { "x": 1248.0, "flipX": 0.0, "y": 512.0, "flipY": 0.0 }, "object": 517.0 }, { "layer": 1.0, "deleted": 0.0, "variables": { "x": 1280.0, "flipX": 0.0, "y": 512.0, "flipY": 0.0 }, "object": 517.0 }, { "layer": 1.0, "deleted": 0.0, "variables": { "x": 1312.0, "flipX": 0.0, "y": 512.0, "flipY": 0.0 }, "object": 517.0 }, { "layer": 1.0, "deleted": 0.0, "variables": { "x": 1344.0, "flipX": 0.0, "y": 512.0, "flipY": 0.0 }, "object": 517.0 }, { "layer": 1.0, "deleted": 0.0, "variables": { "x": 1376.0, "flipX": 0.0, "y": 512.0, "flipY": 0.0 }, "object": 517.0 }, { "layer": 1.0, "deleted": 0.0, "variables": { "x": 1408.0, "flipX": 0.0, "y": 512.0, "flipY": 0.0 }, "object": 517.0 }, { "layer": 1.0, "deleted": 0.0, "variables": { "x": 1440.0, "flipX": 0.0, "y": 512.0, "flipY": 0.0 }, "object": 517.0 }, { "layer": 1.0, "deleted": 0.0, "variables": { "x": 1472.0, "flipX": 0.0, "y": 512.0, "flipY": 0.0 }, "object": 517.0 }, { "layer": 1.0, "deleted": 0.0, "variables": { "x": 1504.0, "flipX": 0.0, "y": 512.0, "flipY": 0.0 }, "object": 517.0 }, { "layer": 1.0, "deleted": 0.0, "variables": { "x": 1536.0, "flipX": 0.0, "y": 512.0, "flipY": 0.0 }, "object": 517.0 }, { "layer": 1.0, "deleted": 0.0, "variables": { "x": 1568.0, "flipX": 0.0, "y": 512.0, "flipY": 0.0 }, "object": 517.0 }, { "layer": 1.0, "deleted": 0.0, "variables": { "x": 1600.0, "flipX": 0.0, "y": 512.0, "flipY": 0.0 }, "object": 517.0 }, { "layer": 1.0, "deleted": 0.0, "variables": { "x": 1632.0, "flipX": 0.0, "y": 512.0, "flipY": 0.0 }, "object": 517.0 }, { "layer": 1.0, "deleted": 0.0, "variables": { "x": 1664.0, "flipX": 0.0, "y": 512.0, "flipY": 0.0 }, "object": 517.0 }, { "layer": 1.0, "deleted": 0.0, "variables": { "x": 1696.0, "flipX": 0.0, "y": 512.0, "flipY": 0.0 }, "object": 517.0 }, { "layer": 1.0, "deleted": 0.0, "variables": { "x": 1728.0, "flipX": 0.0, "y": 512.0, "flipY": 0.0 }, "object": 517.0 }, { "layer": 1.0, "deleted": 0.0, "variables": { "x": 1760.0, "flipX": 0.0, "y": 512.0, "flipY": 0.0 }, "object": 517.0 }, { "layer": 1.0, "deleted": 0.0, "variables": { "x": 1792.0, "flipX": 0.0, "y": 512.0, "flipY": 0.0 }, "object": 517.0 }, { "layer": 1.0, "deleted": 0.0, "variables": { "x": 1824.0, "flipX": 0.0, "y": 512.0, "flipY": 0.0 }, "object": 517.0 }, { "layer": 1.0, "deleted": 0.0, "variables": { "x": 1856.0, "flipX": 0.0, "y": 512.0, "flipY": 0.0 }, "object": 517.0 }, { "layer": 1.0, "deleted": 0.0, "variables": { "x": 1888.0, "flipX": 0.0, "y": 512.0, "flipY": 0.0 }, "object": 517.0 }, { "layer": 1.0, "deleted": 0.0, "variables": { "x": 1920.0, "flipX": 0.0, "y": 512.0, "flipY": 0.0 }, "object": 517.0 }, { "layer": 1.0, "deleted": 0.0, "variables": { "x": 1952.0, "flipX": 0.0, "y": 512.0, "flipY": 0.0 }, "object": 517.0 }, { "layer": 1.0, "deleted": 0.0, "variables": { "x": 1984.0, "flipX": 0.0, "y": 512.0, "flipY": 0.0 }, "object": 517.0 }, { "layer": 1.0, "deleted": 0.0, "variables": { "x": 2016.0, "flipX": 0.0, "y": 512.0, "flipY": 0.0 }, "object": 517.0 }, { "layer": 1.0, "deleted": 0.0, "variables": { "x": 2048.0, "flipX": 0.0, "y": 512.0, "flipY": 0.0 }, "object": 517.0 }, { "layer": 1.0, "deleted": 0.0, "variables": { "x": 2080.0, "flipX": 0.0, "y": 512.0, "flipY": 0.0 }, "object": 517.0 }, { "layer": 1.0, "deleted": 0.0, "variables": { "x": 2080.0, "flipX": 0.0, "y": 480.0, "flipY": 0.0 }, "object": 517.0 }, { "layer": 1.0, "deleted": 0.0, "variables": { "x": 2080.0, "flipX": 0.0, "y": 448.0, "flipY": 0.0 }, "object": 517.0 }, { "layer": 1.0, "deleted": 0.0, "variables": { "x": 2080.0, "flipX": 0.0, "y": 416.0, "flipY": 0.0 }, "object": 517.0 }, { "layer": 1.0, "deleted": 0.0, "variables": { "x": 2080.0, "flipX": 0.0, "y": 384.0, "flipY": 0.0 }, "object": 517.0 }, { "layer": 1.0, "deleted": 0.0, "variables": { "x": 2080.0, "flipX": 0.0, "y": 352.0, "flipY": 0.0 }, "object": 517.0 }, { "layer": 1.0, "deleted": 0.0, "variables": { "x": 2080.0, "flipX": 0.0, "y": 320.0, "flipY": 0.0 }, "object": 517.0 }, { "layer": 1.0, "deleted": 0.0, "variables": { "x": 2080.0, "flipX": 0.0, "y": 288.0, "flipY": 0.0 }, "object": 517.0 }, { "layer": 1.0, "deleted": 0.0, "variables": { "x": 2080.0, "flipX": 0.0, "y": 256.0, "flipY": 0.0 }, "object": 517.0 }, { "layer": 1.0, "deleted": 0.0, "variables": { "x": 2080.0, "flipX": 0.0, "y": 224.0, "flipY": 0.0 }, "object": 517.0 }, { "layer": 1.0, "deleted": 0.0, "variables": { "x": 2080.0, "flipX": 0.0, "y": 192.0, "flipY": 0.0 }, "object": 517.0 }, { "layer": 1.0, "deleted": 0.0, "variables": { "x": 2080.0, "flipX": 0.0, "y": 160.0, "flipY": 0.0 }, "object": 517.0 }, { "layer": 1.0, "deleted": 0.0, "variables": { "x": 2080.0, "flipX": 0.0, "y": 128.0, "flipY": 0.0 }, "object": 517.0 }, { "layer": 1.0, "deleted": 0.0, "variables": { "x": 2080.0, "flipX": 0.0, "y": 96.0, "flipY": 0.0 }, "object": 517.0 }, { "layer": 1.0, "deleted": 0.0, "variables": { "x": 2080.0, "flipX": 0.0, "y": 64.0, "flipY": 0.0 }, "object": 517.0 }, { "layer": 1.0, "deleted": 0.0, "variables": { "x": 2080.0, "flipX": 0.0, "y": 32.0, "flipY": 0.0 }, "object": 517.0 }, { "layer": 1.0, "deleted": 0.0, "variables": { "x": 2080.0, "flipX": 0.0, "y": 0.0, "flipY": 0.0 }, "object": 517.0 }, { "layer": 1.0, "deleted": 0.0, "variables": { "x": 2080.0, "flipX": 0.0, "y": -32.0, "flipY": 0.0 }, "object": 517.0 }, { "layer": 1.0, "deleted": 0.0, "variables": { "x": 2080.0, "flipX": 0.0, "y": -64.0, "flipY": 0.0 }, "object": 517.0 }, { "layer": 1.0, "deleted": 0.0, "variables": { "x": 2080.0, "flipX": 0.0, "y": -96.0, "flipY": 0.0 }, "object": 517.0 }, { "layer": 1.0, "deleted": 0.0, "variables": { "x": 2080.0, "flipX": 0.0, "y": -128.0, "flipY": 0.0 }, "object": 517.0 }, { "layer": 1.0, "deleted": 0.0, "variables": { "x": 2080.0, "flipX": 0.0, "y": -160.0, "flipY": 0.0 }, "object": 517.0 }, { "layer": 1.0, "deleted": 0.0, "variables": { "x": 2080.0, "flipX": 0.0, "y": -192.0, "flipY": 0.0 }, "object": 517.0 }, { "layer": 1.0, "deleted": 0.0, "variables": { "x": 2080.0, "flipX": 0.0, "y": -224.0, "flipY": 0.0 }, "object": 517.0 }, { "layer": 1.0, "deleted": 0.0, "variables": { "x": 2080.0, "flipX": 0.0, "y": -256.0, "flipY": 0.0 }, "object": 517.0 }, { "layer": 1.0, "deleted": 0.0, "variables": { "x": 1856.0, "flipX": 0.0, "y": -288.0, "flipY": 0.0 }, "object": 517.0 }, { "layer": 1.0, "deleted": 0.0, "variables": { "x": 2080.0, "flipX": 0.0, "y": -288.0, "flipY": 0.0 }, "object": 517.0 }, { "layer": 1.0, "deleted": 0.0, "variables": { "x": 2048.0, "flipX": 0.0, "y": -288.0, "flipY": 0.0 }, "object": 517.0 }, { "layer": 1.0, "deleted": 0.0, "variables": { "x": 2016.0, "flipX": 0.0, "y": -288.0, "flipY": 0.0 }, "object": 517.0 }, { "layer": 1.0, "deleted": 0.0, "variables": { "x": 1984.0, "flipX": 0.0, "y": -288.0, "flipY": 0.0 }, "object": 517.0 }, { "layer": 1.0, "deleted": 0.0, "variables": { "x": 1952.0, "flipX": 0.0, "y": -288.0, "flipY": 0.0 }, "object": 517.0 }, { "layer": 1.0, "deleted": 0.0, "variables": { "x": 1920.0, "flipX": 0.0, "y": -288.0, "flipY": 0.0 }, "object": 517.0 }, { "layer": 1.0, "deleted": 0.0, "variables": { "x": 1888.0, "flipX": 0.0, "y": -288.0, "flipY": 0.0 }, "object": 517.0 }, { "layer": 1.0, "deleted": 0.0, "variables": { "x": 1824.0, "flipX": 0.0, "y": -288.0, "flipY": 0.0 }, "object": 517.0 }, { "layer": 1.0, "deleted": 0.0, "variables": { "x": 1792.0, "flipX": 0.0, "y": -288.0, "flipY": 0.0 }, "object": 517.0 }, { "layer": 1.0, "deleted": 0.0, "variables": { "x": 1760.0, "flipX": 0.0, "y": -288.0, "flipY": 0.0 }, "object": 517.0 }, { "layer": 1.0, "deleted": 0.0, "variables": { "x": 1728.0, "flipX": 0.0, "y": -288.0, "flipY": 0.0 }, "object": 517.0 }, { "layer": 1.0, "deleted": 0.0, "variables": { "x": 1696.0, "flipX": 0.0, "y": -288.0, "flipY": 0.0 }, "object": 517.0 }, { "layer": 1.0, "deleted": 0.0, "variables": { "x": 1664.0, "flipX": 0.0, "y": -288.0, "flipY": 0.0 }, "object": 517.0 }, { "layer": 1.0, "deleted": 0.0, "variables": { "x": 1632.0, "flipX": 0.0, "y": -288.0, "flipY": 0.0 }, "object": 517.0 }, { "layer": 1.0, "deleted": 0.0, "variables": { "x": 1600.0, "flipX": 0.0, "y": -288.0, "flipY": 0.0 }, "object": 517.0 }, { "layer": 1.0, "deleted": 0.0, "variables": { "x": 1568.0, "flipX": 0.0, "y": -288.0, "flipY": 0.0 }, "object": 517.0 }, { "layer": 1.0, "deleted": 0.0, "variables": { "x": 1536.0, "flipX": 0.0, "y": -288.0, "flipY": 0.0 }, "object": 517.0 }, { "layer": 1.0, "deleted": 0.0, "variables": { "x": 1504.0, "flipX": 0.0, "y": -288.0, "flipY": 0.0 }, "object": 517.0 }, { "layer": 1.0, "deleted": 0.0, "variables": { "x": 1472.0, "flipX": 0.0, "y": -288.0, "flipY": 0.0 }, "object": 517.0 }, { "layer": 1.0, "deleted": 0.0, "variables": { "x": 1440.0, "flipX": 0.0, "y": -288.0, "flipY": 0.0 }, "object": 517.0 }, { "layer": 1.0, "deleted": 0.0, "variables": { "x": 1440.0, "flipX": 0.0, "y": -256.0, "flipY": 0.0 }, "object": 517.0 }, { "layer": 1.0, "deleted": 0.0, "variables": { "x": 1440.0, "flipX": 0.0, "y": -224.0, "flipY": 0.0 }, "object": 517.0 }, { "layer": 1.0, "deleted": 0.0, "variables": { "x": 1440.0, "flipX": 0.0, "y": -192.0, "flipY": 0.0 }, "object": 517.0 }, { "layer": 1.0, "deleted": 0.0, "variables": { "x": 1440.0, "flipX": 0.0, "y": -160.0, "flipY": 0.0 }, "object": 517.0 }, { "layer": 1.0, "deleted": 0.0, "variables": { "x": 1440.0, "flipX": 0.0, "y": -128.0, "flipY": 0.0 }, "object": 517.0 }, { "layer": 1.0, "deleted": 0.0, "variables": { "x": 1440.0, "flipX": 0.0, "y": -96.0, "flipY": 0.0 }, "object": 517.0 }, { "layer": 1.0, "deleted": 0.0, "variables": { "x": 1440.0, "flipX": 0.0, "y": -64.0, "flipY": 0.0 }, "object": 517.0 }, { "layer": 1.0, "deleted": 0.0, "variables": { "x": 1440.0, "flipX": 0.0, "y": -32.0, "flipY": 0.0 }, "object": 517.0 }, { "layer": 1.0, "deleted": 0.0, "variables": { "x": 1440.0, "flipX": 0.0, "y": 0.0, "flipY": 0.0 }, "object": 517.0 }, { "layer": 1.0, "deleted": 0.0, "variables": { "x": 1440.0, "flipX": 0.0, "y": 32.0, "flipY": 0.0 }, "object": 517.0 }, { "layer": 1.0, "deleted": 0.0, "variables": { "x": 1440.0, "flipX": 0.0, "y": 64.0, "flipY": 0.0 }, "object": 517.0 }, { "layer": 1.0, "deleted": 0.0, "variables": { "x": 1440.0, "flipX": 0.0, "y": 96.0, "flipY": 0.0 }, "object": 517.0 }, { "layer": 1.0, "deleted": 0.0, "variables": { "x": 1440.0, "flipX": 0.0, "y": 128.0, "flipY": 0.0 }, "object": 517.0 }, { "layer": 1.0, "deleted": 0.0, "variables": { "x": 1440.0, "flipX": 0.0, "y": 160.0, "flipY": 0.0 }, "object": 517.0 }, { "layer": 1.0, "deleted": 0.0, "variables": { "x": 1824.0, "flipX": 0.0, "y": 160.0, "flipY": 0.0 }, "object": 517.0 }, { "layer": 1.0, "deleted": 0.0, "variables": { "x": 1600.0, "flipX": 0.0, "y": 160.0, "flipY": 0.0 }, "object": 517.0 }, { "layer": 1.0, "deleted": 0.0, "variables": { "x": 1472.0, "flipX": 0.0, "y": 160.0, "flipY": 0.0 }, "object": 517.0 }, { "layer": 1.0, "deleted": 0.0, "variables": { "x": 1504.0, "flipX": 0.0, "y": 160.0, "flipY": 0.0 }, "object": 517.0 }, { "layer": 1.0, "deleted": 0.0, "variables": { "x": 1536.0, "flipX": 0.0, "y": 160.0, "flipY": 0.0 }, "object": 517.0 }, { "layer": 1.0, "deleted": 0.0, "variables": { "x": 1568.0, "flipX": 0.0, "y": 160.0, "flipY": 0.0 }, "object": 517.0 }, { "layer": 1.0, "deleted": 0.0, "variables": { "x": 1632.0, "flipX": 0.0, "y": 160.0, "flipY": 0.0 }, "object": 517.0 }, { "layer": 1.0, "deleted": 0.0, "variables": { "x": 1664.0, "flipX": 0.0, "y": 160.0, "flipY": 0.0 }, "object": 517.0 }, { "layer": 1.0, "deleted": 0.0, "variables": { "x": 1696.0, "flipX": 0.0, "y": 160.0, "flipY": 0.0 }, "object": 517.0 }, { "layer": 1.0, "deleted": 0.0, "variables": { "x": 1728.0, "flipX": 0.0, "y": 160.0, "flipY": 0.0 }, "object": 517.0 }, { "layer": 1.0, "deleted": 0.0, "variables": { "x": 1760.0, "flipX": 0.0, "y": 160.0, "flipY": 0.0 }, "object": 517.0 }, { "layer": 1.0, "deleted": 0.0, "variables": { "x": 1792.0, "flipX": 0.0, "y": 160.0, "flipY": 0.0 }, "object": 517.0 }, { "layer": 1.0, "deleted": 0.0, "variables": { "x": 1856.0, "flipX": 0.0, "y": 160.0, "flipY": 0.0 }, "object": 517.0 }, { "layer": 1.0, "deleted": 0.0, "variables": { "x": 1888.0, "flipX": 0.0, "y": 160.0, "flipY": 0.0 }, "object": 517.0 }, { "layer": 1.0, "deleted": 0.0, "variables": { "x": 1920.0, "flipX": 0.0, "y": 160.0, "flipY": 0.0 }, "object": 517.0 }, { "layer": 1.0, "deleted": 0.0, "variables": { "x": 1920.0, "flipX": 0.0, "y": 192.0, "flipY": 0.0 }, "object": 517.0 }, { "layer": 1.0, "deleted": 0.0, "variables": { "x": 1888.0, "flipX": 0.0, "y": 192.0, "flipY": 0.0 }, "object": 517.0 }, { "layer": 1.0, "deleted": 0.0, "variables": { "x": 1856.0, "flipX": 0.0, "y": 192.0, "flipY": 0.0 }, "object": 517.0 }, { "layer": 1.0, "deleted": 0.0, "variables": { "x": 1824.0, "flipX": 0.0, "y": 192.0, "flipY": 0.0 }, "object": 517.0 }, { "layer": 1.0, "deleted": 0.0, "variables": { "x": 1792.0, "flipX": 0.0, "y": 192.0, "flipY": 0.0 }, "object": 517.0 }, { "layer": 1.0, "deleted": 0.0, "variables": { "x": 1760.0, "flipX": 0.0, "y": 192.0, "flipY": 0.0 }, "object": 517.0 }, { "layer": 1.0, "deleted": 0.0, "variables": { "x": 1728.0, "flipX": 0.0, "y": 192.0, "flipY": 0.0 }, "object": 517.0 }, { "layer": 1.0, "deleted": 0.0, "variables": { "x": 1696.0, "flipX": 0.0, "y": 192.0, "flipY": 0.0 }, "object": 517.0 }, { "layer": 1.0, "deleted": 0.0, "variables": { "x": 1664.0, "flipX": 0.0, "y": 192.0, "flipY": 0.0 }, "object": 517.0 }, { "layer": 1.0, "deleted": 0.0, "variables": { "x": 1632.0, "flipX": 0.0, "y": 192.0, "flipY": 0.0 }, "object": 517.0 }, { "layer": 1.0, "deleted": 0.0, "variables": { "x": 1600.0, "flipX": 0.0, "y": 192.0, "flipY": 0.0 }, "object": 517.0 }, { "layer": 1.0, "deleted": 0.0, "variables": { "x": 1568.0, "flipX": 0.0, "y": 192.0, "flipY": 0.0 }, "object": 517.0 }, { "layer": 1.0, "deleted": 0.0, "variables": { "x": 1536.0, "flipX": 0.0, "y": 192.0, "flipY": 0.0 }, "object": 517.0 }, { "layer": 1.0, "deleted": 0.0, "variables": { "x": 1504.0, "flipX": 0.0, "y": 192.0, "flipY": 0.0 }, "object": 517.0 }, { "layer": 1.0, "deleted": 0.0, "variables": { "x": 1472.0, "flipX": 0.0, "y": 192.0, "flipY": 0.0 }, "object": 517.0 }, { "layer": 1.0, "deleted": 0.0, "variables": { "x": 1440.0, "flipX": 0.0, "y": 192.0, "flipY": 0.0 }, "object": 517.0 }, { "layer": 1.0, "deleted": 0.0, "variables": { "x": 1408.0, "flipX": 0.0, "y": 192.0, "flipY": 0.0 }, "object": 517.0 }, { "layer": 1.0, "deleted": 0.0, "variables": { "x": 1376.0, "flipX": 0.0, "y": 192.0, "flipY": 0.0 }, "object": 517.0 }, { "layer": 1.0, "deleted": 0.0, "variables": { "x": 1376.0, "flipX": 0.0, "y": 160.0, "flipY": 0.0 }, "object": 517.0 }, { "layer": 1.0, "deleted": 0.0, "variables": { "x": 1376.0, "flipX": 0.0, "y": 128.0, "flipY": 0.0 }, "object": 517.0 }, { "layer": 1.0, "deleted": 0.0, "variables": { "x": 1376.0, "flipX": 0.0, "y": 96.0, "flipY": 0.0 }, "object": 517.0 }, { "layer": 1.0, "deleted": 0.0, "variables": { "x": 1376.0, "flipX": 0.0, "y": 64.0, "flipY": 0.0 }, "object": 517.0 }, { "layer": 1.0, "deleted": 0.0, "variables": { "x": 1376.0, "flipX": 0.0, "y": 32.0, "flipY": 0.0 }, "object": 517.0 }, { "layer": 1.0, "deleted": 0.0, "variables": { "x": 1376.0, "flipX": 0.0, "y": 0.0, "flipY": 0.0 }, "object": 517.0 }, { "layer": 1.0, "deleted": 0.0, "variables": { "x": 1376.0, "flipX": 0.0, "y": -32.0, "flipY": 0.0 }, "object": 517.0 }, { "layer": 1.0, "deleted": 0.0, "variables": { "x": 1376.0, "flipX": 0.0, "y": -64.0, "flipY": 0.0 }, "object": 517.0 }, { "layer": 1.0, "deleted": 0.0, "variables": { "x": 1376.0, "flipX": 0.0, "y": -96.0, "flipY": 0.0 }, "object": 517.0 }, { "layer": 1.0, "deleted": 0.0, "variables": { "x": 1376.0, "flipX": 0.0, "y": -128.0, "flipY": 0.0 }, "object": 517.0 }, { "layer": 1.0, "deleted": 0.0, "variables": { "x": 1376.0, "flipX": 0.0, "y": -160.0, "flipY": 0.0 }, "object": 517.0 }, { "layer": 1.0, "deleted": 0.0, "variables": { "x": 1376.0, "flipX": 0.0, "y": -192.0, "flipY": 0.0 }, "object": 517.0 }, { "layer": 1.0, "deleted": 0.0, "variables": { "x": 1376.0, "flipX": 0.0, "y": -224.0, "flipY": 0.0 }, "object": 517.0 }, { "layer": 1.0, "deleted": 0.0, "variables": { "x": 1376.0, "flipX": 0.0, "y": -256.0, "flipY": 0.0 }, "object": 517.0 }, { "layer": 1.0, "deleted": 0.0, "variables": { "x": 1376.0, "flipX": 0.0, "y": -288.0, "flipY": 0.0 }, "object": 517.0 }, { "layer": 1.0, "deleted": 0.0, "variables": { "x": 1344.0, "flipX": 0.0, "y": -288.0, "flipY": 0.0 }, "object": 517.0 }, { "layer": 1.0, "deleted": 0.0, "variables": { "x": 1312.0, "flipX": 0.0, "y": -288.0, "flipY": 0.0 }, "object": 517.0 }, { "layer": 1.0, "deleted": 0.0, "variables": { "x": 1280.0, "flipX": 0.0, "y": -288.0, "flipY": 0.0 }, "object": 517.0 }, { "layer": 1.0, "deleted": 0.0, "variables": { "x": 1248.0, "flipX": 0.0, "y": -288.0, "flipY": 0.0 }, "object": 517.0 }, { "layer": 1.0, "deleted": 0.0, "variables": { "x": 1216.0, "flipX": 0.0, "y": -288.0, "flipY": 0.0 }, "object": 517.0 }, { "layer": 1.0, "deleted": 0.0, "variables": { "x": 1184.0, "flipX": 0.0, "y": -288.0, "flipY": 0.0 }, "object": 517.0 }, { "layer": 1.0, "deleted": 0.0, "variables": { "x": 1152.0, "flipX": 0.0, "y": -288.0, "flipY": 0.0 }, "object": 517.0 }, { "layer": 1.0, "deleted": 0.0, "variables": { "x": 1120.0, "flipX": 0.0, "y": -288.0, "flipY": 0.0 }, "object": 517.0 }, { "layer": 1.0, "deleted": 0.0, "variables": { "x": 1088.0, "flipX": 0.0, "y": -288.0, "flipY": 0.0 }, "object": 517.0 }, { "layer": 1.0, "deleted": 0.0, "variables": { "x": 1056.0, "flipX": 0.0, "y": -288.0, "flipY": 0.0 }, "object": 517.0 }, { "layer": 1.0, "deleted": 0.0, "variables": { "x": 1024.0, "flipX": 0.0, "y": -288.0, "flipY": 0.0 }, "object": 517.0 }, { "layer": 1.0, "deleted": 0.0, "variables": { "x": 992.0, "flipX": 0.0, "y": -288.0, "flipY": 0.0 }, "object": 517.0 }, { "layer": 1.0, "deleted": 0.0, "variables": { "x": 960.0, "flipX": 0.0, "y": -288.0, "flipY": 0.0 }, "object": 517.0 }, { "layer": 1.0, "deleted": 0.0, "variables": { "x": 928.0, "flipX": 0.0, "y": -288.0, "flipY": 0.0 }, "object": 517.0 }, { "layer": 1.0, "deleted": 0.0, "variables": { "x": 896.0, "flipX": 0.0, "y": -288.0, "flipY": 0.0 }, "object": 517.0 }, { "layer": 1.0, "deleted": 0.0, "variables": { "x": 864.0, "flipX": 0.0, "y": -288.0, "flipY": 0.0 }, "object": 517.0 }, { "layer": 1.0, "deleted": 0.0, "variables": { "x": 832.0, "flipX": 0.0, "y": -288.0, "flipY": 0.0 }, "object": 517.0 }, { "layer": 1.0, "deleted": 0.0, "variables": { "x": 800.0, "flipX": 0.0, "y": -288.0, "flipY": 0.0 }, "object": 517.0 }, { "layer": 1.0, "deleted": 0.0, "variables": { "x": 768.0, "flipX": 0.0, "y": -288.0, "flipY": 0.0 }, "object": 517.0 }, { "layer": 1.0, "deleted": 0.0, "variables": { "x": 736.0, "flipX": 0.0, "y": -288.0, "flipY": 0.0 }, "object": 517.0 }, { "layer": 1.0, "deleted": 0.0, "variables": { "x": 704.0, "flipX": 0.0, "y": -288.0, "flipY": 0.0 }, "object": 517.0 }, { "layer": 1.0, "deleted": 0.0, "variables": { "x": 672.0, "flipX": 0.0, "y": -288.0, "flipY": 0.0 }, "object": 517.0 }, { "layer": 1.0, "deleted": 0.0, "variables": { "x": 640.0, "flipX": 0.0, "y": -288.0, "flipY": 0.0 }, "object": 517.0 }, { "layer": 1.0, "deleted": 0.0, "variables": { "x": 608.0, "flipX": 0.0, "y": -288.0, "flipY": 0.0 }, "object": 517.0 }, { "layer": 1.0, "deleted": 0.0, "variables": { "x": 576.0, "flipX": 0.0, "y": -288.0, "flipY": 0.0 }, "object": 517.0 }, { "layer": 1.0, "deleted": 0.0, "variables": { "x": 544.0, "flipX": 0.0, "y": -288.0, "flipY": 0.0 }, "object": 517.0 }, { "layer": 1.0, "deleted": 0.0, "variables": { "x": 512.0, "flipX": 0.0, "y": -288.0, "flipY": 0.0 }, "object": 517.0 }, { "layer": 1.0, "deleted": 0.0, "variables": { "x": 480.0, "flipX": 0.0, "y": -288.0, "flipY": 0.0 }, "object": 517.0 }, { "layer": 1.0, "deleted": 0.0, "variables": { "x": 448.0, "flipX": 0.0, "y": -288.0, "flipY": 0.0 }, "object": 517.0 }, { "layer": 1.0, "deleted": 0.0, "variables": { "x": 416.0, "flipX": 0.0, "y": -288.0, "flipY": 0.0 }, "object": 517.0 }, { "layer": 1.0, "deleted": 0.0, "variables": { "x": 384.0, "flipX": 0.0, "y": -288.0, "flipY": 0.0 }, "object": 517.0 }, { "layer": 1.0, "deleted": 0.0, "variables": { "x": 352.0, "flipX": 0.0, "y": -288.0, "flipY": 0.0 }, "object": 517.0 }, { "layer": 1.0, "deleted": 0.0, "variables": { "x": 320.0, "flipX": 0.0, "y": -288.0, "flipY": 0.0 }, "object": 517.0 }, { "layer": 1.0, "deleted": 0.0, "variables": { "x": 288.0, "flipX": 0.0, "y": -288.0, "flipY": 0.0 }, "object": 517.0 }, { "layer": 1.0, "deleted": 0.0, "variables": { "x": 256.0, "flipX": 0.0, "y": -288.0, "flipY": 0.0 }, "object": 517.0 }, { "layer": 1.0, "deleted": 0.0, "variables": { "x": 224.0, "flipX": 0.0, "y": -288.0, "flipY": 0.0 }, "object": 517.0 }, { "layer": 1.0, "deleted": 0.0, "variables": { "x": 160.0, "y": 192.5, "image_xscale": 0.0, "image_yscale": 0.0, "flipX": 0.0, "flipY": 0.0 }, "object": 799.0 }, { "layer": 1.0, "deleted": 0.0, "variables": { "x": 192.0, "flipX": 0.0, "y": -288.0, "flipY": 0.0 }, "object": 517.0 }, { "layer": 1.0, "deleted": 0.0, "variables": { "x": 160.0, "flipX": 0.0, "y": -288.0, "flipY": 0.0 }, "object": 517.0 }, { "layer": 1.0, "deleted": 0.0, "variables": { "x": 128.0, "flipX": 0.0, "y": -288.0, "flipY": 0.0 }, "object": 517.0 }, { "layer": 1.0, "deleted": 0.0, "variables": { "x": 96.0, "flipX": 0.0, "y": -288.0, "flipY": 0.0 }, "object": 517.0 }, { "layer": 1.0, "deleted": 0.0, "variables": { "x": 64.0, "flipX": 0.0, "y": -288.0, "flipY": 0.0 }, "object": 517.0 }, { "layer": 1.0, "deleted": 0.0, "variables": { "x": 32.0, "flipX": 0.0, "y": -288.0, "flipY": 0.0 }, "object": 517.0 }, { "layer": 1.0, "deleted": 0.0, "variables": { "x": 0.0, "flipX": 0.0, "y": -288.0, "flipY": 0.0 }, "object": 517.0 }, { "layer": 1.0, "deleted": 0.0, "variables": { "x": 0.0, "flipX": 0.0, "y": -256.0, "flipY": 0.0 }, "object": 517.0 }, { "layer": 1.0, "deleted": 0.0, "variables": { "x": 0.0, "flipX": 0.0, "y": -224.0, "flipY": 0.0 }, "object": 517.0 }, { "layer": 1.0, "deleted": 0.0, "variables": { "x": 0.0, "flipX": 0.0, "y": -192.0, "flipY": 0.0 }, "object": 517.0 }, { "layer": 1.0, "deleted": 0.0, "variables": { "x": 0.0, "flipX": 0.0, "y": -160.0, "flipY": 0.0 }, "object": 517.0 }, { "layer": 1.0, "deleted": 0.0, "variables": { "x": 0.0, "flipX": 0.0, "y": -128.0, "flipY": 0.0 }, "object": 517.0 }, { "layer": 1.0, "deleted": 0.0, "variables": { "x": 0.0, "flipX": 0.0, "y": -96.0, "flipY": 0.0 }, "object": 517.0 }, { "layer": 1.0, "deleted": 0.0, "variables": { "x": 0.0, "flipX": 0.0, "y": -64.0, "flipY": 0.0 }, "object": 517.0 }, { "layer": 1.0, "deleted": 0.0, "variables": { "x": 0.0, "flipX": 0.0, "y": -32.0, "flipY": 0.0 }, "object": 517.0 }, { "layer": 1.0, "deleted": 0.0, "variables": { "x": 0.0, "flipX": 0.0, "y": 0.0, "flipY": 0.0 }, "object": 517.0 }, { "layer": 1.0, "deleted": 0.0, "variables": { "x": 0.0, "flipX": 0.0, "y": 32.0, "flipY": 0.0 }, "object": 517.0 }, { "layer": 1.0, "deleted": 0.0, "variables": { "x": 0.0, "flipX": 0.0, "y": 64.0, "flipY": 0.0 }, "object": 517.0 }, { "layer": 1.0, "deleted": 0.0, "variables": { "x": 0.0, "flipX": 0.0, "y": 96.0, "flipY": 0.0 }, "object": 517.0 }, { "layer": 1.0, "deleted": 0.0, "variables": { "x": 0.0, "flipX": 0.0, "y": 128.0, "flipY": 0.0 }, "object": 517.0 }, { "layer": 1.0, "deleted": 0.0, "variables": { "x": 0.0, "flipX": 0.0, "y": 160.0, "flipY": 0.0 }, "object": 517.0 }, { "layer": 1.0, "deleted": 0.0, "variables": { "x": 0.0, "flipX": 0.0, "y": 192.0, "flipY": 0.0 }, "object": 517.0 }, { "layer": 1.0, "deleted": 0.0, "variables": { "x": 0.0, "flipX": 0.0, "y": 224.0, "flipY": 0.0 }, "object": 517.0 }, { "layer": 1.0, "deleted": 0.0, "variables": { "x": 0.0, "flipX": 0.0, "y": 256.0, "flipY": 0.0 }, "object": 517.0 }, { "layer": 1.0, "deleted": 0.0, "variables": { "x": 0.0, "flipX": 0.0, "y": 288.0, "flipY": 0.0 }, "object": 517.0 }, { "layer": 1.0, "deleted": 0.0, "variables": { "x": 0.0, "flipX": 0.0, "y": 512.0, "flipY": 0.0 }, "object": 517.0 }, { "layer": 1.0, "deleted": 0.0, "variables": { "x": 32.0, "flipX": 0.0, "y": 512.0, "flipY": 0.0 }, "object": 517.0 }, { "layer": 1.0, "deleted": 0.0, "variables": { "x": 1600.0, "y": 17.0, "image_xscale": 1.0, "image_yscale": 1.0, "flipX": 0.0, "flipY": 0.0, "levelName": "The Bomb" }, "object": 799.0 }, { "layer": 1.0, "deleted": 0.0, "variables": { "x": 256.0, "y": 459.0, "image_xscale": 1.0, "image_yscale": 1.0, "text": "Hi!", "flipX": 0.0, "flipY": 0.0 }, "object": 495.0 }, { "layer": 1.0, "deleted": 0.0, "variables": { "x": 64.0, "flipX": 0.0, "y": 512.0, "flipY": 0.0 }, "object": 517.0 }, { "layer": 1.0, "deleted": 0.0, "variables": { "x": 512.0, "y": 305.0, "image_xscale": 1.0, "image_yscale": 1.0, "flipX": 0.0, "flipY": 0.0, "levelName": "COW" }, "object": 799.0 }, { "layer": 1.0, "deleted": 0.0, "variables": { "x": 704.0, "y": 352.0, "image_xscale": 1.0, "image_yscale": 1.0, "level": "COW", "flipX": 0.0, "flipY": 0.0 }, "object": 257.0 }, { "layer": 1.0, "deleted": 0.0, "variables": { "x": 96.0, "flipX": 0.0, "y": 512.0, "flipY": 0.0 }, "object": 517.0 }, { "layer": 1.0, "deleted": 0.0, "variables": { "x": 1152.0, "flipX": 0.0, "y": 416.0, "flipY": 0.0 }, "object": 425.0 }, { "layer": 1.0, "deleted": 0.0, "variables": { "x": 128.0, "flipX": 0.0, "y": 512.0, "flipY": 0.0 }, "object": 517.0 }, { "layer": 1.0, "deleted": 0.0, "variables": { "x": 160.0, "flipX": 0.0, "y": 512.0, "flipY": 0.0 }, "object": 517.0 }, { "layer": 1.0, "deleted": 0.0, "variables": { "x": 192.0, "flipX": 0.0, "y": 512.0, "flipY": 0.0 }, "object": 517.0 }, { "layer": 1.0, "deleted": 0.0, "variables": { "x": 224.0, "flipX": 0.0, "y": 512.0, "flipY": 0.0 }, "object": 517.0 }, { "layer": 1.0, "deleted": 0.0, "variables": { "x": 256.0, "flipX": 0.0, "y": 512.0, "flipY": 0.0 }, "object": 517.0 }, { "layer": 1.0, "deleted": 0.0, "variables": { "x": 288.0, "flipX": 0.0, "y": 512.0, "flipY": 0.0 }, "object": 517.0 }, { "layer": 1.0, "deleted": 0.0, "variables": { "x": 320.0, "flipX": 0.0, "y": 512.0, "flipY": 0.0 }, "object": 517.0 }, { "layer": 1.0, "deleted": 0.0, "variables": { "x": 352.0, "flipX": 0.0, "y": 512.0, "flipY": 0.0 }, "object": 517.0 }, { "layer": 1.0, "deleted": 0.0, "variables": { "x": 384.0, "flipX": 0.0, "y": 512.0, "flipY": 0.0 }, "object": 517.0 }, { "layer": 1.0, "deleted": 0.0, "variables": { "x": 384.0, "flipX": 0.0, "y": 480.0, "flipY": 0.0 }, "object": 517.0 }, { "layer": 1.0, "deleted": 0.0, "variables": { "x": 896.0, "flipX": 0.0, "y": 448.0, "flipY": 0.0 }, "object": 517.0 }, { "layer": 1.0, "deleted": 0.0, "variables": { "x": 576.0, "flipX": 0.0, "y": 448.0, "flipY": 0.0 }, "object": 517.0 }, { "layer": 1.0, "deleted": 0.0, "variables": { "x": 544.0, "flipX": 0.0, "y": 448.0, "flipY": 0.0 }, "object": 517.0 }, { "layer": 1.0, "deleted": 0.0, "variables": { "x": 512.0, "flipX": 0.0, "y": 448.0, "flipY": 0.0 }, "object": 517.0 }, { "layer": 1.0, "deleted": 0.0, "variables": { "x": 480.0, "flipX": 0.0, "y": 448.0, "flipY": 0.0 }, "object": 517.0 }, { "layer": 1.0, "deleted": 0.0, "variables": { "x": 448.0, "flipX": 0.0, "y": 448.0, "flipY": 0.0 }, "object": 517.0 }, { "layer": 1.0, "deleted": 0.0, "variables": { "x": 416.0, "flipX": 0.0, "y": 448.0, "flipY": 0.0 }, "object": 517.0 }, { "layer": 1.0, "deleted": 0.0, "variables": { "x": 384.0, "flipX": 0.0, "y": 448.0, "flipY": 0.0 }, "object": 517.0 }, { "layer": 0.0, "deleted": 0.0, "variables": { "x": 384.0, "flipX": 0.0, "y": 32.0, "flipY": 0.0 }, "object": 517.0 }, { "layer": 0.0, "deleted": 0.0, "variables": { "x": 352.0, "flipX": 0.0, "y": 32.0, "flipY": 0.0 }, "object": 517.0 }, { "layer": 0.0, "deleted": 0.0, "variables": { "x": 320.0, "flipX": 0.0, "y": 32.0, "flipY": 0.0 }, "object": 517.0 }, { "layer": 0.0, "deleted": 0.0, "variables": { "x": 288.0, "flipX": 0.0, "y": 32.0, "flipY": 0.0 }, "object": 517.0 }, { "layer": 0.0, "deleted": 0.0, "variables": { "x": 256.0, "flipX": 0.0, "y": 32.0, "flipY": 0.0 }, "object": 517.0 }, { "layer": 0.0, "deleted": 0.0, "variables": { "x": 256.0, "flipX": 0.0, "y": 0.0, "flipY": 0.0 }, "object": 517.0 }, { "layer": 0.0, "deleted": 0.0, "variables": { "x": 256.0, "flipX": 0.0, "y": -32.0, "flipY": 0.0 }, "object": 517.0 }, { "layer": 0.0, "deleted": 0.0, "variables": { "x": 256.0, "flipX": 0.0, "y": -64.0, "flipY": 0.0 }, "object": 517.0 }, { "layer": 0.0, "deleted": 0.0, "variables": { "x": 256.0, "flipX": 0.0, "y": -96.0, "flipY": 0.0 }, "object": 517.0 }, { "layer": 0.0, "deleted": 0.0, "variables": { "x": 256.0, "flipX": 0.0, "y": -128.0, "flipY": 0.0 }, "object": 517.0 }, { "layer": 0.0, "deleted": 0.0, "variables": { "x": 256.0, "flipX": 0.0, "y": -160.0, "flipY": 0.0 }, "object": 517.0 }, { "layer": 0.0, "deleted": 0.0, "variables": { "x": 256.0, "flipX": 0.0, "y": -192.0, "flipY": 0.0 }, "object": 517.0 }, { "layer": 0.0, "deleted": 0.0, "variables": { "x": 256.0, "flipX": 0.0, "y": -224.0, "flipY": 0.0 }, "object": 517.0 }, { "layer": 0.0, "deleted": 0.0, "variables": { "x": 256.0, "flipX": 0.0, "y": -256.0, "flipY": 0.0 }, "object": 517.0 } ], "tile_data": { "8": { }, "-2": { }, "2": { }, "6": { }, "7": { }, "0": { "-32_-640": { "autotile": 1.0, "autotile_index": 0.0, "tileset": "tile_tower", "coord": [ 0.0, 0.0 ] }, "-32_-672": { "autotile": 1.0, "autotile_index": 0.0, "tileset": "tile_tower", "coord": [ 0.0, 0.0 ] } }, "3": { }, "10": { }, "9": { }, "5": { "992_-320": { "autotile": 1.0, "autotile_index": 0.0, "tileset": "spr_towerentrancehall", "coord": [ 0.0, 0.0 ] }, "-32_320": { "autotile": 1.0, "autotile_index": 0.0, "tileset": "spr_towerentrancehall", "coord": [ 0.0, 0.0 ] }, "2112_160": { "autotile": 1.0, "autotile_index": 0.0, "tileset": "spr_towerentrancehall", "coord": [ 0.0, 0.0 ] }, "1472_192": { "autotile": 1.0, "autotile_index": 0.0, "tileset": "spr_towerentrancehall", "coord": [ 11.0, 5.0 ] }, "1696_512": { "autotile": 1.0, "autotile_index": 0.0, "tileset": "spr_towerentrancehall", "coord": [ 11.0, 0.0 ] }, "1600_192": { "autotile": 1.0, "autotile_index": 0.0, "tileset": "spr_towerentrancehall", "coord": [ 11.0, 5.0 ] }, "224_-224": { "autotile": 1.0, "autotile_index": 0.0, "tileset": "spr_minigolfprops", "coord": [ 0.0, 23.0 ] }, "0_256": { "autotile": 1.0, "autotile_index": 0.0, "tileset": "spr_towerentrancehall", "coord": [ 14.0, 3.0 ] }, "1184_-320": { "autotile": 1.0, "autotile_index": 0.0, "tileset": "spr_towerentrancehall", "coord": [ 0.0, 0.0 ] }, "1792_-320": { "autotile": 1.0, "autotile_index": 0.0, "tileset": "spr_towerentrancehall", "coord": [ 0.0, 0.0 ] }, "928_-320": { "autotile": 1.0, "autotile_index": 0.0, "tileset": "spr_towerentrancehall", "coord": [ 0.0, 0.0 ] }, "2080_480": { "autotile": 1.0, "autotile_index": 0.0, "tileset": "spr_towerentrancehall", "coord": [ 9.0, 3.0 ] }, "32_544": { "autotile": 1.0, "autotile_index": 0.0, "tileset": "spr_towerentrancehall", "coord": [ 0.0, 0.0 ] }, "1440_-192": { "autotile": 1.0, "autotile_index": 0.0, "tileset": "spr_towerentrancehall", "coord": [ 14.0, 3.0 ] }, "704_512": { "autotile": 1.0, "autotile_index": 0.0, "tileset": "spr_towerentrancehall", "coord": [ 11.0, 2.0 ] }, "256_-32": { "autotile": 1.0, "autotile_index": 0.0, "tileset": "spr_minigolfprops", "coord": [ 4.0, 22.0 ] }, "-32_-64": { "autotile": 1.0, "autotile_index": 0.0, "tileset": "spr_towerentrancehall", "coord": [ 0.0, 0.0 ] }, "1440_544": { "autotile": 1.0, "autotile_index": 0.0, "tileset": "spr_towerentrancehall", "coord": [ 0.0, 0.0 ] }, "2112_544": { "autotile": 1.0, "autotile_index": 0.0, "tileset": "spr_towerentrancehall", "coord": [ 0.0, 0.0 ] }, "1280_-288": { "autotile": 1.0, "autotile_index": 0.0, "tileset": "spr_towerentrancehall", "coord": [ 12.0, 5.0 ] }, "1760_544": { "autotile": 1.0, "autotile_index": 0.0, "tileset": "spr_towerentrancehall", "coord": [ 0.0, 0.0 ] }, "864_480": { "autotile": 1.0, "autotile_index": 0.0, "tileset": "spr_towerentrancehall", "coord": [ 13.0, 1.0 ] }, "1632_512": { "autotile": 1.0, "autotile_index": 0.0, "tileset": "spr_towerentrancehall", "coord": [ 10.0, 0.0 ] }, "320_544": { "autotile": 1.0, "autotile_index": 0.0, "tileset": "spr_towerentrancehall", "coord": [ 0.0, 0.0 ] }, "1120_512": { "autotile": 1.0, "autotile_index": 0.0, "tileset": "spr_towerentrancehall", "coord": [ 12.0, 0.0 ] }, "736_512": { "autotile": 1.0, "autotile_index": 0.0, "tileset": "spr_towerentrancehall", "coord": [ 11.0, 2.0 ] }, "1376_544": { "autotile": 1.0, "autotile_index": 0.0, "tileset": "spr_towerentrancehall", "coord": [ 0.0, 0.0 ] }, "544_-288": { "autotile": 1.0, "autotile_index": 0.0, "tileset": "spr_towerentrancehall", "coord": [ 12.0, 5.0 ] }, "800_-320": { "autotile": 1.0, "autotile_index": 0.0, "tileset": "spr_towerentrancehall", "coord": [ 0.0, 0.0 ] }, "1408_192": { "autotile": 1.0, "autotile_index": 0.0, "tileset": "spr_towerentrancehall", "coord": [ 12.0, 5.0 ] }, "320_-320": { "autotile": 1.0, "autotile_index": 0.0, "tileset": "spr_towerentrancehall", "coord": [ 0.0, 0.0 ] }, "1312_544": { "autotile": 1.0, "autotile_index": 0.0, "tileset": "spr_towerentrancehall", "coord": [ 0.0, 0.0 ] }, "416_-288": { "autotile": 1.0, "autotile_index": 0.0, "tileset": "spr_towerentrancehall", "coord": [ 11.0, 5.0 ] }, "1376_-32": { "autotile": 1.0, "autotile_index": 0.0, "tileset": "spr_towerentrancehall", "coord": [ 9.0, 2.0 ] }, "416_32": { "autotile": 1.0, "autotile_index": 0.0, "tileset": "spr_sewer1props", "coord": [ 2.0, 12.0 ] }, "-32_256": { "autotile": 1.0, "autotile_index": 0.0, "tileset": "spr_towerentrancehall", "coord": [ 0.0, 0.0 ] }, "0_96": { "autotile": 1.0, "autotile_index": 0.0, "tileset": "spr_towerentrancehall", "coord": [ 14.0, 3.0 ] }, "128_544": { "autotile": 1.0, "autotile_index": 0.0, "tileset": "spr_towerentrancehall", "coord": [ 0.0, 0.0 ] }, "1728_-288": { "autotile": 1.0, "autotile_index": 0.0, "tileset": "spr_towerentrancehall", "coord": [ 12.0, 5.0 ] }, "2080_-64": { "autotile": 1.0, "autotile_index": 0.0, "tileset": "spr_towerentrancehall", "coord": [ 9.0, 2.0 ] }, "0_32": { "autotile": 1.0, "autotile_index": 0.0, "tileset": "spr_towerentrancehall", "coord": [ 14.0, 1.0 ] }, "2112_-96": { "autotile": 1.0, "autotile_index": 0.0, "tileset": "spr_towerentrancehall", "coord": [ 0.0, 0.0 ] }, "352_-320": { "autotile": 1.0, "autotile_index": 0.0, "tileset": "spr_towerentrancehall", "coord": [ 0.0, 0.0 ] }, "96_-288": { "autotile": 1.0, "autotile_index": 0.0, "tileset": "spr_towerentrancehall", "coord": [ 12.0, 5.0 ] }, "0_160": { "autotile": 1.0, "autotile_index": 0.0, "tileset": "spr_towerentrancehall", "coord": [ 14.0, 2.0 ] }, "1312_-320": { "autotile": 1.0, "autotile_index": 0.0, "tileset": "spr_towerentrancehall", "coord": [ 0.0, 0.0 ] }, "-32_32": { "autotile": 1.0, "autotile_index": 0.0, "tileset": "spr_towerentrancehall", "coord": [ 0.0, 0.0 ] }, "224_-320": { "autotile": 1.0, "autotile_index": 0.0, "tileset": "spr_towerentrancehall", "coord": [ 0.0, 0.0 ] }, "480_512": { "autotile": 1.0, "autotile_index": 0.0, "tileset": "spr_towerentrancehall", "coord": [ 11.0, 2.0 ] }, "1920_-320": { "autotile": 1.0, "autotile_index": 0.0, "tileset": "spr_towerentrancehall", "coord": [ 0.0, 0.0 ] }, "512_512": { "autotile": 1.0, "autotile_index": 0.0, "tileset": "spr_towerentrancehall", "coord": [ 11.0, 2.0 ] }, "1760_192": { "autotile": 1.0, "autotile_index": 0.0, "tileset": "spr_towerentrancehall", "coord": [ 11.0, 5.0 ] }, "1024_512": { "autotile": 1.0, "autotile_index": 0.0, "tileset": "spr_towerentrancehall", "coord": [ 12.0, 0.0 ] }, "1760_512": { "autotile": 1.0, "autotile_index": 0.0, "tileset": "spr_towerentrancehall", "coord": [ 10.0, 0.0 ] }, "96_544": { "autotile": 1.0, "autotile_index": 0.0, "tileset": "spr_towerentrancehall", "coord": [ 0.0, 0.0 ] }, "1568_544": { "autotile": 1.0, "autotile_index": 0.0, "tileset": "spr_towerentrancehall", "coord": [ 0.0, 0.0 ] }, "800_448": { "autotile": 1.0, "autotile_index": 0.0, "tileset": "spr_towerentrancehall", "coord": [ 12.0, 0.0 ] }, "2080_-192": { "autotile": 1.0, "autotile_index": 0.0, "tileset": "spr_towerentrancehall", "coord": [ 9.0, 1.0 ] }, "256_-192": { "autotile": 1.0, "autotile_index": 0.0, "tileset": "spr_minigolfprops", "coord": [ 4.0, 22.0 ] }, "256_-256": { "autotile": 1.0, "autotile_index": 0.0, "tileset": "spr_minigolfprops", "coord": [ 4.0, 20.0 ] }, "224_544": { "autotile": 1.0, "autotile_index": 0.0, "tileset": "spr_towerentrancehall", "coord": [ 0.0, 0.0 ] }, "544_512": { "autotile": 1.0, "autotile_index": 0.0, "tileset": "spr_towerentrancehall", "coord": [ 11.0, 2.0 ] }, "608_448": { "autotile": 1.0, "autotile_index": 0.0, "tileset": "spr_towerentrancehall", "coord": [ 12.0, 0.0 ] }, "768_512": { "autotile": 1.0, "autotile_index": 0.0, "tileset": "spr_towerentrancehall", "coord": [ 11.0, 2.0 ] }, "128_-320": { "autotile": 1.0, "autotile_index": 0.0, "tileset": "spr_towerentrancehall", "coord": [ 0.0, 0.0 ] }, "384_-288": { "autotile": 1.0, "autotile_index": 0.0, "tileset": "spr_towerentrancehall", "coord": [ 10.0, 5.0 ] }, "-32_512": { "autotile": 1.0, "autotile_index": 0.0, "tileset": "spr_towerentrancehall", "coord": [ 0.0, 0.0 ] }, "896_-320": { "autotile": 1.0, "autotile_index": 0.0, "tileset": "spr_towerentrancehall", "coord": [ 0.0, 0.0 ] }, "416_512": { "autotile": 1.0, "autotile_index": 0.0, "tileset": "spr_towerentrancehall", "coord": [ 10.0, 2.0 ] }, "608_544": { "autotile": 1.0, "autotile_index": 0.0, "tileset": "spr_towerentrancehall", "coord": [ 0.0, 0.0 ] }, "1408_-224": { "autotile": 1.0, "autotile_index": 0.0, "tileset": "spr_towerentrancehall", "coord": [ 15.0, 0.0 ] }, "1568_-320": { "autotile": 1.0, "autotile_index": 0.0, "tileset": "spr_towerentrancehall", "coord": [ 0.0, 0.0 ] }, "2080_320": { "autotile": 1.0, "autotile_index": 0.0, "tileset": "spr_towerentrancehall", "coord": [ 9.0, 1.0 ] }, "2016_512": { "autotile": 1.0, "autotile_index": 0.0, "tileset": "spr_towerentrancehall", "coord": [ 12.0, 0.0 ] }, "864_512": { "autotile": 1.0, "autotile_index": 0.0, "tileset": "spr_towerentrancehall", "coord": [ 13.0, 3.0 ] }, "960_512": { "autotile": 1.0, "autotile_index": 0.0, "tileset": "spr_towerentrancehall", "coord": [ 12.0, 0.0 ] }, "384_32": { "autotile": 1.0, "autotile_index": 0.0, "tileset": "spr_sewer1props", "coord": [ 2.0, 12.0 ] }, "736_544": { "autotile": 1.0, "autotile_index": 0.0, "tileset": "spr_towerentrancehall", "coord": [ 0.0, 0.0 ] }, "-32_-128": { "autotile": 1.0, "autotile_index": 0.0, "tileset": "spr_towerentrancehall", "coord": [ 0.0, 0.0 ] }, "1984_-288": { "autotile": 1.0, "autotile_index": 0.0, "tileset": "spr_towerentrancehall", "coord": [ 10.0, 5.0 ] }, "544_544": { "autotile": 1.0, "autotile_index": 0.0, "tileset": "spr_towerentrancehall", "coord": [ 0.0, 0.0 ] }, "64_-288": { "autotile": 1.0, "autotile_index": 0.0, "tileset": "spr_towerentrancehall", "coord": [ 12.0, 5.0 ] }, "928_512": { "autotile": 1.0, "autotile_index": 0.0, "tileset": "spr_towerentrancehall", "coord": [ 10.0, 0.0 ] }, "384_448": { "autotile": 1.0, "autotile_index": 0.0, "tileset": "spr_towerentrancehall", "coord": [ 9.0, 0.0 ] }, "1696_-288": { "autotile": 1.0, "autotile_index": 0.0, "tileset": "spr_towerentrancehall", "coord": [ 12.0, 5.0 ] }, "-32_544": { "autotile": 1.0, "autotile_index": 0.0, "tileset": "spr_towerentrancehall", "coord": [ 0.0, 0.0 ] }, "864_-320": { "autotile": 1.0, "autotile_index": 0.0, "tileset": "spr_towerentrancehall", "coord": [ 0.0, 0.0 ] }, "2112_0": { "autotile": 1.0, "autotile_index": 0.0, "tileset": "spr_towerentrancehall", "coord": [ 0.0, 0.0 ] }, "256_-320": { "autotile": 1.0, "autotile_index": 0.0, "tileset": "spr_towerentrancehall", "coord": [ 0.0, 0.0 ] }, "-64_320": { "autotile": 1.0, "autotile_index": 0.0, "tileset": "spr_towerentrancehall", "coord": [ 0.0, 0.0 ] }, "704_448": { "autotile": 1.0, "autotile_index": 0.0, "tileset": "spr_towerentrancehall", "coord": [ 11.0, 0.0 ] }, "-32_128": { "autotile": 1.0, "autotile_index": 0.0, "tileset": "spr_towerentrancehall", "coord": [ 0.0, 0.0 ] }, "992_544": { "autotile": 1.0, "autotile_index": 0.0, "tileset": "spr_towerentrancehall", "coord": [ 0.0, 0.0 ] }, "640_-320": { "autotile": 1.0, "autotile_index": 0.0, "tileset": "spr_towerentrancehall", "coord": [ 0.0, 0.0 ] }, "320_32": { "autotile": 1.0, "autotile_index": 0.0, "tileset": "spr_sewer1props", "coord": [ 4.0, 12.0 ] }, "1408_0": { "autotile": 1.0, "autotile_index": 0.0, "tileset": "spr_towerentrancehall", "coord": [ 15.0, 0.0 ] }, "640_480": { "autotile": 1.0, "autotile_index": 0.0, "tileset": "spr_towerentrancehall", "coord": [ 11.0, 1.0 ] }, "1920_192": { "autotile": 1.0, "autotile_index": 0.0, "tileset": "spr_towerentrancehall", "coord": [ 14.0, 5.0 ] }, "480_32": { "autotile": 1.0, "autotile_index": 0.0, "tileset": "spr_sewer1props", "coord": [ 2.0, 12.0 ] }, "960_544": { "autotile": 1.0, "autotile_index": 0.0, "tileset": "spr_towerentrancehall", "coord": [ 0.0, 0.0 ] }, "0_224": { "autotile": 1.0, "autotile_index": 0.0, "tileset": "spr_towerentrancehall", "coord": [ 14.0, 1.0 ] }, "704_480": { "autotile": 1.0, "autotile_index": 0.0, "tileset": "spr_towerentrancehall", "coord": [ 11.0, 1.0 ] }, "352_512": { "autotile": 1.0, "autotile_index": 0.0, "tileset": "spr_towerentrancehall", "coord": [ 10.0, 0.0 ] }, "2112_32": { "autotile": 1.0, "autotile_index": 0.0, "tileset": "spr_towerentrancehall", "coord": [ 0.0, 0.0 ] }, "672_-288": { "autotile": 1.0, "autotile_index": 0.0, "tileset": "spr_towerentrancehall", "coord": [ 10.0, 5.0 ] }, "736_-288": { "autotile": 1.0, "autotile_index": 0.0, "tileset": "spr_towerentrancehall", "coord": [ 12.0, 5.0 ] }, "672_480": { "autotile": 1.0, "autotile_index": 0.0, "tileset": "spr_towerentrancehall", "coord": [ 11.0, 1.0 ] }, "352_32": { "autotile": 1.0, "autotile_index": 0.0, "tileset": "spr_sewer1props", "coord": [ 4.0, 12.0 ] }, "1312_-288": { "autotile": 1.0, "autotile_index": 0.0, "tileset": "spr_towerentrancehall", "coord": [ 11.0, 5.0 ] }, "1440_-96": { "autotile": 1.0, "autotile_index": 0.0, "tileset": "spr_towerentrancehall", "coord": [ 14.0, 3.0 ] }, "1056_-288": { "autotile": 1.0, "autotile_index": 0.0, "tileset": "spr_towerentrancehall", "coord": [ 11.0, 5.0 ] }, "0_-64": { "autotile": 1.0, "autotile_index": 0.0, "tileset": "spr_towerentrancehall", "coord": [ 14.0, 3.0 ] }, "1792_544": { "autotile": 1.0, "autotile_index": 0.0, "tileset": "spr_towerentrancehall", "coord": [ 0.0, 0.0 ] }, "384_480": { "autotile": 1.0, "autotile_index": 0.0, "tileset": "spr_towerentrancehall", "coord": [ 9.0, 2.0 ] }, "224_-96": { "autotile": 1.0, "autotile_index": 0.0, "tileset": "spr_minigolfprops", "coord": [ 0.0, 21.0 ] }, "480_480": { "autotile": 1.0, "autotile_index": 0.0, "tileset": "spr_towerentrancehall", "coord": [ 11.0, 1.0 ] }, "1024_-288": { "autotile": 1.0, "autotile_index": 0.0, "tileset": "spr_towerentrancehall", "coord": [ 11.0, 5.0 ] }, "1472_544": { "autotile": 1.0, "autotile_index": 0.0, "tileset": "spr_towerentrancehall", "coord": [ 0.0, 0.0 ] }, "0_-224": { "autotile": 1.0, "autotile_index": 0.0, "tileset": "spr_towerentrancehall", "coord": [ 14.0, 1.0 ] }, "1952_-288": { "autotile": 1.0, "autotile_index": 0.0, "tileset": "spr_towerentrancehall", "coord": [ 12.0, 5.0 ] }, "2112_-128": { "autotile": 1.0, "autotile_index": 0.0, "tileset": "spr_towerentrancehall", "coord": [ 0.0, 0.0 ] }, "2080_288": { "autotile": 1.0, "autotile_index": 0.0, "tileset": "spr_towerentrancehall", "coord": [ 9.0, 1.0 ] }, "672_448": { "autotile": 1.0, "autotile_index": 0.0, "tileset": "spr_towerentrancehall", "coord": [ 12.0, 0.0 ] }, "416_64": { "autotile": 1.0, "autotile_index": 0.0, "tileset": "spr_sewer1props", "coord": [ 2.0, 16.0 ] }, "2112_352": { "autotile": 1.0, "autotile_index": 0.0, "tileset": "spr_towerentrancehall", "coord": [ 0.0, 0.0 ] }, "224_-192": { "autotile": 1.0, "autotile_index": 0.0, "tileset": "spr_minigolfprops", "coord": [ 0.0, 21.0 ] }, "224_512": { "autotile": 1.0, "autotile_index": 0.0, "tileset": "spr_towerentrancehall", "coord": [ 11.0, 0.0 ] }, "2112_-224": { "autotile": 1.0, "autotile_index": 0.0, "tileset": "spr_towerentrancehall", "coord": [ 0.0, 0.0 ] }, "1216_-288": { "autotile": 1.0, "autotile_index": 0.0, "tileset": "spr_towerentrancehall", "coord": [ 12.0, 5.0 ] }, "128_-288": { "autotile": 1.0, "autotile_index": 0.0, "tileset": "spr_towerentrancehall", "coord": [ 10.0, 5.0 ] }, "1568_512": { "autotile": 1.0, "autotile_index": 0.0, "tileset": "spr_towerentrancehall", "coord": [ 11.0, 0.0 ] }, "1856_-288": { "autotile": 1.0, "autotile_index": 0.0, "tileset": "spr_towerentrancehall", "coord": [ 11.0, 5.0 ] }, "1824_192": { "autotile": 1.0, "autotile_index": 0.0, "tileset": "spr_towerentrancehall", "coord": [ 10.0, 5.0 ] }, "320_512": { "autotile": 1.0, "autotile_index": 0.0, "tileset": "spr_towerentrancehall", "coord": [ 12.0, 0.0 ] }, "1184_512": { "autotile": 1.0, "autotile_index": 0.0, "tileset": "spr_towerentrancehall", "coord": [ 10.0, 0.0 ] }, "2080_-320": { "autotile": 1.0, "autotile_index": 0.0, "tileset": "spr_towerentrancehall", "coord": [ 0.0, 0.0 ] }, "448_64": { "autotile": 1.0, "autotile_index": 0.0, "tileset": "spr_sewer1props", "coord": [ 3.0, 16.0 ] }, "1504_544": { "autotile": 1.0, "autotile_index": 0.0, "tileset": "spr_towerentrancehall", "coord": [ 0.0, 0.0 ] }, "768_-320": { "autotile": 1.0, "autotile_index": 0.0, "tileset": "spr_towerentrancehall", "coord": [ 0.0, 0.0 ] }, "864_-288": { "autotile": 1.0, "autotile_index": 0.0, "tileset": "spr_towerentrancehall", "coord": [ 11.0, 5.0 ] }, "1152_512": { "autotile": 1.0, "autotile_index": 0.0, "tileset": "spr_towerentrancehall", "coord": [ 12.0, 0.0 ] }, "0_544": { "autotile": 1.0, "autotile_index": 0.0, "tileset": "spr_towerentrancehall", "coord": [ 0.0, 0.0 ] }, "1440_-32": { "autotile": 1.0, "autotile_index": 0.0, "tileset": "spr_towerentrancehall", "coord": [ 14.0, 1.0 ] }, "1888_-320": { "autotile": 1.0, "autotile_index": 0.0, "tileset": "spr_towerentrancehall", "coord": [ 0.0, 0.0 ] }, "288_544": { "autotile": 1.0, "autotile_index": 0.0, "tileset": "spr_towerentrancehall", "coord": [ 0.0, 0.0 ] }, "2112_-160": { "autotile": 1.0, "autotile_index": 0.0, "tileset": "spr_towerentrancehall", "coord": [ 0.0, 0.0 ] }, "736_480": { "autotile": 1.0, "autotile_index": 0.0, "tileset": "spr_towerentrancehall", "coord": [ 11.0, 1.0 ] }, "0_320": { "autotile": 1.0, "autotile_index": 0.0, "tileset": "spr_towerentrancehall", "coord": [ 14.0, 2.0 ] }, "1888_544": { "autotile": 1.0, "autotile_index": 0.0, "tileset": "spr_towerentrancehall", "coord": [ 0.0, 0.0 ] }, "1344_512": { "autotile": 1.0, "autotile_index": 0.0, "tileset": "spr_towerentrancehall", "coord": [ 12.0, 0.0 ] }, "2112_384": { "autotile": 1.0, "autotile_index": 0.0, "tileset": "spr_towerentrancehall", "coord": [ 0.0, 0.0 ] }, "1024_544": { "autotile": 1.0, "autotile_index": 0.0, "tileset": "spr_towerentrancehall", "coord": [ 0.0, 0.0 ] }, "896_512": { "autotile": 1.0, "autotile_index": 0.0, "tileset": "spr_towerentrancehall", "coord": [ 1.0, 7.0 ] }, "1440_-256": { "autotile": 1.0, "autotile_index": 0.0, "tileset": "spr_towerentrancehall", "coord": [ 14.0, 2.0 ] }, "544_480": { "autotile": 1.0, "autotile_index": 0.0, "tileset": "spr_towerentrancehall", "coord": [ 11.0, 1.0 ] }, "704_544": { "autotile": 1.0, "autotile_index": 0.0, "tileset": "spr_towerentrancehall", "coord": [ 0.0, 0.0 ] }, "1696_-320": { "autotile": 1.0, "autotile_index": 0.0, "tileset": "spr_towerentrancehall", "coord": [ 0.0, 0.0 ] }, "1216_512": { "autotile": 1.0, "autotile_index": 0.0, "tileset": "spr_towerentrancehall", "coord": [ 10.0, 0.0 ] }, "32_-320": { "autotile": 1.0, "autotile_index": 0.0, "tileset": "spr_towerentrancehall", "coord": [ 0.0, 0.0 ] }, "480_448": { "autotile": 1.0, "autotile_index": 0.0, "tileset": "spr_towerentrancehall", "coord": [ 12.0, 0.0 ] }, "1152_-288": { "autotile": 1.0, "autotile_index": 0.0, "tileset": "spr_towerentrancehall", "coord": [ 11.0, 5.0 ] }, "288_-320": { "autotile": 1.0, "autotile_index": 0.0, "tileset": "spr_towerentrancehall", "coord": [ 0.0, 0.0 ] }, "1504_160": { "autotile": 1.0, "autotile_index": 0.0, "tileset": "spr_towerentrancehall", "coord": [ 12.0, 0.0 ] }, "-32_-192": { "autotile": 1.0, "autotile_index": 0.0, "tileset": "spr_towerentrancehall", "coord": [ 0.0, 0.0 ] }, "1248_544": { "autotile": 1.0, "autotile_index": 0.0, "tileset": "spr_towerentrancehall", "coord": [ 0.0, 0.0 ] }, "1536_-288": { "autotile": 1.0, "autotile_index": 0.0, "tileset": "spr_towerentrancehall", "coord": [ 11.0, 5.0 ] }, "64_512": { "autotile": 1.0, "autotile_index": 0.0, "tileset": "spr_towerentrancehall", "coord": [ 11.0, 0.0 ] }, "-32_384": { "autotile": 1.0, "autotile_index": 0.0, "tileset": "spr_towerentrancehall", "coord": [ 0.0, 0.0 ] }, "576_-288": { "autotile": 1.0, "autotile_index": 0.0, "tileset": "spr_towerentrancehall", "coord": [ 12.0, 5.0 ] }, "1408_96": { "autotile": 1.0, "autotile_index": 0.0, "tileset": "spr_towerentrancehall", "coord": [ 15.0, 0.0 ] }, "256_544": { "autotile": 1.0, "autotile_index": 0.0, "tileset": "spr_towerentrancehall", "coord": [ 0.0, 0.0 ] }, "1056_-320": { "autotile": 1.0, "autotile_index": 0.0, "tileset": "spr_towerentrancehall", "coord": [ 0.0, 0.0 ] }, "544_448": { "autotile": 1.0, "autotile_index": 0.0, "tileset": "spr_towerentrancehall", "coord": [ 11.0, 0.0 ] }, "2112_-256": { "autotile": 1.0, "autotile_index": 0.0, "tileset": "spr_towerentrancehall", "coord": [ 0.0, 0.0 ] }, "1984_-320": { "autotile": 1.0, "autotile_index": 0.0, "tileset": "spr_towerentrancehall", "coord": [ 0.0, 0.0 ] }, "1632_-320": { "autotile": 1.0, "autotile_index": 0.0, "tileset": "spr_towerentrancehall", "coord": [ 0.0, 0.0 ] }, "512_-288": { "autotile": 1.0, "autotile_index": 0.0, "tileset": "spr_towerentrancehall", "coord": [ 10.0, 5.0 ] }, "352_64": { "autotile": 1.0, "autotile_index": 0.0, "tileset": "spr_sewer1props", "coord": [ 3.0, 16.0 ] }, "1760_-320": { "autotile": 1.0, "autotile_index": 0.0, "tileset": "spr_towerentrancehall", "coord": [ 0.0, 0.0 ] }, "832_544": { "autotile": 1.0, "autotile_index": 0.0, "tileset": "spr_towerentrancehall", "coord": [ 0.0, 0.0 ] }, "1344_-320": { "autotile": 1.0, "autotile_index": 0.0, "tileset": "spr_towerentrancehall", "coord": [ 0.0, 0.0 ] }, "1600_-320": { "autotile": 1.0, "autotile_index": 0.0, "tileset": "spr_towerentrancehall", "coord": [ 0.0, 0.0 ] }, "800_544": { "autotile": 1.0, "autotile_index": 0.0, "tileset": "spr_towerentrancehall", "coord": [ 0.0, 0.0 ] }, "1408_512": { "autotile": 1.0, "autotile_index": 0.0, "tileset": "spr_towerentrancehall", "coord": [ 12.0, 0.0 ] }, "1760_160": { "autotile": 1.0, "autotile_index": 0.0, "tileset": "spr_towerentrancehall", "coord": [ 10.0, 0.0 ] }, "2112_256": { "autotile": 1.0, "autotile_index": 0.0, "tileset": "spr_towerentrancehall", "coord": [ 0.0, 0.0 ] }, "352_-288": { "autotile": 1.0, "autotile_index": 0.0, "tileset": "spr_towerentrancehall", "coord": [ 12.0, 5.0 ] }, "0_512": { "autotile": 1.0, "autotile_index": 0.0, "tileset": "spr_towerentrancehall", "coord": [ 1.0, 7.0 ] }, "384_64": { "autotile": 1.0, "autotile_index": 0.0, "tileset": "spr_sewer1props", "coord": [ 2.0, 16.0 ] }, "-64_288": { "autotile": 1.0, "autotile_index": 0.0, "tileset": "spr_towerentrancehall", "coord": [ 0.0, 0.0 ] }, "416_480": { "autotile": 1.0, "autotile_index": 0.0, "tileset": "spr_towerentrancehall", "coord": [ 10.0, 1.0 ] }, "1440_-128": { "autotile": 1.0, "autotile_index": 0.0, "tileset": "spr_towerentrancehall", "coord": [ 14.0, 2.0 ] }, "-32_416": { "autotile": 1.0, "autotile_index": 0.0, "tileset": "spr_towerentrancehall", "coord": [ 0.0, 0.0 ] }, "608_-320": { "autotile": 1.0, "autotile_index": 0.0, "tileset": "spr_towerentrancehall", "coord": [ 0.0, 0.0 ] }, "1408_160": { "autotile": 1.0, "autotile_index": 0.0, "tileset": "spr_towerentrancehall", "coord": [ 15.0, 0.0 ] }, "1568_-288": { "autotile": 1.0, "autotile_index": 0.0, "tileset": "spr_towerentrancehall", "coord": [ 11.0, 5.0 ] }, "0_448": { "autotile": 1.0, "autotile_index": 0.0, "tileset": "spr_towerentrancehall", "coord": [ 14.0, 1.0 ] }, "2080_512": { "autotile": 1.0, "autotile_index": 0.0, "tileset": "spr_towerentrancehall", "coord": [ 7.0, 7.0 ] }, "768_448": { "autotile": 1.0, "autotile_index": 0.0, "tileset": "spr_towerentrancehall", "coord": [ 11.0, 0.0 ] }, "864_448": { "autotile": 1.0, "autotile_index": 0.0, "tileset": "spr_towerentrancehall", "coord": [ 12.0, 0.0 ] }, "576_448": { "autotile": 1.0, "autotile_index": 0.0, "tileset": "spr_towerentrancehall", "coord": [ 12.0, 0.0 ] }, "1408_544": { "autotile": 1.0, "autotile_index": 0.0, "tileset": "spr_towerentrancehall", "coord": [ 0.0, 0.0 ] }, "416_-320": { "autotile": 1.0, "autotile_index": 0.0, "tileset": "spr_towerentrancehall", "coord": [ 0.0, 0.0 ] }, "1376_128": { "autotile": 1.0, "autotile_index": 0.0, "tileset": "spr_towerentrancehall", "coord": [ 9.0, 3.0 ] }, "2080_416": { "autotile": 1.0, "autotile_index": 0.0, "tileset": "spr_towerentrancehall", "coord": [ 9.0, 2.0 ] }, "2016_544": { "autotile": 1.0, "autotile_index": 0.0, "tileset": "spr_towerentrancehall", "coord": [ 0.0, 0.0 ] }, "192_-288": { "autotile": 1.0, "autotile_index": 0.0, "tileset": "spr_towerentrancehall", "coord": [ 10.0, 5.0 ] }, "224_0": { "autotile": 1.0, "autotile_index": 0.0, "tileset": "spr_minigolfprops", "coord": [ 0.0, 22.0 ] }, "256_512": { "autotile": 1.0, "autotile_index": 0.0, "tileset": "spr_towerentrancehall", "coord": [ 11.0, 0.0 ] }, "2112_96": { "autotile": 1.0, "autotile_index": 0.0, "tileset": "spr_towerentrancehall", "coord": [ 0.0, 0.0 ] }, "480_-320": { "autotile": 1.0, "autotile_index": 0.0, "tileset": "spr_towerentrancehall", "coord": [ 0.0, 0.0 ] }, "1856_544": { "autotile": 1.0, "autotile_index": 0.0, "tileset": "spr_towerentrancehall", "coord": [ 0.0, 0.0 ] }, "224_-128": { "autotile": 1.0, "autotile_index": 0.0, "tileset": "spr_minigolfprops", "coord": [ 0.0, 21.0 ] }, "2112_128": { "autotile": 1.0, "autotile_index": 0.0, "tileset": "spr_towerentrancehall", "coord": [ 0.0, 0.0 ] }, "1440_64": { "autotile": 1.0, "autotile_index": 0.0, "tileset": "spr_towerentrancehall", "coord": [ 14.0, 1.0 ] }, "0_192": { "autotile": 1.0, "autotile_index": 0.0, "tileset": "spr_towerentrancehall", "coord": [ 14.0, 1.0 ] }, "-32_-32": { "autotile": 1.0, "autotile_index": 0.0, "tileset": "spr_towerentrancehall", "coord": [ 0.0, 0.0 ] }, "2080_224": { "autotile": 1.0, "autotile_index": 0.0, "tileset": "spr_towerentrancehall", "coord": [ 9.0, 3.0 ] }, "1440_-320": { "autotile": 1.0, "autotile_index": 0.0, "tileset": "spr_towerentrancehall", "coord": [ 0.0, 0.0 ] }, "1664_192": { "autotile": 1.0, "autotile_index": 0.0, "tileset": "spr_towerentrancehall", "coord": [ 12.0, 5.0 ] }, "1920_512": { "autotile": 1.0, "autotile_index": 0.0, "tileset": "spr_towerentrancehall", "coord": [ 12.0, 0.0 ] }, "1376_-288": { "autotile": 1.0, "autotile_index": 0.0, "tileset": "spr_towerentrancehall", "coord": [ 7.0, 2.0 ] }, "448_512": { "autotile": 1.0, "autotile_index": 0.0, "tileset": "spr_towerentrancehall", "coord": [ 11.0, 2.0 ] }, "1088_-320": { "autotile": 1.0, "autotile_index": 0.0, "tileset": "spr_towerentrancehall", "coord": [ 0.0, 0.0 ] }, "480_64": { "autotile": 1.0, "autotile_index": 0.0, "tileset": "spr_sewer1props", "coord": [ 3.0, 16.0 ] }, "2080_0": { "autotile": 1.0, "autotile_index": 0.0, "tileset": "spr_towerentrancehall", "coord": [ 9.0, 1.0 ] }, "2144_512": { "autotile": 1.0, "autotile_index": 0.0, "tileset": "spr_towerentrancehall", "coord": [ 0.0, 0.0 ] }, "1408_-160": { "autotile": 1.0, "autotile_index": 0.0, "tileset": "spr_towerentrancehall", "coord": [ 15.0, 0.0 ] }, "2112_64": { "autotile": 1.0, "autotile_index": 0.0, "tileset": "spr_towerentrancehall", "coord": [ 0.0, 0.0 ] }, "128_512": { "autotile": 1.0, "autotile_index": 0.0, "tileset": "spr_towerentrancehall", "coord": [ 12.0, 0.0 ] }, "1792_512": { "autotile": 1.0, "autotile_index": 0.0, "tileset": "spr_towerentrancehall", "coord": [ 12.0, 0.0 ] }, "2048_544": { "autotile": 1.0, "autotile_index": 0.0, "tileset": "spr_towerentrancehall", "coord": [ 0.0, 0.0 ] }, "2080_-288": { "autotile": 1.0, "autotile_index": 0.0, "tileset": "spr_towerentrancehall", "coord": [ 7.0, 2.0 ] }, "800_480": { "autotile": 1.0, "autotile_index": 0.0, "tileset": "spr_towerentrancehall", "coord": [ 11.0, 1.0 ] }, "448_32": { "autotile": 1.0, "autotile_index": 0.0, "tileset": "spr_sewer1props", "coord": [ 4.0, 12.0 ] }, "0_128": { "autotile": 1.0, "autotile_index": 0.0, "tileset": "spr_towerentrancehall", "coord": [ 14.0, 3.0 ] }, "1440_-224": { "autotile": 1.0, "autotile_index": 0.0, "tileset": "spr_towerentrancehall", "coord": [ 14.0, 1.0 ] }, "192_512": { "autotile": 1.0, "autotile_index": 0.0, "tileset": "spr_towerentrancehall", "coord": [ 11.0, 0.0 ] }, "256_-128": { "autotile": 1.0, "autotile_index": 0.0, "tileset": "spr_minigolfprops", "coord": [ 4.0, 21.0 ] }, "1888_192": { "autotile": 1.0, "autotile_index": 0.0, "tileset": "spr_towerentrancehall", "coord": [ 11.0, 5.0 ] }, "256_-288": { "autotile": 1.0, "autotile_index": 0.0, "tileset": "spr_towerentrancehall", "coord": [ 12.0, 5.0 ] }, "576_32": { "autotile": 1.0, "autotile_index": 0.0, "tileset": "spr_sewer1props", "coord": [ 4.0, 12.0 ] }, "2144_480": { "autotile": 1.0, "autotile_index": 0.0, "tileset": "spr_towerentrancehall", "coord": [ 0.0, 0.0 ] }, "2112_288": { "autotile": 1.0, "autotile_index": 0.0, "tileset": "spr_towerentrancehall", "coord": [ 0.0, 0.0 ] }, "512_480": { "autotile": 1.0, "autotile_index": 0.0, "tileset": "spr_towerentrancehall", "coord": [ 11.0, 1.0 ] }, "1408_-320": { "autotile": 1.0, "autotile_index": 0.0, "tileset": "spr_towerentrancehall", "coord": [ 0.0, 0.0 ] }, "1600_160": { "autotile": 1.0, "autotile_index": 0.0, "tileset": "spr_towerentrancehall", "coord": [ 10.0, 0.0 ] }, "1760_-288": { "autotile": 1.0, "autotile_index": 0.0, "tileset": "spr_towerentrancehall", "coord": [ 12.0, 5.0 ] }, "1824_-320": { "autotile": 1.0, "autotile_index": 0.0, "tileset": "spr_towerentrancehall", "coord": [ 0.0, 0.0 ] }, "832_-320": { "autotile": 1.0, "autotile_index": 0.0, "tileset": "spr_towerentrancehall", "coord": [ 0.0, 0.0 ] }, "1408_128": { "autotile": 1.0, "autotile_index": 0.0, "tileset": "spr_towerentrancehall", "coord": [ 15.0, 0.0 ] }, "896_544": { "autotile": 1.0, "autotile_index": 0.0, "tileset": "spr_towerentrancehall", "coord": [ 0.0, 0.0 ] }, "608_32": { "autotile": 1.0, "autotile_index": 0.0, "tileset": "spr_sewer1props", "coord": [ 5.0, 12.0 ] }, "2080_448": { "autotile": 1.0, "autotile_index": 0.0, "tileset": "spr_towerentrancehall", "coord": [ 9.0, 1.0 ] }, "1440_96": { "autotile": 1.0, "autotile_index": 0.0, "tileset": "spr_towerentrancehall", "coord": [ 14.0, 2.0 ] }, "1248_-288": { "autotile": 1.0, "autotile_index": 0.0, "tileset": "spr_towerentrancehall", "coord": [ 12.0, 5.0 ] }, "480_544": { "autotile": 1.0, "autotile_index": 0.0, "tileset": "spr_towerentrancehall", "coord": [ 0.0, 0.0 ] }, "896_-288": { "autotile": 1.0, "autotile_index": 0.0, "tileset": "spr_towerentrancehall", "coord": [ 12.0, 5.0 ] }, "2080_384": { "autotile": 1.0, "autotile_index": 0.0, "tileset": "spr_towerentrancehall", "coord": [ 9.0, 2.0 ] }, "576_64": { "autotile": 1.0, "autotile_index": 0.0, "tileset": "spr_sewer1props", "coord": [ 3.0, 16.0 ] }, "0_-192": { "autotile": 1.0, "autotile_index": 0.0, "tileset": "spr_towerentrancehall", "coord": [ 14.0, 2.0 ] }, "1984_544": { "autotile": 1.0, "autotile_index": 0.0, "tileset": "spr_towerentrancehall", "coord": [ 0.0, 0.0 ] }, "2048_-288": { "autotile": 1.0, "autotile_index": 0.0, "tileset": "spr_towerentrancehall", "coord": [ 10.0, 5.0 ] }, "192_544": { "autotile": 1.0, "autotile_index": 0.0, "tileset": "spr_towerentrancehall", "coord": [ 0.0, 0.0 ] }, "448_448": { "autotile": 1.0, "autotile_index": 0.0, "tileset": "spr_towerentrancehall", "coord": [ 12.0, 0.0 ] }, "672_-320": { "autotile": 1.0, "autotile_index": 0.0, "tileset": "spr_towerentrancehall", "coord": [ 0.0, 0.0 ] }, "2080_64": { "autotile": 1.0, "autotile_index": 0.0, "tileset": "spr_towerentrancehall", "coord": [ 9.0, 1.0 ] }, "576_480": { "autotile": 1.0, "autotile_index": 0.0, "tileset": "spr_towerentrancehall", "coord": [ 11.0, 1.0 ] }, "1600_512": { "autotile": 1.0, "autotile_index": 0.0, "tileset": "spr_towerentrancehall", "coord": [ 11.0, 0.0 ] }, "800_512": { "autotile": 1.0, "autotile_index": 0.0, "tileset": "spr_towerentrancehall", "coord": [ 11.0, 2.0 ] }, "640_448": { "autotile": 1.0, "autotile_index": 0.0, "tileset": "spr_towerentrancehall", "coord": [ 11.0, 0.0 ] }, "576_512": { "autotile": 1.0, "autotile_index": 0.0, "tileset": "spr_towerentrancehall", "coord": [ 11.0, 2.0 ] }, "1696_160": { "autotile": 1.0, "autotile_index": 0.0, "tileset": "spr_towerentrancehall", "coord": [ 10.0, 0.0 ] }, "960_-320": { "autotile": 1.0, "autotile_index": 0.0, "tileset": "spr_towerentrancehall", "coord": [ 0.0, 0.0 ] }, "1440_192": { "autotile": 1.0, "autotile_index": 0.0, "tileset": "spr_towerentrancehall", "coord": [ 11.0, 5.0 ] }, "1184_544": { "autotile": 1.0, "autotile_index": 0.0, "tileset": "spr_towerentrancehall", "coord": [ 0.0, 0.0 ] }, "1888_-288": { "autotile": 1.0, "autotile_index": 0.0, "tileset": "spr_towerentrancehall", "coord": [ 12.0, 5.0 ] }, "96_512": { "autotile": 1.0, "autotile_index": 0.0, "tileset": "spr_towerentrancehall", "coord": [ 12.0, 0.0 ] }, "448_-288": { "autotile": 1.0, "autotile_index": 0.0, "tileset": "spr_towerentrancehall", "coord": [ 10.0, 5.0 ] }, "1504_192": { "autotile": 1.0, "autotile_index": 0.0, "tileset": "spr_towerentrancehall", "coord": [ 11.0, 5.0 ] }, "1312_512": { "autotile": 1.0, "autotile_index": 0.0, "tileset": "spr_towerentrancehall", "coord": [ 10.0, 0.0 ] }, "160_512": { "autotile": 1.0, "autotile_index": 0.0, "tileset": "spr_towerentrancehall", "coord": [ 10.0, 0.0 ] }, "192_-320": { "autotile": 1.0, "autotile_index": 0.0, "tileset": "spr_towerentrancehall", "coord": [ 0.0, 0.0 ] }, "0_416": { "autotile": 1.0, "autotile_index": 0.0, "tileset": "spr_towerentrancehall", "coord": [ 14.0, 1.0 ] }, "2112_320": { "autotile": 1.0, "autotile_index": 0.0, "tileset": "spr_towerentrancehall", "coord": [ 0.0, 0.0 ] }, "0_-128": { "autotile": 1.0, "autotile_index": 0.0, "tileset": "spr_towerentrancehall", "coord": [ 14.0, 2.0 ] }, "448_544": { "autotile": 1.0, "autotile_index": 0.0, "tileset": "spr_towerentrancehall", "coord": [ 0.0, 0.0 ] }, "1728_-320": { "autotile": 1.0, "autotile_index": 0.0, "tileset": "spr_towerentrancehall", "coord": [ 0.0, 0.0 ] }, "1472_512": { "autotile": 1.0, "autotile_index": 0.0, "tileset": "spr_towerentrancehall", "coord": [ 10.0, 0.0 ] }, "960_-288": { "autotile": 1.0, "autotile_index": 0.0, "tileset": "spr_towerentrancehall", "coord": [ 11.0, 5.0 ] }, "1696_544": { "autotile": 1.0, "autotile_index": 0.0, "tileset": "spr_towerentrancehall", "coord": [ 0.0, 0.0 ] }, "704_-320": { "autotile": 1.0, "autotile_index": 0.0, "tileset": "spr_towerentrancehall", "coord": [ 0.0, 0.0 ] }, "256_32": { "autotile": 1.0, "autotile_index": 0.0, "tileset": "spr_minigolfprops", "coord": [ 4.0, 23.0 ] }, "1824_160": { "autotile": 1.0, "autotile_index": 0.0, "tileset": "spr_towerentrancehall", "coord": [ 11.0, 0.0 ] }, "640_512": { "autotile": 1.0, "autotile_index": 0.0, "tileset": "spr_towerentrancehall", "coord": [ 11.0, 2.0 ] }, "1536_160": { "autotile": 1.0, "autotile_index": 0.0, "tileset": "spr_towerentrancehall", "coord": [ 10.0, 0.0 ] }, "544_-320": { "autotile": 1.0, "autotile_index": 0.0, "tileset": "spr_towerentrancehall", "coord": [ 0.0, 0.0 ] }, "1440_0": { "autotile": 1.0, "autotile_index": 0.0, "tileset": "spr_towerentrancehall", "coord": [ 14.0, 1.0 ] }, "1376_-160": { "autotile": 1.0, "autotile_index": 0.0, "tileset": "spr_towerentrancehall", "coord": [ 9.0, 1.0 ] }, "384_-320": { "autotile": 1.0, "autotile_index": 0.0, "tileset": "spr_towerentrancehall", "coord": [ 0.0, 0.0 ] }, "928_544": { "autotile": 1.0, "autotile_index": 0.0, "tileset": "spr_towerentrancehall", "coord": [ 0.0, 0.0 ] }, "2080_352": { "autotile": 1.0, "autotile_index": 0.0, "tileset": "spr_towerentrancehall", "coord": [ 9.0, 1.0 ] }, "832_480": { "autotile": 1.0, "autotile_index": 0.0, "tileset": "spr_towerentrancehall", "coord": [ 11.0, 1.0 ] }, "448_-320": { "autotile": 1.0, "autotile_index": 0.0, "tileset": "spr_towerentrancehall", "coord": [ 0.0, 0.0 ] }, "352_544": { "autotile": 1.0, "autotile_index": 0.0, "tileset": "spr_towerentrancehall", "coord": [ 0.0, 0.0 ] }, "608_480": { "autotile": 1.0, "autotile_index": 0.0, "tileset": "spr_towerentrancehall", "coord": [ 11.0, 1.0 ] }, "2080_32": { "autotile": 1.0, "autotile_index": 0.0, "tileset": "spr_towerentrancehall", "coord": [ 9.0, 2.0 ] }, "0_352": { "autotile": 1.0, "autotile_index": 0.0, "tileset": "spr_towerentrancehall", "coord": [ 14.0, 3.0 ] }, "1632_-288": { "autotile": 1.0, "autotile_index": 0.0, "tileset": "spr_towerentrancehall", "coord": [ 12.0, 5.0 ] }, "1376_160": { "autotile": 1.0, "autotile_index": 0.0, "tileset": "spr_towerentrancehall", "coord": [ 9.0, 2.0 ] }, "1376_-96": { "autotile": 1.0, "autotile_index": 0.0, "tileset": "spr_towerentrancehall", "coord": [ 9.0, 2.0 ] }, "1408_-192": { "autotile": 1.0, "autotile_index": 0.0, "tileset": "spr_towerentrancehall", "coord": [ 15.0, 0.0 ] }, "288_64": { "autotile": 1.0, "autotile_index": 0.0, "tileset": "spr_sewer1props", "coord": [ 2.0, 16.0 ] }, "-32_160": { "autotile": 1.0, "autotile_index": 0.0, "tileset": "spr_towerentrancehall", "coord": [ 0.0, 0.0 ] }, "1088_512": { "autotile": 1.0, "autotile_index": 0.0, "tileset": "spr_towerentrancehall", "coord": [ 11.0, 0.0 ] }, "1088_544": { "autotile": 1.0, "autotile_index": 0.0, "tileset": "spr_towerentrancehall", "coord": [ 0.0, 0.0 ] }, "320_64": { "autotile": 1.0, "autotile_index": 0.0, "tileset": "spr_sewer1props", "coord": [ 4.0, 16.0 ] }, "1792_192": { "autotile": 1.0, "autotile_index": 0.0, "tileset": "spr_towerentrancehall", "coord": [ 11.0, 5.0 ] }, "0_-32": { "autotile": 1.0, "autotile_index": 0.0, "tileset": "spr_towerentrancehall", "coord": [ 14.0, 1.0 ] }, "0_-160": { "autotile": 1.0, "autotile_index": 0.0, "tileset": "spr_towerentrancehall", "coord": [ 14.0, 3.0 ] }, "832_512": { "autotile": 1.0, "autotile_index": 0.0, "tileset": "spr_towerentrancehall", "coord": [ 11.0, 2.0 ] }, "1632_192": { "autotile": 1.0, "autotile_index": 0.0, "tileset": "spr_towerentrancehall", "coord": [ 10.0, 5.0 ] }, "-32_-320": { "autotile": 1.0, "autotile_index": 0.0, "tileset": "spr_towerentrancehall", "coord": [ 0.0, 0.0 ] }, "32_-288": { "autotile": 1.0, "autotile_index": 0.0, "tileset": "spr_towerentrancehall", "coord": [ 10.0, 5.0 ] }, "1952_544": { "autotile": 1.0, "autotile_index": 0.0, "tileset": "spr_towerentrancehall", "coord": [ 0.0, 0.0 ] }, "0_0": { "autotile": 1.0, "autotile_index": 0.0, "tileset": "spr_towerentrancehall", "coord": [ 14.0, 1.0 ] }, "2080_544": { "autotile": 1.0, "autotile_index": 0.0, "tileset": "spr_towerentrancehall", "coord": [ 0.0, 0.0 ] }, "1120_-288": { "autotile": 1.0, "autotile_index": 0.0, "tileset": "spr_towerentrancehall", "coord": [ 12.0, 5.0 ] }, "1376_-224": { "autotile": 1.0, "autotile_index": 0.0, "tileset": "spr_towerentrancehall", "coord": [ 9.0, 1.0 ] }, "-32_-160": { "autotile": 1.0, "autotile_index": 0.0, "tileset": "spr_towerentrancehall", "coord": [ 0.0, 0.0 ] }, "1344_544": { "autotile": 1.0, "autotile_index": 0.0, "tileset": "spr_towerentrancehall", "coord": [ 0.0, 0.0 ] }, "608_512": { "autotile": 1.0, "autotile_index": 0.0, "tileset": "spr_towerentrancehall", "coord": [ 11.0, 2.0 ] }, "1824_544": { "autotile": 1.0, "autotile_index": 0.0, "tileset": "spr_towerentrancehall", "coord": [ 0.0, 0.0 ] }, "1152_-320": { "autotile": 1.0, "autotile_index": 0.0, "tileset": "spr_towerentrancehall", "coord": [ 0.0, 0.0 ] }, "1664_160": { "autotile": 1.0, "autotile_index": 0.0, "tileset": "spr_towerentrancehall", "coord": [ 12.0, 0.0 ] }, "896_448": { "autotile": 1.0, "autotile_index": 0.0, "tileset": "spr_towerentrancehall", "coord": [ 14.0, 0.0 ] }, "1440_160": { "autotile": 1.0, "autotile_index": 0.0, "tileset": "spr_towerentrancehall", "coord": [ 1.0, 7.0 ] }, "1216_-320": { "autotile": 1.0, "autotile_index": 0.0, "tileset": "spr_towerentrancehall", "coord": [ 0.0, 0.0 ] }, "2080_-128": { "autotile": 1.0, "autotile_index": 0.0, "tileset": "spr_towerentrancehall", "coord": [ 9.0, 3.0 ] }, "224_-288": { "autotile": 1.0, "autotile_index": 0.0, "tileset": "spr_towerentrancehall", "coord": [ 10.0, 5.0 ] }, "288_32": { "autotile": 1.0, "autotile_index": 0.0, "tileset": "spr_sewer1props", "coord": [ 3.0, 12.0 ] }, "2080_256": { "autotile": 1.0, "autotile_index": 0.0, "tileset": "spr_towerentrancehall", "coord": [ 9.0, 2.0 ] }, "384_544": { "autotile": 1.0, "autotile_index": 0.0, "tileset": "spr_towerentrancehall", "coord": [ 0.0, 0.0 ] }, "512_-320": { "autotile": 1.0, "autotile_index": 0.0, "tileset": "spr_towerentrancehall", "coord": [ 0.0, 0.0 ] }, "2080_-160": { "autotile": 1.0, "autotile_index": 0.0, "tileset": "spr_towerentrancehall", "coord": [ 9.0, 1.0 ] }, "1376_512": { "autotile": 1.0, "autotile_index": 0.0, "tileset": "spr_towerentrancehall", "coord": [ 11.0, 0.0 ] }, "1568_192": { "autotile": 1.0, "autotile_index": 0.0, "tileset": "spr_towerentrancehall", "coord": [ 10.0, 5.0 ] }, "1888_160": { "autotile": 1.0, "autotile_index": 0.0, "tileset": "spr_towerentrancehall", "coord": [ 12.0, 0.0 ] }, "864_544": { "autotile": 1.0, "autotile_index": 0.0, "tileset": "spr_towerentrancehall", "coord": [ 0.0, 0.0 ] }, "1440_-288": { "autotile": 1.0, "autotile_index": 0.0, "tileset": "spr_towerentrancehall", "coord": [ 1.0, 2.0 ] }, "0_384": { "autotile": 1.0, "autotile_index": 0.0, "tileset": "spr_towerentrancehall", "coord": [ 14.0, 2.0 ] }, "1664_544": { "autotile": 1.0, "autotile_index": 0.0, "tileset": "spr_towerentrancehall", "coord": [ 0.0, 0.0 ] }, "1408_64": { "autotile": 1.0, "autotile_index": 0.0, "tileset": "spr_towerentrancehall", "coord": [ 15.0, 0.0 ] }, "2112_448": { "autotile": 1.0, "autotile_index": 0.0, "tileset": "spr_towerentrancehall", "coord": [ 0.0, 0.0 ] }, "1440_-160": { "autotile": 1.0, "autotile_index": 0.0, "tileset": "spr_towerentrancehall", "coord": [ 14.0, 1.0 ] }, "608_-288": { "autotile": 1.0, "autotile_index": 0.0, "tileset": "spr_towerentrancehall", "coord": [ 11.0, 5.0 ] }, "-32_-224": { "autotile": 1.0, "autotile_index": 0.0, "tileset": "spr_towerentrancehall", "coord": [ 0.0, 0.0 ] }, "2080_96": { "autotile": 1.0, "autotile_index": 0.0, "tileset": "spr_towerentrancehall", "coord": [ 9.0, 3.0 ] }, "224_-64": { "autotile": 1.0, "autotile_index": 0.0, "tileset": "spr_minigolfprops", "coord": [ 0.0, 21.0 ] }, "1600_-288": { "autotile": 1.0, "autotile_index": 0.0, "tileset": "spr_towerentrancehall", "coord": [ 12.0, 5.0 ] }, "896_480": { "autotile": 1.0, "autotile_index": 0.0, "tileset": "spr_towerentrancehall", "coord": [ 14.0, 3.0 ] }, "-32_96": { "autotile": 1.0, "autotile_index": 0.0, "tileset": "spr_towerentrancehall", "coord": [ 0.0, 0.0 ] }, "1984_512": { "autotile": 1.0, "autotile_index": 0.0, "tileset": "spr_towerentrancehall", "coord": [ 11.0, 0.0 ] }, "576_544": { "autotile": 1.0, "autotile_index": 0.0, "tileset": "spr_towerentrancehall", "coord": [ 0.0, 0.0 ] }, "640_544": { "autotile": 1.0, "autotile_index": 0.0, "tileset": "spr_towerentrancehall", "coord": [ 0.0, 0.0 ] }, "1280_512": { "autotile": 1.0, "autotile_index": 0.0, "tileset": "spr_towerentrancehall", "coord": [ 11.0, 0.0 ] }, "1056_512": { "autotile": 1.0, "autotile_index": 0.0, "tileset": "spr_towerentrancehall", "coord": [ 11.0, 0.0 ] }, "1408_-128": { "autotile": 1.0, "autotile_index": 0.0, "tileset": "spr_towerentrancehall", "coord": [ 15.0, 0.0 ] }, "1376_-256": { "autotile": 1.0, "autotile_index": 0.0, "tileset": "spr_towerentrancehall", "coord": [ 9.0, 1.0 ] }, "1664_512": { "autotile": 1.0, "autotile_index": 0.0, "tileset": "spr_towerentrancehall", "coord": [ 11.0, 0.0 ] }, "704_-288": { "autotile": 1.0, "autotile_index": 0.0, "tileset": "spr_towerentrancehall", "coord": [ 11.0, 5.0 ] }, "1408_-32": { "autotile": 1.0, "autotile_index": 0.0, "tileset": "spr_towerentrancehall", "coord": [ 15.0, 0.0 ] }, "1728_160": { "autotile": 1.0, "autotile_index": 0.0, "tileset": "spr_towerentrancehall", "coord": [ 11.0, 0.0 ] }, "224_32": { "autotile": 1.0, "autotile_index": 0.0, "tileset": "spr_minigolfprops", "coord": [ 0.0, 21.0 ] }, "0_-96": { "autotile": 1.0, "autotile_index": 0.0, "tileset": "spr_towerentrancehall", "coord": [ 14.0, 1.0 ] }, "1280_544": { "autotile": 1.0, "autotile_index": 0.0, "tileset": "spr_towerentrancehall", "coord": [ 0.0, 0.0 ] }, "-32_192": { "autotile": 1.0, "autotile_index": 0.0, "tileset": "spr_towerentrancehall", "coord": [ 0.0, 0.0 ] }, "160_-320": { "autotile": 1.0, "autotile_index": 0.0, "tileset": "spr_towerentrancehall", "coord": [ 0.0, 0.0 ] }, "-32_480": { "autotile": 1.0, "autotile_index": 0.0, "tileset": "spr_towerentrancehall", "coord": [ 0.0, 0.0 ] }, "224_-160": { "autotile": 1.0, "autotile_index": 0.0, "tileset": "spr_minigolfprops", "coord": [ 0.0, 21.0 ] }, "1248_-320": { "autotile": 1.0, "autotile_index": 0.0, "tileset": "spr_towerentrancehall", "coord": [ 0.0, 0.0 ] }, "1440_-64": { "autotile": 1.0, "autotile_index": 0.0, "tileset": "spr_towerentrancehall", "coord": [ 14.0, 3.0 ] }, "2144_544": { "autotile": 1.0, "autotile_index": 0.0, "tileset": "spr_towerentrancehall", "coord": [ 0.0, 0.0 ] }, "320_-288": { "autotile": 1.0, "autotile_index": 0.0, "tileset": "spr_towerentrancehall", "coord": [ 12.0, 5.0 ] }, "256_64": { "autotile": 1.0, "autotile_index": 0.0, "tileset": "spr_minigolfprops", "coord": [ 4.0, 24.0 ] }, "1856_192": { "autotile": 1.0, "autotile_index": 0.0, "tileset": "spr_towerentrancehall", "coord": [ 12.0, 5.0 ] }, "-32_0": { "autotile": 1.0, "autotile_index": 0.0, "tileset": "spr_towerentrancehall", "coord": [ 0.0, 0.0 ] }, "1504_-320": { "autotile": 1.0, "autotile_index": 0.0, "tileset": "spr_towerentrancehall", "coord": [ 0.0, 0.0 ] }, "2112_-32": { "autotile": 1.0, "autotile_index": 0.0, "tileset": "spr_towerentrancehall", "coord": [ 0.0, 0.0 ] }, "1056_544": { "autotile": 1.0, "autotile_index": 0.0, "tileset": "spr_towerentrancehall", "coord": [ 0.0, 0.0 ] }, "0_64": { "autotile": 1.0, "autotile_index": 0.0, "tileset": "spr_towerentrancehall", "coord": [ 14.0, 3.0 ] }, "288_512": { "autotile": 1.0, "autotile_index": 0.0, "tileset": "spr_towerentrancehall", "coord": [ 10.0, 0.0 ] }, "672_512": { "autotile": 1.0, "autotile_index": 0.0, "tileset": "spr_towerentrancehall", "coord": [ 11.0, 2.0 ] }, "416_448": { "autotile": 1.0, "autotile_index": 0.0, "tileset": "spr_towerentrancehall", "coord": [ 12.0, 0.0 ] }, "2112_416": { "autotile": 1.0, "autotile_index": 0.0, "tileset": "spr_towerentrancehall", "coord": [ 0.0, 0.0 ] }, "1280_-320": { "autotile": 1.0, "autotile_index": 0.0, "tileset": "spr_towerentrancehall", "coord": [ 0.0, 0.0 ] }, "-32_-96": { "autotile": 1.0, "autotile_index": 0.0, "tileset": "spr_towerentrancehall", "coord": [ 0.0, 0.0 ] }, "-32_224": { "autotile": 1.0, "autotile_index": 0.0, "tileset": "spr_towerentrancehall", "coord": [ 0.0, 0.0 ] }, "1728_512": { "autotile": 1.0, "autotile_index": 0.0, "tileset": "spr_towerentrancehall", "coord": [ 12.0, 0.0 ] }, "1184_-288": { "autotile": 1.0, "autotile_index": 0.0, "tileset": "spr_towerentrancehall", "coord": [ 10.0, 5.0 ] }, "1408_-288": { "autotile": 1.0, "autotile_index": 0.0, "tileset": "spr_towerentrancehall", "coord": [ 15.0, 0.0 ] }, "2080_192": { "autotile": 1.0, "autotile_index": 0.0, "tileset": "spr_towerentrancehall", "coord": [ 9.0, 1.0 ] }, "736_-320": { "autotile": 1.0, "autotile_index": 0.0, "tileset": "spr_towerentrancehall", "coord": [ 0.0, 0.0 ] }, "-32_448": { "autotile": 1.0, "autotile_index": 0.0, "tileset": "spr_towerentrancehall", "coord": [ 0.0, 0.0 ] }, "1120_-320": { "autotile": 1.0, "autotile_index": 0.0, "tileset": "spr_towerentrancehall", "coord": [ 0.0, 0.0 ] }, "832_448": { "autotile": 1.0, "autotile_index": 0.0, "tileset": "spr_towerentrancehall", "coord": [ 12.0, 0.0 ] }, "288_-288": { "autotile": 1.0, "autotile_index": 0.0, "tileset": "spr_towerentrancehall", "coord": [ 10.0, 5.0 ] }, "512_64": { "autotile": 1.0, "autotile_index": 0.0, "tileset": "spr_sewer1props", "coord": [ 2.0, 16.0 ] }, "480_-288": { "autotile": 1.0, "autotile_index": 0.0, "tileset": "spr_towerentrancehall", "coord": [ 11.0, 5.0 ] }, "1248_512": { "autotile": 1.0, "autotile_index": 0.0, "tileset": "spr_towerentrancehall", "coord": [ 10.0, 0.0 ] }, "992_512": { "autotile": 1.0, "autotile_index": 0.0, "tileset": "spr_towerentrancehall", "coord": [ 11.0, 0.0 ] }, "1216_544": { "autotile": 1.0, "autotile_index": 0.0, "tileset": "spr_towerentrancehall", "coord": [ 0.0, 0.0 ] }, "2112_-288": { "autotile": 1.0, "autotile_index": 0.0, "tileset": "spr_towerentrancehall", "coord": [ 0.0, 0.0 ] }, "672_544": { "autotile": 1.0, "autotile_index": 0.0, "tileset": "spr_towerentrancehall", "coord": [ 0.0, 0.0 ] }, "1856_-320": { "autotile": 1.0, "autotile_index": 0.0, "tileset": "spr_towerentrancehall", "coord": [ 0.0, 0.0 ] }, "1440_128": { "autotile": 1.0, "autotile_index": 0.0, "tileset": "spr_towerentrancehall", "coord": [ 14.0, 3.0 ] }, "64_544": { "autotile": 1.0, "autotile_index": 0.0, "tileset": "spr_towerentrancehall", "coord": [ 0.0, 0.0 ] }, "512_544": { "autotile": 1.0, "autotile_index": 0.0, "tileset": "spr_towerentrancehall", "coord": [ 0.0, 0.0 ] }, "768_-288": { "autotile": 1.0, "autotile_index": 0.0, "tileset": "spr_towerentrancehall", "coord": [ 11.0, 5.0 ] }, "256_0": { "autotile": 1.0, "autotile_index": 0.0, "tileset": "spr_minigolfprops", "coord": [ 4.0, 21.0 ] }, "2080_-224": { "autotile": 1.0, "autotile_index": 0.0, "tileset": "spr_towerentrancehall", "coord": [ 9.0, 2.0 ] }, "2112_224": { "autotile": 1.0, "autotile_index": 0.0, "tileset": "spr_towerentrancehall", "coord": [ 0.0, 0.0 ] }, "1376_96": { "autotile": 1.0, "autotile_index": 0.0, "tileset": "spr_towerentrancehall", "coord": [ 9.0, 1.0 ] }, "1504_-288": { "autotile": 1.0, "autotile_index": 0.0, "tileset": "spr_towerentrancehall", "coord": [ 12.0, 5.0 ] }, "1536_512": { "autotile": 1.0, "autotile_index": 0.0, "tileset": "spr_towerentrancehall", "coord": [ 12.0, 0.0 ] }, "2080_-256": { "autotile": 1.0, "autotile_index": 0.0, "tileset": "spr_towerentrancehall", "coord": [ 9.0, 1.0 ] }, "1952_-320": { "autotile": 1.0, "autotile_index": 0.0, "tileset": "spr_towerentrancehall", "coord": [ 0.0, 0.0 ] }, "224_-32": { "autotile": 1.0, "autotile_index": 0.0, "tileset": "spr_minigolfprops", "coord": [ 0.0, 22.0 ] }, "1632_160": { "autotile": 1.0, "autotile_index": 0.0, "tileset": "spr_towerentrancehall", "coord": [ 12.0, 0.0 ] }, "1824_512": { "autotile": 1.0, "autotile_index": 0.0, "tileset": "spr_towerentrancehall", "coord": [ 11.0, 0.0 ] }, "2112_-64": { "autotile": 1.0, "autotile_index": 0.0, "tileset": "spr_towerentrancehall", "coord": [ 0.0, 0.0 ] }, "1728_192": { "autotile": 1.0, "autotile_index": 0.0, "tileset": "spr_towerentrancehall", "coord": [ 10.0, 5.0 ] }, "576_-320": { "autotile": 1.0, "autotile_index": 0.0, "tileset": "spr_towerentrancehall", "coord": [ 0.0, 0.0 ] }, "768_544": { "autotile": 1.0, "autotile_index": 0.0, "tileset": "spr_towerentrancehall", "coord": [ 0.0, 0.0 ] }, "736_448": { "autotile": 1.0, "autotile_index": 0.0, "tileset": "spr_towerentrancehall", "coord": [ 10.0, 0.0 ] }, "-32_64": { "autotile": 1.0, "autotile_index": 0.0, "tileset": "spr_towerentrancehall", "coord": [ 0.0, 0.0 ] }, "1376_64": { "autotile": 1.0, "autotile_index": 0.0, "tileset": "spr_towerentrancehall", "coord": [ 9.0, 3.0 ] }, "416_544": { "autotile": 1.0, "autotile_index": 0.0, "tileset": "spr_towerentrancehall", "coord": [ 0.0, 0.0 ] }, "0_-320": { "autotile": 1.0, "autotile_index": 0.0, "tileset": "spr_towerentrancehall", "coord": [ 0.0, 0.0 ] }, "2080_-32": { "autotile": 1.0, "autotile_index": 0.0, "tileset": "spr_towerentrancehall", "coord": [ 9.0, 2.0 ] }, "2112_-192": { "autotile": 1.0, "autotile_index": 0.0, "tileset": "spr_towerentrancehall", "coord": [ 0.0, 0.0 ] }, "224_-256": { "autotile": 1.0, "autotile_index": 0.0, "tileset": "spr_minigolfprops", "coord": [ 0.0, 20.0 ] }, "1536_544": { "autotile": 1.0, "autotile_index": 0.0, "tileset": "spr_towerentrancehall", "coord": [ 0.0, 0.0 ] }, "1792_-288": { "autotile": 1.0, "autotile_index": 0.0, "tileset": "spr_towerentrancehall", "coord": [ 10.0, 5.0 ] }, "160_-288": { "autotile": 1.0, "autotile_index": 0.0, "tileset": "spr_towerentrancehall", "coord": [ 11.0, 5.0 ] }, "2016_-288": { "autotile": 1.0, "autotile_index": 0.0, "tileset": "spr_towerentrancehall", "coord": [ 11.0, 5.0 ] }, "1408_-64": { "autotile": 1.0, "autotile_index": 0.0, "tileset": "spr_towerentrancehall", "coord": [ 15.0, 0.0 ] }, "224_64": { "autotile": 1.0, "autotile_index": 0.0, "tileset": "spr_minigolfprops", "coord": [ 0.0, 24.0 ] }, "1120_544": { "autotile": 1.0, "autotile_index": 0.0, "tileset": "spr_towerentrancehall", "coord": [ 0.0, 0.0 ] }, "0_288": { "autotile": 1.0, "autotile_index": 0.0, "tileset": "spr_towerentrancehall", "coord": [ 14.0, 1.0 ] }, "1856_512": { "autotile": 1.0, "autotile_index": 0.0, "tileset": "spr_towerentrancehall", "coord": [ 10.0, 0.0 ] }, "1408_32": { "autotile": 1.0, "autotile_index": 0.0, "tileset": "spr_towerentrancehall", "coord": [ 15.0, 0.0 ] }, "1376_-64": { "autotile": 1.0, "autotile_index": 0.0, "tileset": "spr_towerentrancehall", "coord": [ 9.0, 1.0 ] }, "-32_288": { "autotile": 1.0, "autotile_index": 0.0, "tileset": "spr_towerentrancehall", "coord": [ 0.0, 0.0 ] }, "1024_-320": { "autotile": 1.0, "autotile_index": 0.0, "tileset": "spr_towerentrancehall", "coord": [ 0.0, 0.0 ] }, "1440_32": { "autotile": 1.0, "autotile_index": 0.0, "tileset": "spr_towerentrancehall", "coord": [ 14.0, 1.0 ] }, "-32_-256": { "autotile": 1.0, "autotile_index": 0.0, "tileset": "spr_towerentrancehall", "coord": [ 0.0, 0.0 ] }, "1504_512": { "autotile": 1.0, "autotile_index": 0.0, "tileset": "spr_towerentrancehall", "coord": [ 12.0, 0.0 ] }, "1824_-288": { "autotile": 1.0, "autotile_index": 0.0, "tileset": "spr_towerentrancehall", "coord": [ 11.0, 5.0 ] }, "-32_352": { "autotile": 1.0, "autotile_index": 0.0, "tileset": "spr_towerentrancehall", "coord": [ 0.0, 0.0 ] }, "1472_-288": { "autotile": 1.0, "autotile_index": 0.0, "tileset": "spr_towerentrancehall", "coord": [ 10.0, 5.0 ] }, "1664_-320": { "autotile": 1.0, "autotile_index": 0.0, "tileset": "spr_towerentrancehall", "coord": [ 0.0, 0.0 ] }, "544_32": { "autotile": 1.0, "autotile_index": 0.0, "tileset": "spr_sewer1props", "coord": [ 3.0, 12.0 ] }, "928_-288": { "autotile": 1.0, "autotile_index": 0.0, "tileset": "spr_towerentrancehall", "coord": [ 10.0, 5.0 ] }, "1376_-128": { "autotile": 1.0, "autotile_index": 0.0, "tileset": "spr_towerentrancehall", "coord": [ 9.0, 3.0 ] }, "1856_160": { "autotile": 1.0, "autotile_index": 0.0, "tileset": "spr_towerentrancehall", "coord": [ 11.0, 0.0 ] }, "2048_512": { "autotile": 1.0, "autotile_index": 0.0, "tileset": "spr_towerentrancehall", "coord": [ 11.0, 0.0 ] }, "0_-256": { "autotile": 1.0, "autotile_index": 0.0, "tileset": "spr_towerentrancehall", "coord": [ 14.0, 3.0 ] }, "1920_-288": { "autotile": 1.0, "autotile_index": 0.0, "tileset": "spr_towerentrancehall", "coord": [ 10.0, 5.0 ] }, "1088_-288": { "autotile": 1.0, "autotile_index": 0.0, "tileset": "spr_towerentrancehall", "coord": [ 12.0, 5.0 ] }, "1376_32": { "autotile": 1.0, "autotile_index": 0.0, "tileset": "spr_towerentrancehall", "coord": [ 9.0, 3.0 ] }, "1376_-192": { "autotile": 1.0, "autotile_index": 0.0, "tileset": "spr_towerentrancehall", "coord": [ 9.0, 3.0 ] }, "256_-160": { "autotile": 1.0, "autotile_index": 0.0, "tileset": "spr_minigolfprops", "coord": [ 4.0, 22.0 ] }, "640_-288": { "autotile": 1.0, "autotile_index": 0.0, "tileset": "spr_towerentrancehall", "coord": [ 11.0, 5.0 ] }, "1440_512": { "autotile": 1.0, "autotile_index": 0.0, "tileset": "spr_towerentrancehall", "coord": [ 12.0, 0.0 ] }, "1728_544": { "autotile": 1.0, "autotile_index": 0.0, "tileset": "spr_towerentrancehall", "coord": [ 0.0, 0.0 ] }, "544_64": { "autotile": 1.0, "autotile_index": 0.0, "tileset": "spr_sewer1props", "coord": [ 3.0, 16.0 ] }, "160_544": { "autotile": 1.0, "autotile_index": 0.0, "tileset": "spr_towerentrancehall", "coord": [ 0.0, 0.0 ] }, "256_-96": { "autotile": 1.0, "autotile_index": 0.0, "tileset": "spr_minigolfprops", "coord": [ 4.0, 22.0 ] }, "2144_448": { "autotile": 1.0, "autotile_index": 0.0, "tileset": "spr_towerentrancehall", "coord": [ 0.0, 0.0 ] }, "96_-320": { "autotile": 1.0, "autotile_index": 0.0, "tileset": "spr_towerentrancehall", "coord": [ 0.0, 0.0 ] }, "2112_512": { "autotile": 1.0, "autotile_index": 0.0, "tileset": "spr_towerentrancehall", "coord": [ 0.0, 0.0 ] }, "1920_160": { "autotile": 1.0, "autotile_index": 0.0, "tileset": "spr_towerentrancehall", "coord": [ 14.0, 0.0 ] }, "1472_-320": { "autotile": 1.0, "autotile_index": 0.0, "tileset": "spr_towerentrancehall", "coord": [ 0.0, 0.0 ] }, "1376_-320": { "autotile": 1.0, "autotile_index": 0.0, "tileset": "spr_towerentrancehall", "coord": [ 0.0, 0.0 ] }, "2112_480": { "autotile": 1.0, "autotile_index": 0.0, "tileset": "spr_towerentrancehall", "coord": [ 0.0, 0.0 ] }, "608_64": { "autotile": 1.0, "autotile_index": 0.0, "tileset": "spr_sewer1props", "coord": [ 5.0, 16.0 ] }, "1408_-96": { "autotile": 1.0, "autotile_index": 0.0, "tileset": "spr_towerentrancehall", "coord": [ 15.0, 0.0 ] }, "512_32": { "autotile": 1.0, "autotile_index": 0.0, "tileset": "spr_sewer1props", "coord": [ 3.0, 12.0 ] }, "1696_192": { "autotile": 1.0, "autotile_index": 0.0, "tileset": "spr_towerentrancehall", "coord": [ 10.0, 5.0 ] }, "1888_512": { "autotile": 1.0, "autotile_index": 0.0, "tileset": "spr_towerentrancehall", "coord": [ 10.0, 0.0 ] }, "448_480": { "autotile": 1.0, "autotile_index": 0.0, "tileset": "spr_towerentrancehall", "coord": [ 11.0, 1.0 ] }, "1152_544": { "autotile": 1.0, "autotile_index": 0.0, "tileset": "spr_towerentrancehall", "coord": [ 0.0, 0.0 ] }, "1536_192": { "autotile": 1.0, "autotile_index": 0.0, "tileset": "spr_towerentrancehall", "coord": [ 11.0, 5.0 ] }, "1408_-256": { "autotile": 1.0, "autotile_index": 0.0, "tileset": "spr_towerentrancehall", "coord": [ 15.0, 0.0 ] }, "1920_544": { "autotile": 1.0, "autotile_index": 0.0, "tileset": "spr_towerentrancehall", "coord": [ 0.0, 0.0 ] }, "2016_-320": { "autotile": 1.0, "autotile_index": 0.0, "tileset": "spr_towerentrancehall", "coord": [ 0.0, 0.0 ] }, "512_448": { "autotile": 1.0, "autotile_index": 0.0, "tileset": "spr_towerentrancehall", "coord": [ 10.0, 0.0 ] }, "2080_-96": { "autotile": 1.0, "autotile_index": 0.0, "tileset": "spr_towerentrancehall", "coord": [ 9.0, 1.0 ] }, "1536_-320": { "autotile": 1.0, "autotile_index": 0.0, "tileset": "spr_towerentrancehall", "coord": [ 0.0, 0.0 ] }, "1472_160": { "autotile": 1.0, "autotile_index": 0.0, "tileset": "spr_towerentrancehall", "coord": [ 11.0, 0.0 ] }, "384_512": { "autotile": 1.0, "autotile_index": 0.0, "tileset": "spr_towerentrancehall", "coord": [ 7.0, 7.0 ] }, "64_-320": { "autotile": 1.0, "autotile_index": 0.0, "tileset": "spr_towerentrancehall", "coord": [ 0.0, 0.0 ] }, "-32_-288": { "autotile": 1.0, "autotile_index": 0.0, "tileset": "spr_towerentrancehall", "coord": [ 0.0, 0.0 ] }, "800_-288": { "autotile": 1.0, "autotile_index": 0.0, "tileset": "spr_towerentrancehall", "coord": [ 12.0, 5.0 ] }, "32_512": { "autotile": 1.0, "autotile_index": 0.0, "tileset": "spr_towerentrancehall", "coord": [ 10.0, 0.0 ] }, "1568_160": { "autotile": 1.0, "autotile_index": 0.0, "tileset": "spr_towerentrancehall", "coord": [ 12.0, 0.0 ] }, "1792_160": { "autotile": 1.0, "autotile_index": 0.0, "tileset": "spr_towerentrancehall", "coord": [ 10.0, 0.0 ] }, "0_480": { "autotile": 1.0, "autotile_index": 0.0, "tileset": "spr_towerentrancehall", "coord": [ 14.0, 3.0 ] }, "1952_512": { "autotile": 1.0, "autotile_index": 0.0, "tileset": "spr_towerentrancehall", "coord": [ 10.0, 0.0 ] }, "1344_-288": { "autotile": 1.0, "autotile_index": 0.0, "tileset": "spr_towerentrancehall", "coord": [ 12.0, 5.0 ] }, "768_480": { "autotile": 1.0, "autotile_index": 0.0, "tileset": "spr_towerentrancehall", "coord": [ 11.0, 1.0 ] }, "1376_0": { "autotile": 1.0, "autotile_index": 0.0, "tileset": "spr_towerentrancehall", "coord": [ 9.0, 2.0 ] }, "992_-288": { "autotile": 1.0, "autotile_index": 0.0, "tileset": "spr_towerentrancehall", "coord": [ 10.0, 5.0 ] }, "256_-64": { "autotile": 1.0, "autotile_index": 0.0, "tileset": "spr_minigolfprops", "coord": [ 4.0, 23.0 ] }, "2080_128": { "autotile": 1.0, "autotile_index": 0.0, "tileset": "spr_towerentrancehall", "coord": [ 9.0, 2.0 ] }, "2080_160": { "autotile": 1.0, "autotile_index": 0.0, "tileset": "spr_towerentrancehall", "coord": [ 9.0, 1.0 ] }, "256_-224": { "autotile": 1.0, "autotile_index": 0.0, "tileset": "spr_minigolfprops", "coord": [ 4.0, 22.0 ] }, "2048_-320": { "autotile": 1.0, "autotile_index": 0.0, "tileset": "spr_towerentrancehall", "coord": [ 0.0, 0.0 ] }, "0_-288": { "autotile": 1.0, "autotile_index": 0.0, "tileset": "spr_towerentrancehall", "coord": [ 1.0, 2.0 ] }, "2112_192": { "autotile": 1.0, "autotile_index": 0.0, "tileset": "spr_towerentrancehall", "coord": [ 0.0, 0.0 ] }, "832_-288": { "autotile": 1.0, "autotile_index": 0.0, "tileset": "spr_towerentrancehall", "coord": [ 12.0, 5.0 ] }, "1664_-288": { "autotile": 1.0, "autotile_index": 0.0, "tileset": "spr_towerentrancehall", "coord": [ 11.0, 5.0 ] }, "1376_192": { "autotile": 1.0, "autotile_index": 0.0, "tileset": "spr_towerentrancehall", "coord": [ 9.0, 5.0 ] } }, "-1": { } }, "backgrounds": { "5": { "x": 0.0, "scroll_x": 0.80000000000000004440892098500626, "tile_y": 1.0, "hspeed": 0.0, "scroll_y": 0.80000000000000004440892098500626, "panic_sprite": -1.0, "y": 0.0, "sprite": "bg_entrance2", "tile_x": 1.0, "vspeed": 0.0, "image_speed": 0.0 }, "6": { "x": 0.0, "scroll_x": 0.75, "tile_y": 1.0, "hspeed": 0.0, "scroll_y": 0.75, "panic_sprite": -1.0, "y": 0.0, "sprite": "bg_entrance1", "tile_x": 1.0, "vspeed": 0.0, "image_speed": 0.0 } }, "properties": { "song": "", "roomX": 0.0, "levelWidth": 2112.0, "roomY": -288.0, "levelHeight": 540.0, "songTransitionTime": 100.0 } }