{ "editorVersion": 5.0, "instances": [ { "layer": 0.0, "deleted": 0.0, "variables": { "x": 736.0, "flipX": 0.0, "y": 576.0, "flipY": 0.0 }, "object": 517.0 }, { "layer": 0.0, "deleted": 0.0, "variables": { "x": 896.0, "flipX": 0.0, "y": -384.0, "flipY": 0.0 }, "object": 517.0 }, { "layer": 0.0, "deleted": 0.0, "variables": { "x": 928.0, "flipX": 0.0, "y": -384.0, "flipY": 0.0 }, "object": 517.0 }, { "layer": 0.0, "deleted": 0.0, "variables": { "x": 960.0, "flipX": 0.0, "y": -384.0, "flipY": 0.0 }, "object": 517.0 }, { "layer": 0.0, "deleted": 0.0, "variables": { "x": 992.0, "flipX": 0.0, "y": -384.0, "flipY": 0.0 }, "object": 517.0 }, { "layer": 0.0, "deleted": 0.0, "variables": { "x": 1024.0, "flipX": 0.0, "y": -384.0, "flipY": 0.0 }, "object": 517.0 }, { "layer": 0.0, "deleted": 0.0, "variables": { "x": 1056.0, "flipX": 0.0, "y": -384.0, "flipY": 0.0 }, "object": 517.0 }, { "layer": 0.0, "deleted": 0.0, "variables": { "x": 1088.0, "flipX": 0.0, "y": -384.0, "flipY": 0.0 }, "object": 517.0 }, { "layer": 0.0, "deleted": 0.0, "variables": { "x": 1120.0, "flipX": 0.0, "y": -384.0, "flipY": 0.0 }, "object": 517.0 }, { "layer": 0.0, "deleted": 0.0, "variables": { "x": 1152.0, "flipX": 0.0, "y": -384.0, "flipY": 0.0 }, "object": 517.0 }, { "layer": 0.0, "deleted": 0.0, "variables": { "x": 1184.0, "flipX": 0.0, "y": -384.0, "flipY": 0.0 }, "object": 517.0 }, { "layer": 0.0, "deleted": 0.0, "variables": { "x": 1216.0, "flipX": 0.0, "y": -384.0, "flipY": 0.0 }, "object": 517.0 }, { "layer": 0.0, "deleted": 0.0, "variables": { "x": 1248.0, "flipX": 0.0, "y": -384.0, "flipY": 0.0 }, "object": 517.0 }, { "layer": 0.0, "deleted": 0.0, "variables": { "x": 1248.0, "flipX": 0.0, "y": -352.0, "flipY": 0.0 }, "object": 517.0 }, { "layer": 0.0, "deleted": 0.0, "variables": { "x": 1248.0, "flipX": 0.0, "y": -320.0, "flipY": 0.0 }, "object": 517.0 }, { "layer": 0.0, "deleted": 0.0, "variables": { "x": 1248.0, "flipX": 0.0, "y": -288.0, "flipY": 0.0 }, "object": 517.0 }, { "layer": 0.0, "deleted": 0.0, "variables": { "x": 1248.0, "flipX": 0.0, "y": -256.0, "flipY": 0.0 }, "object": 517.0 }, { "layer": 0.0, "deleted": 0.0, "variables": { "x": 1248.0, "flipX": 0.0, "y": -224.0, "flipY": 0.0 }, "object": 517.0 }, { "layer": 0.0, "deleted": 0.0, "variables": { "x": 1248.0, "flipX": 0.0, "y": -192.0, "flipY": 0.0 }, "object": 517.0 }, { "layer": 0.0, "deleted": 0.0, "variables": { "x": 1248.0, "flipX": 0.0, "y": -160.0, "flipY": 0.0 }, "object": 517.0 }, { "layer": 0.0, "deleted": 0.0, "variables": { "x": 1216.0, "flipX": 0.0, "y": -160.0, "flipY": 0.0 }, "object": 517.0 }, { "layer": 0.0, "deleted": 0.0, "variables": { "x": 1184.0, "flipX": 0.0, "y": -160.0, "flipY": 0.0 }, "object": 517.0 }, { "layer": 0.0, "deleted": 0.0, "variables": { "x": 1152.0, "flipX": 0.0, "y": -160.0, "flipY": 0.0 }, "object": 517.0 }, { "layer": 0.0, "deleted": 0.0, "variables": { "x": 1120.0, "flipX": 0.0, "y": -160.0, "flipY": 0.0 }, "object": 517.0 }, { "layer": 0.0, "deleted": 0.0, "variables": { "x": 1120.0, "flipX": 0.0, "y": -128.0, "flipY": 0.0 }, "object": 517.0 }, { "layer": 0.0, "deleted": 0.0, "variables": { "x": 1120.0, "flipX": 0.0, "y": -96.0, "flipY": 0.0 }, "object": 517.0 }, { "layer": 0.0, "deleted": 0.0, "variables": { "x": 1120.0, "flipX": 0.0, "y": -64.0, "flipY": 0.0 }, "object": 517.0 }, { "layer": 0.0, "deleted": 0.0, "variables": { "x": 1120.0, "flipX": 0.0, "y": -32.0, "flipY": 0.0 }, "object": 517.0 }, { "layer": 0.0, "deleted": 0.0, "variables": { "x": 1120.0, "flipX": 0.0, "y": 0.0, "flipY": 0.0 }, "object": 517.0 }, { "layer": 0.0, "deleted": 0.0, "variables": { "x": 1120.0, "flipX": 0.0, "y": 32.0, "flipY": 0.0 }, "object": 517.0 }, { "layer": 0.0, "deleted": 0.0, "variables": { "x": 1120.0, "flipX": 0.0, "y": 64.0, "flipY": 0.0 }, "object": 517.0 }, { "layer": 0.0, "deleted": 0.0, "variables": { "x": 1120.0, "flipX": 0.0, "y": 96.0, "flipY": 0.0 }, "object": 517.0 }, { "layer": 0.0, "deleted": 0.0, "variables": { "x": 1120.0, "flipX": 0.0, "y": 128.0, "flipY": 0.0 }, "object": 517.0 }, { "layer": 0.0, "deleted": 0.0, "variables": { "x": 1120.0, "flipX": 0.0, "y": 160.0, "flipY": 0.0 }, "object": 517.0 }, { "layer": 0.0, "deleted": 0.0, "variables": { "x": 1088.0, "flipX": 0.0, "y": 160.0, "flipY": 0.0 }, "object": 517.0 }, { "layer": 0.0, "deleted": 0.0, "variables": { "x": 1056.0, "flipX": 0.0, "y": 160.0, "flipY": 0.0 }, "object": 517.0 }, { "layer": 0.0, "deleted": 0.0, "variables": { "x": 1024.0, "flipX": 0.0, "y": 160.0, "flipY": 0.0 }, "object": 517.0 }, { "layer": 0.0, "deleted": 0.0, "variables": { "x": 992.0, "flipX": 0.0, "y": 160.0, "flipY": 0.0 }, "object": 517.0 }, { "layer": 0.0, "deleted": 0.0, "variables": { "x": 960.0, "flipX": 0.0, "y": 160.0, "flipY": 0.0 }, "object": 517.0 }, { "layer": 0.0, "deleted": 0.0, "variables": { "x": 928.0, "flipX": 0.0, "y": 160.0, "flipY": 0.0 }, "object": 517.0 }, { "layer": 0.0, "deleted": 0.0, "variables": { "x": 896.0, "flipX": 0.0, "y": 160.0, "flipY": 0.0 }, "object": 517.0 }, { "layer": 0.0, "deleted": 0.0, "variables": { "x": 896.0, "flipX": 0.0, "y": 192.0, "flipY": 0.0 }, "object": 517.0 }, { "layer": 0.0, "deleted": 0.0, "variables": { "x": 896.0, "flipX": 0.0, "y": 224.0, "flipY": 0.0 }, "object": 517.0 }, { "layer": 0.0, "deleted": 0.0, "variables": { "x": 896.0, "flipX": 0.0, "y": 256.0, "flipY": 0.0 }, "object": 517.0 }, { "layer": 0.0, "deleted": 0.0, "variables": { "x": 896.0, "flipX": 0.0, "y": 288.0, "flipY": 0.0 }, "object": 517.0 }, { "layer": 0.0, "deleted": 0.0, "variables": { "x": 896.0, "flipX": 0.0, "y": 320.0, "flipY": 0.0 }, "object": 517.0 }, { "layer": 0.0, "deleted": 0.0, "variables": { "x": 896.0, "flipX": 0.0, "y": 352.0, "flipY": 0.0 }, "object": 517.0 }, { "layer": 0.0, "deleted": 0.0, "variables": { "x": 896.0, "flipX": 0.0, "y": 384.0, "flipY": 0.0 }, "object": 517.0 }, { "layer": 0.0, "deleted": 0.0, "variables": { "x": 896.0, "flipX": 0.0, "y": 416.0, "flipY": 0.0 }, "object": 517.0 }, { "layer": 0.0, "deleted": 0.0, "variables": { "x": 896.0, "flipX": 0.0, "y": 448.0, "flipY": 0.0 }, "object": 517.0 }, { "layer": 0.0, "deleted": 0.0, "variables": { "x": 896.0, "flipX": 0.0, "y": 480.0, "flipY": 0.0 }, "object": 517.0 }, { "layer": 0.0, "deleted": 0.0, "variables": { "x": 960.0, "content": "obj_pizzakintomato", "y": 128.0, "image_xscale": 1.0, "image_yscale": 1.0, "flipX": 0.0, "flipY": 0.0 }, "object": 751.0 }, { "layer": 0.0, "deleted": 0.0, "variables": { "x": 736.0, "flipX": 0.0, "y": 544.0, "flipY": 0.0 }, "object": 517.0 }, { "layer": 0.0, "deleted": 0.0, "variables": { "x": 896.0, "flipX": 0.0, "y": 512.0, "flipY": 0.0 }, "object": 517.0 }, { "layer": 0.0, "deleted": 0.0, "variables": { "x": 736.0, "flipX": 0.0, "y": 512.0, "flipY": 0.0 }, "object": 517.0 }, { "layer": 0.0, "deleted": 0.0, "variables": { "x": 736.0, "flipX": 0.0, "y": 480.0, "flipY": 0.0 }, "object": 517.0 }, { "layer": 0.0, "deleted": 0.0, "variables": { "x": 736.0, "flipX": 0.0, "y": 448.0, "flipY": 0.0 }, "object": 517.0 }, { "layer": 0.0, "deleted": 0.0, "variables": { "x": 736.0, "flipX": 0.0, "y": 416.0, "flipY": 0.0 }, "object": 517.0 }, { "layer": 0.0, "deleted": 0.0, "variables": { "x": 736.0, "flipX": 0.0, "y": 384.0, "flipY": 0.0 }, "object": 517.0 }, { "layer": 0.0, "deleted": 0.0, "variables": { "x": 736.0, "flipX": 0.0, "y": 352.0, "flipY": 0.0 }, "object": 517.0 }, { "layer": 0.0, "deleted": 0.0, "variables": { "x": 736.0, "flipX": 0.0, "y": 320.0, "flipY": 0.0 }, "object": 517.0 }, { "layer": 0.0, "deleted": 0.0, "variables": { "x": 736.0, "flipX": 0.0, "y": 288.0, "flipY": 0.0 }, "object": 517.0 }, { "layer": 0.0, "deleted": 0.0, "variables": { "x": 736.0, "flipX": 0.0, "y": 256.0, "flipY": 0.0 }, "object": 517.0 }, { "layer": 0.0, "deleted": 0.0, "variables": { "x": 736.0, "flipX": 0.0, "y": 224.0, "flipY": 0.0 }, "object": 517.0 }, { "layer": 0.0, "deleted": 0.0, "variables": { "x": 736.0, "flipX": 0.0, "y": 192.0, "flipY": 0.0 }, "object": 517.0 }, { "layer": 0.0, "deleted": 0.0, "variables": { "x": 736.0, "flipX": 0.0, "y": 160.0, "flipY": 0.0 }, "object": 517.0 }, { "layer": 0.0, "deleted": 0.0, "variables": { "x": 736.0, "flipX": 0.0, "y": 128.0, "flipY": 0.0 }, "object": 517.0 }, { "layer": 0.0, "deleted": 0.0, "variables": { "x": 736.0, "flipX": 0.0, "y": 96.0, "flipY": 0.0 }, "object": 517.0 }, { "layer": 0.0, "deleted": 0.0, "variables": { "x": 736.0, "flipX": 0.0, "y": 64.0, "flipY": 0.0 }, "object": 517.0 }, { "layer": 0.0, "deleted": 0.0, "variables": { "x": 736.0, "flipX": 0.0, "y": 32.0, "flipY": 0.0 }, "object": 517.0 }, { "layer": 0.0, "deleted": 0.0, "variables": { "x": 736.0, "flipX": 0.0, "y": 0.0, "flipY": 0.0 }, "object": 517.0 }, { "layer": 0.0, "deleted": 0.0, "variables": { "x": 768.0, "flipX": 0.0, "y": 0.0, "flipY": 0.0 }, "object": 517.0 }, { "layer": 0.0, "deleted": 0.0, "variables": { "x": 800.0, "flipX": 0.0, "y": 0.0, "flipY": 0.0 }, "object": 517.0 }, { "layer": 0.0, "deleted": 0.0, "variables": { "x": 832.0, "flipX": 0.0, "y": 0.0, "flipY": 0.0 }, "object": 517.0 }, { "layer": 0.0, "deleted": 0.0, "variables": { "x": 864.0, "flipX": 0.0, "y": 0.0, "flipY": 0.0 }, "object": 517.0 }, { "layer": 0.0, "deleted": 0.0, "variables": { "x": 896.0, "flipX": 0.0, "y": 0.0, "flipY": 0.0 }, "object": 517.0 }, { "layer": 0.0, "deleted": 0.0, "variables": { "x": 928.0, "flipX": 0.0, "y": 0.0, "flipY": 0.0 }, "object": 517.0 }, { "layer": 0.0, "deleted": 0.0, "variables": { "x": 960.0, "flipX": 0.0, "y": 0.0, "flipY": 0.0 }, "object": 517.0 }, { "layer": 0.0, "deleted": 0.0, "variables": { "x": 960.0, "flipX": 0.0, "y": -32.0, "flipY": 0.0 }, "object": 517.0 }, { "layer": 0.0, "deleted": 0.0, "variables": { "x": 960.0, "flipX": 0.0, "y": -64.0, "flipY": 0.0 }, "object": 517.0 }, { "layer": 0.0, "deleted": 0.0, "variables": { "x": 960.0, "flipX": 0.0, "y": -96.0, "flipY": 0.0 }, "object": 517.0 }, { "layer": 0.0, "deleted": 0.0, "variables": { "x": 960.0, "flipX": 0.0, "y": -128.0, "flipY": 0.0 }, "object": 517.0 }, { "layer": 0.0, "deleted": 0.0, "variables": { "x": 960.0, "flipX": 0.0, "y": -160.0, "flipY": 0.0 }, "object": 517.0 }, { "layer": 0.0, "deleted": 0.0, "variables": { "x": 928.0, "flipX": 0.0, "y": -160.0, "flipY": 0.0 }, "object": 517.0 }, { "layer": 0.0, "deleted": 0.0, "variables": { "x": 896.0, "flipX": 0.0, "y": -160.0, "flipY": 0.0 }, "object": 517.0 }, { "layer": 0.0, "deleted": 0.0, "variables": { "x": 896.0, "flipX": 0.0, "y": -320.0, "flipY": 0.0 }, "object": 738.0 }, { "layer": 0.0, "deleted": 0.0, "variables": { "x": 896.0, "flipX": 0.0, "y": -288.0, "flipY": 0.0 }, "object": 738.0 }, { "layer": 0.0, "deleted": 0.0, "variables": { "x": 896.0, "flipX": 0.0, "y": -256.0, "flipY": 0.0 }, "object": 738.0 }, { "layer": 0.0, "deleted": 0.0, "variables": { "x": 896.0, "flipX": 0.0, "y": -224.0, "flipY": 0.0 }, "object": 738.0 }, { "layer": 0.0, "deleted": 0.0, "variables": { "x": 896.0, "flipX": 0.0, "y": -192.0, "flipY": 0.0 }, "object": 738.0 }, { "layer": 0.0, "deleted": 0.0, "variables": { "x": 896.0, "flipX": 0.0, "y": -352.0, "flipY": 0.0 }, "object": 517.0 }, { "layer": 0.0, "deleted": 0.0, "variables": { "x": 1088.0, "flipX": 0.0, "y": 128.0, "flipY": 0.0 }, "object": 516.0 }, { "layer": 0.0, "deleted": 0.0, "variables": { "x": 1120.0, "y": -256.0, "targetRoom": "1", "image_xscale": 1.0, "image_yscale": 1.0, "flipX": 0.0, "flipY": 0.0 }, "object": 795.0 }, { "layer": 0.0, "deleted": 0.0, "variables": { "x": 1152.0, "y": -192.0, "image_xscale": 1.0, "image_yscale": 1.0, "flipX": 0.0, "flipY": 0.0 }, "object": 807.0 }, { "layer": 0.0, "deleted": 0.0, "variables": { "x": 1152.0, "flipX": 0.0, "y": -288.0, "flipY": 0.0 }, "object": 804.0 }, { "layer": 0.0, "deleted": 0.0, "variables": { "x": 1056.0, "flipX": 0.0, "y": -128.0, "flipY": 0.0 }, "object": 752.0 }, { "layer": 0.0, "deleted": 0.0, "variables": { "x": 1056.0, "flipX": 0.0, "y": -64.0, "flipY": 0.0 }, "object": 752.0 }, { "layer": 0.0, "deleted": 0.0, "variables": { "x": 1056.0, "flipX": 0.0, "y": 0.0, "flipY": 0.0 }, "object": 752.0 }, { "layer": 0.0, "deleted": 0.0, "variables": { "x": 1024.0, "flipX": 0.0, "y": -128.0, "flipY": 0.0 }, "object": 752.0 }, { "layer": 0.0, "deleted": 0.0, "variables": { "x": 1024.0, "flipX": 0.0, "y": -64.0, "flipY": 0.0 }, "object": 752.0 }, { "layer": 0.0, "deleted": 0.0, "variables": { "x": 1024.0, "flipX": 0.0, "y": 0.0, "flipY": 0.0 }, "object": 752.0 }, { "layer": 0.0, "deleted": 0.0, "variables": { "x": 800.0, "flipX": 0.0, "y": 160.0, "flipY": 0.0 }, "object": 752.0 }, { "layer": 0.0, "deleted": 0.0, "variables": { "x": 800.0, "flipX": 0.0, "y": 192.0, "flipY": 0.0 }, "object": 752.0 }, { "layer": 0.0, "deleted": 0.0, "variables": { "x": 800.0, "flipX": 0.0, "y": 224.0, "flipY": 0.0 }, "object": 752.0 }, { "layer": 0.0, "deleted": 0.0, "variables": { "x": 800.0, "flipX": 0.0, "y": 256.0, "flipY": 0.0 }, "object": 752.0 }, { "layer": 0.0, "deleted": 0.0, "variables": { "x": 800.0, "flipX": 0.0, "y": 288.0, "flipY": 0.0 }, "object": 752.0 }, { "layer": 0.0, "deleted": 0.0, "variables": { "x": 800.0, "flipX": 0.0, "y": 320.0, "flipY": 0.0 }, "object": 752.0 }, { "layer": 0.0, "deleted": 0.0, "variables": { "x": 832.0, "flipX": 0.0, "y": 160.0, "flipY": 0.0 }, "object": 752.0 }, { "layer": 0.0, "deleted": 0.0, "variables": { "x": 832.0, "flipX": 0.0, "y": 192.0, "flipY": 0.0 }, "object": 752.0 }, { "layer": 0.0, "deleted": 0.0, "variables": { "x": 832.0, "flipX": 0.0, "y": 224.0, "flipY": 0.0 }, "object": 752.0 }, { "layer": 0.0, "deleted": 0.0, "variables": { "x": 832.0, "flipX": 0.0, "y": 256.0, "flipY": 0.0 }, "object": 752.0 }, { "layer": 0.0, "deleted": 0.0, "variables": { "x": 832.0, "flipX": 0.0, "y": 288.0, "flipY": 0.0 }, "object": 752.0 }, { "layer": 0.0, "deleted": 0.0, "variables": { "x": 832.0, "flipX": 0.0, "y": 320.0, "flipY": 0.0 }, "object": 752.0 }, { "layer": 0.0, "deleted": 0.0, "variables": { "x": 736.0, "flipX": 0.0, "y": 608.0, "flipY": 0.0 }, "object": 517.0 }, { "layer": 0.0, "deleted": 0.0, "variables": { "x": 736.0, "flipX": 0.0, "y": 640.0, "flipY": 0.0 }, "object": 517.0 }, { "layer": 0.0, "deleted": 0.0, "variables": { "x": 896.0, "flipX": 0.0, "y": 544.0, "flipY": 0.0 }, "object": 517.0 }, { "layer": 0.0, "deleted": 0.0, "variables": { "x": 896.0, "flipX": 0.0, "y": 576.0, "flipY": 0.0 }, "object": 517.0 }, { "layer": 0.0, "deleted": 0.0, "variables": { "x": 896.0, "flipX": 0.0, "y": 608.0, "flipY": 0.0 }, "object": 517.0 }, { "layer": 0.0, "deleted": 0.0, "variables": { "x": 896.0, "flipX": 0.0, "y": 640.0, "flipY": 0.0 }, "object": 517.0 }, { "layer": 0.0, "deleted": 0.0, "variables": { "x": 896.0, "flipX": 0.0, "y": 672.0, "flipY": 0.0 }, "object": 517.0 }, { "layer": 0.0, "deleted": 0.0, "variables": { "x": 864.0, "flipX": 0.0, "y": 672.0, "flipY": 0.0 }, "object": 517.0 }, { "layer": 0.0, "deleted": 0.0, "variables": { "x": 832.0, "flipX": 0.0, "y": 672.0, "flipY": 0.0 }, "object": 517.0 }, { "layer": 0.0, "deleted": 0.0, "variables": { "x": 800.0, "flipX": 0.0, "y": 672.0, "flipY": 0.0 }, "object": 517.0 }, { "layer": 0.0, "deleted": 0.0, "variables": { "x": 768.0, "flipX": 0.0, "y": 672.0, "flipY": 0.0 }, "object": 517.0 }, { "layer": 0.0, "deleted": 0.0, "variables": { "x": 736.0, "flipX": 0.0, "y": 672.0, "flipY": 0.0 }, "object": 517.0 }, { "layer": 0.0, "deleted": 0.0, "variables": { "x": 768.0, "y": 608.0, "targetRoom": "3", "image_xscale": 4.0, "image_yscale": 1.0, "flipX": 0.0, "flipY": 0.0, "targetDoor": "B" }, "object": 801.0 }, { "layer": 0.0, "deleted": 0.0, "variables": { "x": 832.0, "flipX": 0.0, "y": 544.0, "flipY": 0.0 }, "object": 805.0 }, { "layer": 0.0, "deleted": 0.0, "variables": { "x": 704.0, "y": -256.0, "targetRoom": "2", "image_xscale": 1.0, "image_yscale": 1.0, "flipX": 0.0, "flipY": 0.0 }, "object": 795.0 }, { "layer": 0.0, "deleted": 0.0, "variables": { "x": 736.0, "flipX": 0.0, "y": -192.0, "flipY": 0.0 }, "object": 808.0 }, { "layer": 0.0, "deleted": 0.0, "variables": { "x": 928.0, "flipX": 0.0, "y": -224.0, "flipY": 0.0 }, "object": 11.0 }, { "layer": 0.0, "deleted": 0.0, "variables": { "x": 960.0, "flipX": 0.0, "y": -224.0, "flipY": 0.0 }, "object": 11.0 }, { "layer": 0.0, "deleted": 0.0, "variables": { "x": 992.0, "flipX": 0.0, "y": -224.0, "flipY": 0.0 }, "object": 11.0 }, { "layer": 0.0, "deleted": 0.0, "variables": { "x": 992.0, "flipX": 0.0, "y": -224.0, "flipY": 0.0 }, "object": 11.0 }, { "layer": 0.0, "deleted": 0.0, "variables": { "x": 864.0, "flipX": 0.0, "y": -352.0, "flipY": 0.0 }, "object": 517.0 }, { "layer": 0.0, "deleted": 0.0, "variables": { "x": 832.0, "flipX": 0.0, "y": -352.0, "flipY": 0.0 }, "object": 517.0 }, { "layer": 0.0, "deleted": 0.0, "variables": { "x": 800.0, "flipX": 0.0, "y": -352.0, "flipY": 0.0 }, "object": 517.0 }, { "layer": 0.0, "deleted": 0.0, "variables": { "x": 768.0, "flipX": 0.0, "y": -352.0, "flipY": 0.0 }, "object": 517.0 }, { "layer": 0.0, "deleted": 0.0, "variables": { "x": 736.0, "flipX": 0.0, "y": -352.0, "flipY": 0.0 }, "object": 517.0 }, { "layer": 0.0, "deleted": 0.0, "variables": { "x": 704.0, "flipX": 0.0, "y": -352.0, "flipY": 0.0 }, "object": 517.0 }, { "layer": 0.0, "deleted": 0.0, "variables": { "x": 672.0, "flipX": 0.0, "y": -352.0, "flipY": 0.0 }, "object": 517.0 }, { "layer": 0.0, "deleted": 0.0, "variables": { "x": 640.0, "flipX": 0.0, "y": -352.0, "flipY": 0.0 }, "object": 517.0 }, { "layer": 0.0, "deleted": 0.0, "variables": { "x": 640.0, "flipX": 0.0, "y": -320.0, "flipY": 0.0 }, "object": 517.0 }, { "layer": 0.0, "deleted": 0.0, "variables": { "x": 640.0, "flipX": 0.0, "y": -288.0, "flipY": 0.0 }, "object": 517.0 }, { "layer": 0.0, "deleted": 0.0, "variables": { "x": 640.0, "flipX": 0.0, "y": -256.0, "flipY": 0.0 }, "object": 517.0 }, { "layer": 0.0, "deleted": 0.0, "variables": { "x": 640.0, "flipX": 0.0, "y": -224.0, "flipY": 0.0 }, "object": 517.0 }, { "layer": 0.0, "deleted": 0.0, "variables": { "x": 640.0, "flipX": 0.0, "y": -192.0, "flipY": 0.0 }, "object": 517.0 }, { "layer": 0.0, "deleted": 0.0, "variables": { "x": 640.0, "flipX": 0.0, "y": -160.0, "flipY": 0.0 }, "object": 517.0 }, { "layer": 0.0, "deleted": 0.0, "variables": { "x": 672.0, "flipX": 0.0, "y": -160.0, "flipY": 0.0 }, "object": 517.0 }, { "layer": 0.0, "deleted": 0.0, "variables": { "x": 704.0, "flipX": 0.0, "y": -160.0, "flipY": 0.0 }, "object": 517.0 }, { "layer": 0.0, "deleted": 0.0, "variables": { "x": 736.0, "flipX": 0.0, "y": -160.0, "flipY": 0.0 }, "object": 517.0 }, { "layer": 0.0, "deleted": 0.0, "variables": { "x": 768.0, "flipX": 0.0, "y": -160.0, "flipY": 0.0 }, "object": 517.0 }, { "layer": 0.0, "deleted": 0.0, "variables": { "x": 800.0, "flipX": 0.0, "y": -160.0, "flipY": 0.0 }, "object": 517.0 }, { "layer": 0.0, "deleted": 0.0, "variables": { "x": 832.0, "flipX": 0.0, "y": -160.0, "flipY": 0.0 }, "object": 517.0 }, { "layer": 0.0, "deleted": 0.0, "variables": { "x": 864.0, "flipX": 0.0, "y": -160.0, "flipY": 0.0 }, "object": 517.0 }, { "layer": 0.0, "deleted": 1.0, "variables": { "x": 1056.0, "flipX": 0.0, "y": -275.0, "flipY": 0.0 }, "object": 769.0 } ], "tile_data": { "5": { "640_-256": { "coord": [ 6.0, 21.0 ], "autotile_index": 0.0, "tileset": "spr_minigolfprops", "autotile": 1.0 }, "1152_32": { "coord": [ 5.0, 21.0 ], "autotile_index": 0.0, "tileset": "spr_minigolfprops", "autotile": 1.0 }, "1120_32": { "coord": [ 0.0, 21.0 ], "autotile_index": 0.0, "tileset": "spr_minigolfprops", "autotile": 1.0 }, "1376_480": { "coord": [ 6.0, 21.0 ], "autotile_index": 0.0, "tileset": "spr_minigolfprops", "autotile": 1.0 }, "544_96": { "coord": [ 6.0, 21.0 ], "autotile_index": 0.0, "tileset": "spr_minigolfprops", "autotile": 1.0 }, "640_320": { "coord": [ 6.0, 21.0 ], "autotile_index": 0.0, "tileset": "spr_minigolfprops", "autotile": 1.0 }, "1248_-96": { "coord": [ 6.0, 21.0 ], "autotile_index": 0.0, "tileset": "spr_minigolfprops", "autotile": 1.0 }, "736_160": { "coord": [ 4.0, 21.0 ], "autotile_index": 0.0, "tileset": "spr_minigolfprops", "autotile": 1.0 }, "608_-160": { "coord": [ 6.0, 21.0 ], "autotile_index": 0.0, "tileset": "spr_minigolfprops", "autotile": 1.0 }, "1088_384": { "coord": [ 6.0, 21.0 ], "autotile_index": 0.0, "tileset": "spr_minigolfprops", "autotile": 1.0 }, "896_-128": { "coord": [ 6.0, 20.0 ], "autotile_index": 0.0, "tileset": "spr_minigolfprops", "autotile": 1.0 }, "1216_384": { "coord": [ 6.0, 21.0 ], "autotile_index": 0.0, "tileset": "spr_minigolfprops", "autotile": 1.0 }, "736_256": { "coord": [ 4.0, 22.0 ], "autotile_index": 0.0, "tileset": "spr_minigolfprops", "autotile": 1.0 }, "1504_288": { "coord": [ 0.0, 0.0 ], "autotile_index": 0.0, "tileset": "spr_minigolfprops", "autotile": 1.0 }, "1472_-160": { "coord": [ 6.0, 21.0 ], "autotile_index": 0.0, "tileset": "spr_minigolfprops", "autotile": 1.0 }, "1216_416": { "coord": [ 6.0, 21.0 ], "autotile_index": 0.0, "tileset": "spr_minigolfprops", "autotile": 1.0 }, "1312_-352": { "coord": [ 6.0, 21.0 ], "autotile_index": 0.0, "tileset": "spr_minigolfprops", "autotile": 1.0 }, "1312_480": { "coord": [ 6.0, 21.0 ], "autotile_index": 0.0, "tileset": "spr_minigolfprops", "autotile": 1.0 }, "1152_512": { "coord": [ 6.0, 21.0 ], "autotile_index": 0.0, "tileset": "spr_minigolfprops", "autotile": 1.0 }, "608_64": { "coord": [ 6.0, 21.0 ], "autotile_index": 0.0, "tileset": "spr_minigolfprops", "autotile": 1.0 }, "736_32": { "coord": [ 4.0, 23.0 ], "autotile_index": 0.0, "tileset": "spr_minigolfprops", "autotile": 1.0 }, "544_-32": { "coord": [ 6.0, 21.0 ], "autotile_index": 0.0, "tileset": "spr_minigolfprops", "autotile": 1.0 }, "1312_512": { "coord": [ 6.0, 21.0 ], "autotile_index": 0.0, "tileset": "spr_minigolfprops", "autotile": 1.0 }, "736_320": { "coord": [ 4.0, 21.0 ], "autotile_index": 0.0, "tileset": "spr_minigolfprops", "autotile": 1.0 }, "992_352": { "coord": [ 6.0, 21.0 ], "autotile_index": 0.0, "tileset": "spr_minigolfprops", "autotile": 1.0 }, "1280_64": { "coord": [ 6.0, 21.0 ], "autotile_index": 0.0, "tileset": "spr_minigolfprops", "autotile": 1.0 }, "640_256": { "coord": [ 6.0, 21.0 ], "autotile_index": 0.0, "tileset": "spr_minigolfprops", "autotile": 1.0 }, "1472_96": { "coord": [ 6.0, 21.0 ], "autotile_index": 0.0, "tileset": "spr_minigolfprops", "autotile": 1.0 }, "1440_96": { "coord": [ 6.0, 21.0 ], "autotile_index": 0.0, "tileset": "spr_minigolfprops", "autotile": 1.0 }, "1120_160": { "coord": [ 3.0, 23.0 ], "autotile_index": 0.0, "tileset": "spr_minigolfprops", "autotile": 1.0 }, "1344_-320": { "coord": [ 6.0, 21.0 ], "autotile_index": 0.0, "tileset": "spr_minigolfprops", "autotile": 1.0 }, "1280_-320": { "coord": [ 5.0, 21.0 ], "autotile_index": 0.0, "tileset": "spr_minigolfprops", "autotile": 1.0 }, "704_480": { "coord": [ 7.0, 21.0 ], "autotile_index": 0.0, "tileset": "spr_minigolfprops", "autotile": 1.0 }, "608_-352": { "coord": [ 6.0, 21.0 ], "autotile_index": 0.0, "tileset": "spr_minigolfprops", "autotile": 1.0 }, "1408_224": { "coord": [ 6.0, 21.0 ], "autotile_index": 0.0, "tileset": "spr_minigolfprops", "autotile": 1.0 }, "544_-96": { "coord": [ 6.0, 21.0 ], "autotile_index": 0.0, "tileset": "spr_minigolfprops", "autotile": 1.0 }, "832_-64": { "coord": [ 6.0, 21.0 ], "autotile_index": 0.0, "tileset": "spr_minigolfprops", "autotile": 1.0 }, "1088_512": { "coord": [ 6.0, 21.0 ], "autotile_index": 0.0, "tileset": "spr_minigolfprops", "autotile": 1.0 }, "1440_128": { "coord": [ 6.0, 21.0 ], "autotile_index": 0.0, "tileset": "spr_minigolfprops", "autotile": 1.0 }, "1408_32": { "coord": [ 6.0, 21.0 ], "autotile_index": 0.0, "tileset": "spr_minigolfprops", "autotile": 1.0 }, "1120_256": { "coord": [ 6.0, 21.0 ], "autotile_index": 0.0, "tileset": "spr_minigolfprops", "autotile": 1.0 }, "1312_-256": { "coord": [ 6.0, 21.0 ], "autotile_index": 0.0, "tileset": "spr_minigolfprops", "autotile": 1.0 }, "544_-320": { "coord": [ 6.0, 21.0 ], "autotile_index": 0.0, "tileset": "spr_minigolfprops", "autotile": 1.0 }, "544_128": { "coord": [ 6.0, 21.0 ], "autotile_index": 0.0, "tileset": "spr_minigolfprops", "autotile": 1.0 }, "736_-352": { "coord": [ 6.0, 21.0 ], "autotile_index": 0.0, "tileset": "spr_minigolfprops", "autotile": 1.0 }, "1216_32": { "coord": [ 6.0, 21.0 ], "autotile_index": 0.0, "tileset": "spr_minigolfprops", "autotile": 1.0 }, "1312_0": { "coord": [ 6.0, 21.0 ], "autotile_index": 0.0, "tileset": "spr_minigolfprops", "autotile": 1.0 }, "1184_512": { "coord": [ 6.0, 21.0 ], "autotile_index": 0.0, "tileset": "spr_minigolfprops", "autotile": 1.0 }, "608_288": { "coord": [ 6.0, 21.0 ], "autotile_index": 0.0, "tileset": "spr_minigolfprops", "autotile": 1.0 }, "1088_416": { "coord": [ 6.0, 21.0 ], "autotile_index": 0.0, "tileset": "spr_minigolfprops", "autotile": 1.0 }, "1280_0": { "coord": [ 6.0, 21.0 ], "autotile_index": 0.0, "tileset": "spr_minigolfprops", "autotile": 1.0 }, "1408_-384": { "coord": [ 6.0, 21.0 ], "autotile_index": 0.0, "tileset": "spr_minigolfprops", "autotile": 1.0 }, "1312_-320": { "coord": [ 6.0, 21.0 ], "autotile_index": 0.0, "tileset": "spr_minigolfprops", "autotile": 1.0 }, "1024_384": { "coord": [ 6.0, 21.0 ], "autotile_index": 0.0, "tileset": "spr_minigolfprops", "autotile": 1.0 }, "736_512": { "coord": [ 6.0, 20.0 ], "autotile_index": 0.0, "tileset": "spr_minigolfprops", "autotile": 1.0 }, "1472_64": { "coord": [ 6.0, 21.0 ], "autotile_index": 0.0, "tileset": "spr_minigolfprops", "autotile": 1.0 }, "736_288": { "coord": [ 4.0, 21.0 ], "autotile_index": 0.0, "tileset": "spr_minigolfprops", "autotile": 1.0 }, "576_-384": { "coord": [ 6.0, 21.0 ], "autotile_index": 0.0, "tileset": "spr_minigolfprops", "autotile": 1.0 }, "576_192": { "coord": [ 6.0, 21.0 ], "autotile_index": 0.0, "tileset": "spr_minigolfprops", "autotile": 1.0 }, "1248_32": { "coord": [ 6.0, 21.0 ], "autotile_index": 0.0, "tileset": "spr_minigolfprops", "autotile": 1.0 }, "1056_512": { "coord": [ 6.0, 21.0 ], "autotile_index": 0.0, "tileset": "spr_minigolfprops", "autotile": 1.0 }, "1024_288": { "coord": [ 6.0, 21.0 ], "autotile_index": 0.0, "tileset": "spr_minigolfprops", "autotile": 1.0 }, "928_-160": { "coord": [ 1.0, 20.0 ], "autotile_index": 0.0, "tileset": "spr_minigolfprops", "autotile": 1.0 }, "896_-352": { "coord": [ 4.0, 23.0 ], "autotile_index": 0.0, "tileset": "spr_minigolfprops", "autotile": 1.0 }, "1184_352": { "coord": [ 6.0, 21.0 ], "autotile_index": 0.0, "tileset": "spr_minigolfprops", "autotile": 1.0 }, "672_288": { "coord": [ 6.0, 21.0 ], "autotile_index": 0.0, "tileset": "spr_minigolfprops", "autotile": 1.0 }, "672_64": { "coord": [ 6.0, 21.0 ], "autotile_index": 0.0, "tileset": "spr_minigolfprops", "autotile": 1.0 }, "576_224": { "coord": [ 6.0, 21.0 ], "autotile_index": 0.0, "tileset": "spr_minigolfprops", "autotile": 1.0 }, "928_-32": { "coord": [ 7.0, 22.0 ], "autotile_index": 0.0, "tileset": "spr_minigolfprops", "autotile": 1.0 }, "544_160": { "coord": [ 6.0, 21.0 ], "autotile_index": 0.0, "tileset": "spr_minigolfprops", "autotile": 1.0 }, "1312_-32": { "coord": [ 6.0, 21.0 ], "autotile_index": 0.0, "tileset": "spr_minigolfprops", "autotile": 1.0 }, "736_-96": { "coord": [ 6.0, 21.0 ], "autotile_index": 0.0, "tileset": "spr_minigolfprops", "autotile": 1.0 }, "896_-64": { "coord": [ 6.0, 21.0 ], "autotile_index": 0.0, "tileset": "spr_minigolfprops", "autotile": 1.0 }, "736_128": { "coord": [ 4.0, 22.0 ], "autotile_index": 0.0, "tileset": "spr_minigolfprops", "autotile": 1.0 }, "608_-96": { "coord": [ 6.0, 21.0 ], "autotile_index": 0.0, "tileset": "spr_minigolfprops", "autotile": 1.0 }, "1344_224": { "coord": [ 6.0, 21.0 ], "autotile_index": 0.0, "tileset": "spr_minigolfprops", "autotile": 1.0 }, "928_0": { "coord": [ 3.0, 24.0 ], "autotile_index": 0.0, "tileset": "spr_minigolfprops", "autotile": 1.0 }, "896_160": { "coord": [ 0.0, 20.0 ], "autotile_index": 0.0, "tileset": "spr_minigolfprops", "autotile": 1.0 }, "1280_-96": { "coord": [ 6.0, 21.0 ], "autotile_index": 0.0, "tileset": "spr_minigolfprops", "autotile": 1.0 }, "704_-32": { "coord": [ 6.0, 21.0 ], "autotile_index": 0.0, "tileset": "spr_minigolfprops", "autotile": 1.0 }, "576_128": { "coord": [ 6.0, 21.0 ], "autotile_index": 0.0, "tileset": "spr_minigolfprops", "autotile": 1.0 }, "1152_-32": { "coord": [ 5.0, 21.0 ], "autotile_index": 0.0, "tileset": "spr_minigolfprops", "autotile": 1.0 }, "960_0": { "coord": [ 4.0, 24.0 ], "autotile_index": 0.0, "tileset": "spr_minigolfprops", "autotile": 1.0 }, "672_32": { "coord": [ 6.0, 21.0 ], "autotile_index": 0.0, "tileset": "spr_minigolfprops", "autotile": 1.0 }, "1312_-224": { "coord": [ 6.0, 21.0 ], "autotile_index": 0.0, "tileset": "spr_minigolfprops", "autotile": 1.0 }, "704_256": { "coord": [ 7.0, 21.0 ], "autotile_index": 0.0, "tileset": "spr_minigolfprops", "autotile": 1.0 }, "704_-128": { "coord": [ 6.0, 21.0 ], "autotile_index": 0.0, "tileset": "spr_minigolfprops", "autotile": 1.0 }, "1024_512": { "coord": [ 6.0, 21.0 ], "autotile_index": 0.0, "tileset": "spr_minigolfprops", "autotile": 1.0 }, "1024_352": { "coord": [ 6.0, 21.0 ], "autotile_index": 0.0, "tileset": "spr_minigolfprops", "autotile": 1.0 }, "1312_192": { "coord": [ 6.0, 21.0 ], "autotile_index": 0.0, "tileset": "spr_minigolfprops", "autotile": 1.0 }, "640_-64": { "coord": [ 6.0, 21.0 ], "autotile_index": 0.0, "tileset": "spr_minigolfprops", "autotile": 1.0 }, "1088_480": { "coord": [ 6.0, 21.0 ], "autotile_index": 0.0, "tileset": "spr_minigolfprops", "autotile": 1.0 }, "544_288": { "coord": [ 6.0, 21.0 ], "autotile_index": 0.0, "tileset": "spr_minigolfprops", "autotile": 1.0 }, "576_544": { "coord": [ 0.0, 0.0 ], "autotile_index": 0.0, "tileset": "spr_minigolfprops", "autotile": 1.0 }, "1120_-128": { "coord": [ 0.0, 22.0 ], "autotile_index": 0.0, "tileset": "spr_minigolfprops", "autotile": 1.0 }, "1408_-320": { "coord": [ 6.0, 21.0 ], "autotile_index": 0.0, "tileset": "spr_minigolfprops", "autotile": 1.0 }, "1408_512": { "coord": [ 6.0, 21.0 ], "autotile_index": 0.0, "tileset": "spr_minigolfprops", "autotile": 1.0 }, "1376_128": { "coord": [ 6.0, 21.0 ], "autotile_index": 0.0, "tileset": "spr_minigolfprops", "autotile": 1.0 }, "608_-224": { "coord": [ 6.0, 21.0 ], "autotile_index": 0.0, "tileset": "spr_minigolfprops", "autotile": 1.0 }, "1280_224": { "coord": [ 6.0, 21.0 ], "autotile_index": 0.0, "tileset": "spr_minigolfprops", "autotile": 1.0 }, "1216_-160": { "coord": [ 2.0, 20.0 ], "autotile_index": 0.0, "tileset": "spr_minigolfprops", "autotile": 1.0 }, "1312_-384": { "coord": [ 6.0, 21.0 ], "autotile_index": 0.0, "tileset": "spr_minigolfprops", "autotile": 1.0 }, "544_352": { "coord": [ 6.0, 21.0 ], "autotile_index": 0.0, "tileset": "spr_minigolfprops", "autotile": 1.0 }, "608_-256": { "coord": [ 6.0, 21.0 ], "autotile_index": 0.0, "tileset": "spr_minigolfprops", "autotile": 1.0 }, "544_-64": { "coord": [ 6.0, 21.0 ], "autotile_index": 0.0, "tileset": "spr_minigolfprops", "autotile": 1.0 }, "1248_-32": { "coord": [ 6.0, 21.0 ], "autotile_index": 0.0, "tileset": "spr_minigolfprops", "autotile": 1.0 }, "1344_480": { "coord": [ 6.0, 21.0 ], "autotile_index": 0.0, "tileset": "spr_minigolfprops", "autotile": 1.0 }, "1408_-32": { "coord": [ 6.0, 21.0 ], "autotile_index": 0.0, "tileset": "spr_minigolfprops", "autotile": 1.0 }, "1024_-384": { "coord": [ 3.0, 24.0 ], "autotile_index": 0.0, "tileset": "spr_minigolfprops", "autotile": 1.0 }, "608_256": { "coord": [ 6.0, 21.0 ], "autotile_index": 0.0, "tileset": "spr_minigolfprops", "autotile": 1.0 }, "1408_128": { "coord": [ 6.0, 21.0 ], "autotile_index": 0.0, "tileset": "spr_minigolfprops", "autotile": 1.0 }, "928_-64": { "coord": [ 7.0, 21.0 ], "autotile_index": 0.0, "tileset": "spr_minigolfprops", "autotile": 1.0 }, "1280_-32": { "coord": [ 6.0, 21.0 ], "autotile_index": 0.0, "tileset": "spr_minigolfprops", "autotile": 1.0 }, "992_512": { "coord": [ 6.0, 21.0 ], "autotile_index": 0.0, "tileset": "spr_minigolfprops", "autotile": 1.0 }, "768_-384": { "coord": [ 6.0, 21.0 ], "autotile_index": 0.0, "tileset": "spr_minigolfprops", "autotile": 1.0 }, "960_192": { "coord": [ 6.0, 20.0 ], "autotile_index": 0.0, "tileset": "spr_minigolfprops", "autotile": 1.0 }, "1344_320": { "coord": [ 6.0, 21.0 ], "autotile_index": 0.0, "tileset": "spr_minigolfprops", "autotile": 1.0 }, "1344_-32": { "coord": [ 6.0, 21.0 ], "autotile_index": 0.0, "tileset": "spr_minigolfprops", "autotile": 1.0 }, "800_-384": { "coord": [ 6.0, 21.0 ], "autotile_index": 0.0, "tileset": "spr_minigolfprops", "autotile": 1.0 }, "896_0": { "coord": [ 3.0, 24.0 ], "autotile_index": 0.0, "tileset": "spr_minigolfprops", "autotile": 1.0 }, "1280_192": { "coord": [ 6.0, 21.0 ], "autotile_index": 0.0, "tileset": "spr_minigolfprops", "autotile": 1.0 }, "672_-96": { "coord": [ 6.0, 21.0 ], "autotile_index": 0.0, "tileset": "spr_minigolfprops", "autotile": 1.0 }, "1440_320": { "coord": [ 6.0, 21.0 ], "autotile_index": 0.0, "tileset": "spr_minigolfprops", "autotile": 1.0 }, "704_384": { "coord": [ 7.0, 21.0 ], "autotile_index": 0.0, "tileset": "spr_minigolfprops", "autotile": 1.0 }, "1344_288": { "coord": [ 6.0, 21.0 ], "autotile_index": 0.0, "tileset": "spr_minigolfprops", "autotile": 1.0 }, "1120_320": { "coord": [ 6.0, 21.0 ], "autotile_index": 0.0, "tileset": "spr_minigolfprops", "autotile": 1.0 }, "544_480": { "coord": [ 6.0, 21.0 ], "autotile_index": 0.0, "tileset": "spr_minigolfprops", "autotile": 1.0 }, "832_-128": { "coord": [ 6.0, 21.0 ], "autotile_index": 0.0, "tileset": "spr_minigolfprops", "autotile": 1.0 }, "960_-128": { "coord": [ 4.0, 22.0 ], "autotile_index": 0.0, "tileset": "spr_minigolfprops", "autotile": 1.0 }, "1312_416": { "coord": [ 6.0, 21.0 ], "autotile_index": 0.0, "tileset": "spr_minigolfprops", "autotile": 1.0 }, "544_64": { "coord": [ 6.0, 21.0 ], "autotile_index": 0.0, "tileset": "spr_minigolfprops", "autotile": 1.0 }, "1440_-192": { "coord": [ 6.0, 21.0 ], "autotile_index": 0.0, "tileset": "spr_minigolfprops", "autotile": 1.0 }, "1344_352": { "coord": [ 6.0, 21.0 ], "autotile_index": 0.0, "tileset": "spr_minigolfprops", "autotile": 1.0 }, "1248_288": { "coord": [ 6.0, 21.0 ], "autotile_index": 0.0, "tileset": "spr_minigolfprops", "autotile": 1.0 }, "1024_480": { "coord": [ 6.0, 21.0 ], "autotile_index": 0.0, "tileset": "spr_minigolfprops", "autotile": 1.0 }, "736_64": { "coord": [ 4.0, 23.0 ], "autotile_index": 0.0, "tileset": "spr_minigolfprops", "autotile": 1.0 }, "640_-448": { "coord": [ 0.0, 0.0 ], "autotile_index": 0.0, "tileset": "spr_minigolfprops", "autotile": 1.0 }, "1344_192": { "coord": [ 6.0, 21.0 ], "autotile_index": 0.0, "tileset": "spr_minigolfprops", "autotile": 1.0 }, "1152_160": { "coord": [ 5.0, 21.0 ], "autotile_index": 0.0, "tileset": "spr_minigolfprops", "autotile": 1.0 }, "1248_-288": { "coord": [ 0.0, 21.0 ], "autotile_index": 0.0, "tileset": "spr_minigolfprops", "autotile": 1.0 }, "640_-288": { "coord": [ 6.0, 21.0 ], "autotile_index": 0.0, "tileset": "spr_minigolfprops", "autotile": 1.0 }, "1376_224": { "coord": [ 6.0, 21.0 ], "autotile_index": 0.0, "tileset": "spr_minigolfprops", "autotile": 1.0 }, "1408_320": { "coord": [ 6.0, 21.0 ], "autotile_index": 0.0, "tileset": "spr_minigolfprops", "autotile": 1.0 }, "1280_32": { "coord": [ 6.0, 21.0 ], "autotile_index": 0.0, "tileset": "spr_minigolfprops", "autotile": 1.0 }, "1184_-384": { "coord": [ 2.0, 24.0 ], "autotile_index": 0.0, "tileset": "spr_minigolfprops", "autotile": 1.0 }, "1408_-224": { "coord": [ 6.0, 21.0 ], "autotile_index": 0.0, "tileset": "spr_minigolfprops", "autotile": 1.0 }, "544_-128": { "coord": [ 6.0, 21.0 ], "autotile_index": 0.0, "tileset": "spr_minigolfprops", "autotile": 1.0 }, "1248_-224": { "coord": [ 0.0, 23.0 ], "autotile_index": 0.0, "tileset": "spr_minigolfprops", "autotile": 1.0 }, "704_192": { "coord": [ 7.0, 21.0 ], "autotile_index": 0.0, "tileset": "spr_minigolfprops", "autotile": 1.0 }, "1376_64": { "coord": [ 6.0, 21.0 ], "autotile_index": 0.0, "tileset": "spr_minigolfprops", "autotile": 1.0 }, "1056_224": { "coord": [ 6.0, 21.0 ], "autotile_index": 0.0, "tileset": "spr_minigolfprops", "autotile": 1.0 }, "1472_512": { "coord": [ 6.0, 21.0 ], "autotile_index": 0.0, "tileset": "spr_minigolfprops", "autotile": 1.0 }, "672_384": { "coord": [ 6.0, 21.0 ], "autotile_index": 0.0, "tileset": "spr_minigolfprops", "autotile": 1.0 }, "1440_288": { "coord": [ 6.0, 21.0 ], "autotile_index": 0.0, "tileset": "spr_minigolfprops", "autotile": 1.0 }, "1152_320": { "coord": [ 6.0, 21.0 ], "autotile_index": 0.0, "tileset": "spr_minigolfprops", "autotile": 1.0 }, "640_-128": { "coord": [ 6.0, 21.0 ], "autotile_index": 0.0, "tileset": "spr_minigolfprops", "autotile": 1.0 }, "544_-160": { "coord": [ 6.0, 21.0 ], "autotile_index": 0.0, "tileset": "spr_minigolfprops", "autotile": 1.0 }, "672_480": { "coord": [ 6.0, 21.0 ], "autotile_index": 0.0, "tileset": "spr_minigolfprops", "autotile": 1.0 }, "1408_-64": { "coord": [ 6.0, 21.0 ], "autotile_index": 0.0, "tileset": "spr_minigolfprops", "autotile": 1.0 }, "1088_320": { "coord": [ 6.0, 21.0 ], "autotile_index": 0.0, "tileset": "spr_minigolfprops", "autotile": 1.0 }, "1376_160": { "coord": [ 6.0, 21.0 ], "autotile_index": 0.0, "tileset": "spr_minigolfprops", "autotile": 1.0 }, "672_-416": { "coord": [ 0.0, 0.0 ], "autotile_index": 0.0, "tileset": "spr_minigolfprops", "autotile": 1.0 }, "1312_160": { "coord": [ 6.0, 21.0 ], "autotile_index": 0.0, "tileset": "spr_minigolfprops", "autotile": 1.0 }, "544_-384": { "coord": [ 6.0, 21.0 ], "autotile_index": 0.0, "tileset": "spr_minigolfprops", "autotile": 1.0 }, "1408_160": { "coord": [ 6.0, 21.0 ], "autotile_index": 0.0, "tileset": "spr_minigolfprops", "autotile": 1.0 }, "672_-64": { "coord": [ 6.0, 21.0 ], "autotile_index": 0.0, "tileset": "spr_minigolfprops", "autotile": 1.0 }, "576_-320": { "coord": [ 6.0, 21.0 ], "autotile_index": 0.0, "tileset": "spr_minigolfprops", "autotile": 1.0 }, "1472_-64": { "coord": [ 6.0, 21.0 ], "autotile_index": 0.0, "tileset": "spr_minigolfprops", "autotile": 1.0 }, "992_448": { "coord": [ 6.0, 21.0 ], "autotile_index": 0.0, "tileset": "spr_minigolfprops", "autotile": 1.0 }, "736_96": { "coord": [ 4.0, 21.0 ], "autotile_index": 0.0, "tileset": "spr_minigolfprops", "autotile": 1.0 }, "1312_-64": { "coord": [ 6.0, 21.0 ], "autotile_index": 0.0, "tileset": "spr_minigolfprops", "autotile": 1.0 }, "1408_448": { "coord": [ 6.0, 21.0 ], "autotile_index": 0.0, "tileset": "spr_minigolfprops", "autotile": 1.0 }, "928_448": { "coord": [ 5.0, 21.0 ], "autotile_index": 0.0, "tileset": "spr_minigolfprops", "autotile": 1.0 }, "1216_224": { "coord": [ 6.0, 21.0 ], "autotile_index": 0.0, "tileset": "spr_minigolfprops", "autotile": 1.0 }, "1184_160": { "coord": [ 6.0, 21.0 ], "autotile_index": 0.0, "tileset": "spr_minigolfprops", "autotile": 1.0 }, "1248_-128": { "coord": [ 6.0, 20.0 ], "autotile_index": 0.0, "tileset": "spr_minigolfprops", "autotile": 1.0 }, "896_352": { "coord": [ 0.0, 23.0 ], "autotile_index": 0.0, "tileset": "spr_minigolfprops", "autotile": 1.0 }, "1056_320": { "coord": [ 6.0, 21.0 ], "autotile_index": 0.0, "tileset": "spr_minigolfprops", "autotile": 1.0 }, "1120_384": { "coord": [ 6.0, 21.0 ], "autotile_index": 0.0, "tileset": "spr_minigolfprops", "autotile": 1.0 }, "704_64": { "coord": [ 7.0, 21.0 ], "autotile_index": 0.0, "tileset": "spr_minigolfprops", "autotile": 1.0 }, "576_-192": { "coord": [ 6.0, 21.0 ], "autotile_index": 0.0, "tileset": "spr_minigolfprops", "autotile": 1.0 }, "672_416": { "coord": [ 6.0, 21.0 ], "autotile_index": 0.0, "tileset": "spr_minigolfprops", "autotile": 1.0 }, "1440_32": { "coord": [ 6.0, 21.0 ], "autotile_index": 0.0, "tileset": "spr_minigolfprops", "autotile": 1.0 }, "704_512": { "coord": [ 6.0, 21.0 ], "autotile_index": 0.0, "tileset": "spr_minigolfprops", "autotile": 1.0 }, "928_224": { "coord": [ 5.0, 21.0 ], "autotile_index": 0.0, "tileset": "spr_minigolfprops", "autotile": 1.0 }, "1344_-128": { "coord": [ 6.0, 21.0 ], "autotile_index": 0.0, "tileset": "spr_minigolfprops", "autotile": 1.0 }, "1056_192": { "coord": [ 6.0, 20.0 ], "autotile_index": 0.0, "tileset": "spr_minigolfprops", "autotile": 1.0 }, "1440_0": { "coord": [ 6.0, 21.0 ], "autotile_index": 0.0, "tileset": "spr_minigolfprops", "autotile": 1.0 }, "960_224": { "coord": [ 6.0, 21.0 ], "autotile_index": 0.0, "tileset": "spr_minigolfprops", "autotile": 1.0 }, "608_160": { "coord": [ 6.0, 21.0 ], "autotile_index": 0.0, "tileset": "spr_minigolfprops", "autotile": 1.0 }, "800_-128": { "coord": [ 6.0, 21.0 ], "autotile_index": 0.0, "tileset": "spr_minigolfprops", "autotile": 1.0 }, "1184_224": { "coord": [ 6.0, 21.0 ], "autotile_index": 0.0, "tileset": "spr_minigolfprops", "autotile": 1.0 }, "768_-64": { "coord": [ 6.0, 21.0 ], "autotile_index": 0.0, "tileset": "spr_minigolfprops", "autotile": 1.0 }, "1216_-384": { "coord": [ 3.0, 24.0 ], "autotile_index": 0.0, "tileset": "spr_minigolfprops", "autotile": 1.0 }, "1408_256": { "coord": [ 6.0, 21.0 ], "autotile_index": 0.0, "tileset": "spr_minigolfprops", "autotile": 1.0 }, "928_192": { "coord": [ 5.0, 20.0 ], "autotile_index": 0.0, "tileset": "spr_minigolfprops", "autotile": 1.0 }, "544_384": { "coord": [ 6.0, 21.0 ], "autotile_index": 0.0, "tileset": "spr_minigolfprops", "autotile": 1.0 }, "608_320": { "coord": [ 6.0, 21.0 ], "autotile_index": 0.0, "tileset": "spr_minigolfprops", "autotile": 1.0 }, "1152_96": { "coord": [ 5.0, 21.0 ], "autotile_index": 0.0, "tileset": "spr_minigolfprops", "autotile": 1.0 }, "672_-128": { "coord": [ 6.0, 21.0 ], "autotile_index": 0.0, "tileset": "spr_minigolfprops", "autotile": 1.0 }, "960_352": { "coord": [ 6.0, 21.0 ], "autotile_index": 0.0, "tileset": "spr_minigolfprops", "autotile": 1.0 }, "1344_512": { "coord": [ 6.0, 21.0 ], "autotile_index": 0.0, "tileset": "spr_minigolfprops", "autotile": 1.0 }, "768_-160": { "coord": [ 6.0, 21.0 ], "autotile_index": 0.0, "tileset": "spr_minigolfprops", "autotile": 1.0 }, "992_384": { "coord": [ 6.0, 21.0 ], "autotile_index": 0.0, "tileset": "spr_minigolfprops", "autotile": 1.0 }, "928_512": { "coord": [ 6.0, 21.0 ], "autotile_index": 0.0, "tileset": "spr_minigolfprops", "autotile": 1.0 }, "1056_416": { "coord": [ 6.0, 21.0 ], "autotile_index": 0.0, "tileset": "spr_minigolfprops", "autotile": 1.0 }, "1376_384": { "coord": [ 6.0, 21.0 ], "autotile_index": 0.0, "tileset": "spr_minigolfprops", "autotile": 1.0 }, "928_-96": { "coord": [ 7.0, 21.0 ], "autotile_index": 0.0, "tileset": "spr_minigolfprops", "autotile": 1.0 }, "1344_-224": { "coord": [ 6.0, 21.0 ], "autotile_index": 0.0, "tileset": "spr_minigolfprops", "autotile": 1.0 }, "1312_-192": { "coord": [ 6.0, 21.0 ], "autotile_index": 0.0, "tileset": "spr_minigolfprops", "autotile": 1.0 }, "1440_-224": { "coord": [ 6.0, 21.0 ], "autotile_index": 0.0, "tileset": "spr_minigolfprops", "autotile": 1.0 }, "1472_-96": { "coord": [ 6.0, 21.0 ], "autotile_index": 0.0, "tileset": "spr_minigolfprops", "autotile": 1.0 }, "864_-64": { "coord": [ 6.0, 21.0 ], "autotile_index": 0.0, "tileset": "spr_minigolfprops", "autotile": 1.0 }, "960_288": { "coord": [ 6.0, 21.0 ], "autotile_index": 0.0, "tileset": "spr_minigolfprops", "autotile": 1.0 }, "896_-160": { "coord": [ 1.0, 23.0 ], "autotile_index": 0.0, "tileset": "spr_minigolfprops", "autotile": 1.0 }, "800_-64": { "coord": [ 6.0, 21.0 ], "autotile_index": 0.0, "tileset": "spr_minigolfprops", "autotile": 1.0 }, "1184_256": { "coord": [ 6.0, 21.0 ], "autotile_index": 0.0, "tileset": "spr_minigolfprops", "autotile": 1.0 }, "1472_-384": { "coord": [ 6.0, 21.0 ], "autotile_index": 0.0, "tileset": "spr_minigolfprops", "autotile": 1.0 }, "1376_-192": { "coord": [ 6.0, 21.0 ], "autotile_index": 0.0, "tileset": "spr_minigolfprops", "autotile": 1.0 }, "1120_-32": { "coord": [ 0.0, 21.0 ], "autotile_index": 0.0, "tileset": "spr_minigolfprops", "autotile": 1.0 }, "1248_128": { "coord": [ 6.0, 21.0 ], "autotile_index": 0.0, "tileset": "spr_minigolfprops", "autotile": 1.0 }, "896_-96": { "coord": [ 6.0, 21.0 ], "autotile_index": 0.0, "tileset": "spr_minigolfprops", "autotile": 1.0 }, "576_288": { "coord": [ 6.0, 21.0 ], "autotile_index": 0.0, "tileset": "spr_minigolfprops", "autotile": 1.0 }, "1280_160": { "coord": [ 6.0, 21.0 ], "autotile_index": 0.0, "tileset": "spr_minigolfprops", "autotile": 1.0 }, "832_-96": { "coord": [ 6.0, 21.0 ], "autotile_index": 0.0, "tileset": "spr_minigolfprops", "autotile": 1.0 }, "1440_-32": { "coord": [ 6.0, 21.0 ], "autotile_index": 0.0, "tileset": "spr_minigolfprops", "autotile": 1.0 }, "928_-128": { "coord": [ 7.0, 20.0 ], "autotile_index": 0.0, "tileset": "spr_minigolfprops", "autotile": 1.0 }, "1152_224": { "coord": [ 6.0, 21.0 ], "autotile_index": 0.0, "tileset": "spr_minigolfprops", "autotile": 1.0 }, "1248_-352": { "coord": [ 0.0, 23.0 ], "autotile_index": 0.0, "tileset": "spr_minigolfprops", "autotile": 1.0 }, "736_352": { "coord": [ 4.0, 22.0 ], "autotile_index": 0.0, "tileset": "spr_minigolfprops", "autotile": 1.0 }, "1472_192": { "coord": [ 6.0, 21.0 ], "autotile_index": 0.0, "tileset": "spr_minigolfprops", "autotile": 1.0 }, "1344_-256": { "coord": [ 6.0, 21.0 ], "autotile_index": 0.0, "tileset": "spr_minigolfprops", "autotile": 1.0 }, "608_512": { "coord": [ 6.0, 21.0 ], "autotile_index": 0.0, "tileset": "spr_minigolfprops", "autotile": 1.0 }, "1472_416": { "coord": [ 6.0, 21.0 ], "autotile_index": 0.0, "tileset": "spr_minigolfprops", "autotile": 1.0 }, "672_-384": { "coord": [ 6.0, 21.0 ], "autotile_index": 0.0, "tileset": "spr_minigolfprops", "autotile": 1.0 }, "1152_-160": { "coord": [ 2.0, 20.0 ], "autotile_index": 0.0, "tileset": "spr_minigolfprops", "autotile": 1.0 }, "960_448": { "coord": [ 6.0, 21.0 ], "autotile_index": 0.0, "tileset": "spr_minigolfprops", "autotile": 1.0 }, "736_-32": { "coord": [ 6.0, 22.0 ], "autotile_index": 0.0, "tileset": "spr_minigolfprops", "autotile": 1.0 }, "1280_-352": { "coord": [ 5.0, 21.0 ], "autotile_index": 0.0, "tileset": "spr_minigolfprops", "autotile": 1.0 }, "1088_-384": { "coord": [ 1.0, 24.0 ], "autotile_index": 0.0, "tileset": "spr_minigolfprops", "autotile": 1.0 }, "544_192": { "coord": [ 6.0, 21.0 ], "autotile_index": 0.0, "tileset": "spr_minigolfprops", "autotile": 1.0 }, "1184_-96": { "coord": [ 6.0, 21.0 ], "autotile_index": 0.0, "tileset": "spr_minigolfprops", "autotile": 1.0 }, "1216_-128": { "coord": [ 6.0, 20.0 ], "autotile_index": 0.0, "tileset": "spr_minigolfprops", "autotile": 1.0 }, "768_-128": { "coord": [ 6.0, 21.0 ], "autotile_index": 0.0, "tileset": "spr_minigolfprops", "autotile": 1.0 }, "928_288": { "coord": [ 5.0, 21.0 ], "autotile_index": 0.0, "tileset": "spr_minigolfprops", "autotile": 1.0 }, "1248_256": { "coord": [ 6.0, 21.0 ], "autotile_index": 0.0, "tileset": "spr_minigolfprops", "autotile": 1.0 }, "928_256": { "coord": [ 5.0, 21.0 ], "autotile_index": 0.0, "tileset": "spr_minigolfprops", "autotile": 1.0 }, "864_-352": { "coord": [ 7.0, 21.0 ], "autotile_index": 0.0, "tileset": "spr_minigolfprops", "autotile": 1.0 }, "1504_192": { "coord": [ 0.0, 0.0 ], "autotile_index": 0.0, "tileset": "spr_minigolfprops", "autotile": 1.0 }, "1312_224": { "coord": [ 6.0, 21.0 ], "autotile_index": 0.0, "tileset": "spr_minigolfprops", "autotile": 1.0 }, "1312_-128": { "coord": [ 6.0, 21.0 ], "autotile_index": 0.0, "tileset": "spr_minigolfprops", "autotile": 1.0 }, "1504_352": { "coord": [ 0.0, 0.0 ], "autotile_index": 0.0, "tileset": "spr_minigolfprops", "autotile": 1.0 }, "864_-160": { "coord": [ 7.0, 21.0 ], "autotile_index": 0.0, "tileset": "spr_minigolfprops", "autotile": 1.0 }, "1216_448": { "coord": [ 6.0, 21.0 ], "autotile_index": 0.0, "tileset": "spr_minigolfprops", "autotile": 1.0 }, "1472_224": { "coord": [ 6.0, 21.0 ], "autotile_index": 0.0, "tileset": "spr_minigolfprops", "autotile": 1.0 }, "544_-288": { "coord": [ 6.0, 21.0 ], "autotile_index": 0.0, "tileset": "spr_minigolfprops", "autotile": 1.0 }, "864_-384": { "coord": [ 7.0, 21.0 ], "autotile_index": 0.0, "tileset": "spr_minigolfprops", "autotile": 1.0 }, "1120_224": { "coord": [ 6.0, 21.0 ], "autotile_index": 0.0, "tileset": "spr_minigolfprops", "autotile": 1.0 }, "608_-448": { "coord": [ 0.0, 0.0 ], "autotile_index": 0.0, "tileset": "spr_minigolfprops", "autotile": 1.0 }, "1504_384": { "coord": [ 0.0, 0.0 ], "autotile_index": 0.0, "tileset": "spr_minigolfprops", "autotile": 1.0 }, "1344_-160": { "coord": [ 6.0, 21.0 ], "autotile_index": 0.0, "tileset": "spr_minigolfprops", "autotile": 1.0 }, "928_384": { "coord": [ 5.0, 21.0 ], "autotile_index": 0.0, "tileset": "spr_minigolfprops", "autotile": 1.0 }, "608_128": { "coord": [ 6.0, 21.0 ], "autotile_index": 0.0, "tileset": "spr_minigolfprops", "autotile": 1.0 }, "1248_0": { "coord": [ 6.0, 21.0 ], "autotile_index": 0.0, "tileset": "spr_minigolfprops", "autotile": 1.0 }, "576_-96": { "coord": [ 6.0, 21.0 ], "autotile_index": 0.0, "tileset": "spr_minigolfprops", "autotile": 1.0 }, "1472_-352": { "coord": [ 6.0, 21.0 ], "autotile_index": 0.0, "tileset": "spr_minigolfprops", "autotile": 1.0 }, "640_192": { "coord": [ 6.0, 21.0 ], "autotile_index": 0.0, "tileset": "spr_minigolfprops", "autotile": 1.0 }, "576_512": { "coord": [ 6.0, 21.0 ], "autotile_index": 0.0, "tileset": "spr_minigolfprops", "autotile": 1.0 }, "1504_320": { "coord": [ 0.0, 0.0 ], "autotile_index": 0.0, "tileset": "spr_minigolfprops", "autotile": 1.0 }, "576_-256": { "coord": [ 6.0, 21.0 ], "autotile_index": 0.0, "tileset": "spr_minigolfprops", "autotile": 1.0 }, "1248_448": { "coord": [ 6.0, 21.0 ], "autotile_index": 0.0, "tileset": "spr_minigolfprops", "autotile": 1.0 }, "1312_96": { "coord": [ 6.0, 21.0 ], "autotile_index": 0.0, "tileset": "spr_minigolfprops", "autotile": 1.0 }, "800_-160": { "coord": [ 6.0, 21.0 ], "autotile_index": 0.0, "tileset": "spr_minigolfprops", "autotile": 1.0 }, "1376_256": { "coord": [ 6.0, 21.0 ], "autotile_index": 0.0, "tileset": "spr_minigolfprops", "autotile": 1.0 }, "672_512": { "coord": [ 6.0, 21.0 ], "autotile_index": 0.0, "tileset": "spr_minigolfprops", "autotile": 1.0 }, "736_-384": { "coord": [ 6.0, 21.0 ], "autotile_index": 0.0, "tileset": "spr_minigolfprops", "autotile": 1.0 }, "1088_128": { "coord": [ 1.0, 1.0 ], "autotile_index": 0.0, "tileset": "spr_minigolfprops", "autotile": 0.0 }, "960_160": { "coord": [ 1.0, 20.0 ], "autotile_index": 0.0, "tileset": "spr_minigolfprops", "autotile": 1.0 }, "576_0": { "coord": [ 6.0, 21.0 ], "autotile_index": 0.0, "tileset": "spr_minigolfprops", "autotile": 1.0 }, "1248_320": { "coord": [ 6.0, 21.0 ], "autotile_index": 0.0, "tileset": "spr_minigolfprops", "autotile": 1.0 }, "1504_-384": { "coord": [ 0.0, 0.0 ], "autotile_index": 0.0, "tileset": "spr_minigolfprops", "autotile": 1.0 }, "1088_192": { "coord": [ 6.0, 20.0 ], "autotile_index": 0.0, "tileset": "spr_minigolfprops", "autotile": 1.0 }, "1152_-64": { "coord": [ 5.0, 21.0 ], "autotile_index": 0.0, "tileset": "spr_minigolfprops", "autotile": 1.0 }, "576_256": { "coord": [ 6.0, 21.0 ], "autotile_index": 0.0, "tileset": "spr_minigolfprops", "autotile": 1.0 }, "1376_416": { "coord": [ 6.0, 21.0 ], "autotile_index": 0.0, "tileset": "spr_minigolfprops", "autotile": 1.0 }, "640_-384": { "coord": [ 6.0, 21.0 ], "autotile_index": 0.0, "tileset": "spr_minigolfprops", "autotile": 1.0 }, "1312_128": { "coord": [ 6.0, 21.0 ], "autotile_index": 0.0, "tileset": "spr_minigolfprops", "autotile": 1.0 }, "1376_288": { "coord": [ 6.0, 21.0 ], "autotile_index": 0.0, "tileset": "spr_minigolfprops", "autotile": 1.0 }, "1408_-256": { "coord": [ 6.0, 21.0 ], "autotile_index": 0.0, "tileset": "spr_minigolfprops", "autotile": 1.0 }, "544_224": { "coord": [ 6.0, 21.0 ], "autotile_index": 0.0, "tileset": "spr_minigolfprops", "autotile": 1.0 }, "672_224": { "coord": [ 6.0, 21.0 ], "autotile_index": 0.0, "tileset": "spr_minigolfprops", "autotile": 1.0 }, "1376_-96": { "coord": [ 6.0, 21.0 ], "autotile_index": 0.0, "tileset": "spr_minigolfprops", "autotile": 1.0 }, "1408_64": { "coord": [ 6.0, 21.0 ], "autotile_index": 0.0, "tileset": "spr_minigolfprops", "autotile": 1.0 }, "576_-288": { "coord": [ 6.0, 21.0 ], "autotile_index": 0.0, "tileset": "spr_minigolfprops", "autotile": 1.0 }, "544_448": { "coord": [ 6.0, 21.0 ], "autotile_index": 0.0, "tileset": "spr_minigolfprops", "autotile": 1.0 }, "1472_-256": { "coord": [ 6.0, 21.0 ], "autotile_index": 0.0, "tileset": "spr_minigolfprops", "autotile": 1.0 }, "1280_512": { "coord": [ 6.0, 21.0 ], "autotile_index": 0.0, "tileset": "spr_minigolfprops", "autotile": 1.0 }, "704_288": { "coord": [ 7.0, 21.0 ], "autotile_index": 0.0, "tileset": "spr_minigolfprops", "autotile": 1.0 }, "1408_192": { "coord": [ 6.0, 21.0 ], "autotile_index": 0.0, "tileset": "spr_minigolfprops", "autotile": 1.0 }, "608_192": { "coord": [ 6.0, 21.0 ], "autotile_index": 0.0, "tileset": "spr_minigolfprops", "autotile": 1.0 }, "1152_448": { "coord": [ 6.0, 21.0 ], "autotile_index": 0.0, "tileset": "spr_minigolfprops", "autotile": 1.0 }, "1152_416": { "coord": [ 6.0, 21.0 ], "autotile_index": 0.0, "tileset": "spr_minigolfprops", "autotile": 1.0 }, "1440_-288": { "coord": [ 6.0, 21.0 ], "autotile_index": 0.0, "tileset": "spr_minigolfprops", "autotile": 1.0 }, "1440_-160": { "coord": [ 6.0, 21.0 ], "autotile_index": 0.0, "tileset": "spr_minigolfprops", "autotile": 1.0 }, "800_0": { "coord": [ 2.0, 24.0 ], "autotile_index": 0.0, "tileset": "spr_minigolfprops", "autotile": 1.0 }, "1280_-128": { "coord": [ 6.0, 21.0 ], "autotile_index": 0.0, "tileset": "spr_minigolfprops", "autotile": 1.0 }, "1472_-320": { "coord": [ 6.0, 21.0 ], "autotile_index": 0.0, "tileset": "spr_minigolfprops", "autotile": 1.0 }, "1408_-160": { "coord": [ 6.0, 21.0 ], "autotile_index": 0.0, "tileset": "spr_minigolfprops", "autotile": 1.0 }, "832_-384": { "coord": [ 6.0, 21.0 ], "autotile_index": 0.0, "tileset": "spr_minigolfprops", "autotile": 1.0 }, "1280_384": { "coord": [ 6.0, 21.0 ], "autotile_index": 0.0, "tileset": "spr_minigolfprops", "autotile": 1.0 }, "1312_-288": { "coord": [ 6.0, 21.0 ], "autotile_index": 0.0, "tileset": "spr_minigolfprops", "autotile": 1.0 }, "1056_448": { "coord": [ 6.0, 21.0 ], "autotile_index": 0.0, "tileset": "spr_minigolfprops", "autotile": 1.0 }, "1440_352": { "coord": [ 6.0, 21.0 ], "autotile_index": 0.0, "tileset": "spr_minigolfprops", "autotile": 1.0 }, "1184_0": { "coord": [ 6.0, 21.0 ], "autotile_index": 0.0, "tileset": "spr_minigolfprops", "autotile": 1.0 }, "960_320": { "coord": [ 6.0, 21.0 ], "autotile_index": 0.0, "tileset": "spr_minigolfprops", "autotile": 1.0 }, "544_32": { "coord": [ 6.0, 21.0 ], "autotile_index": 0.0, "tileset": "spr_minigolfprops", "autotile": 1.0 }, "1280_256": { "coord": [ 6.0, 21.0 ], "autotile_index": 0.0, "tileset": "spr_minigolfprops", "autotile": 1.0 }, "1344_96": { "coord": [ 6.0, 21.0 ], "autotile_index": 0.0, "tileset": "spr_minigolfprops", "autotile": 1.0 }, "864_-32": { "coord": [ 6.0, 22.0 ], "autotile_index": 0.0, "tileset": "spr_minigolfprops", "autotile": 1.0 }, "704_416": { "coord": [ 7.0, 21.0 ], "autotile_index": 0.0, "tileset": "spr_minigolfprops", "autotile": 1.0 }, "1152_352": { "coord": [ 6.0, 21.0 ], "autotile_index": 0.0, "tileset": "spr_minigolfprops", "autotile": 1.0 }, "1120_0": { "coord": [ 0.0, 23.0 ], "autotile_index": 0.0, "tileset": "spr_minigolfprops", "autotile": 1.0 }, "640_416": { "coord": [ 6.0, 21.0 ], "autotile_index": 0.0, "tileset": "spr_minigolfprops", "autotile": 1.0 }, "1472_320": { "coord": [ 6.0, 21.0 ], "autotile_index": 0.0, "tileset": "spr_minigolfprops", "autotile": 1.0 }, "1344_160": { "coord": [ 6.0, 21.0 ], "autotile_index": 0.0, "tileset": "spr_minigolfprops", "autotile": 1.0 }, "1312_384": { "coord": [ 6.0, 21.0 ], "autotile_index": 0.0, "tileset": "spr_minigolfprops", "autotile": 1.0 }, "1440_480": { "coord": [ 6.0, 21.0 ], "autotile_index": 0.0, "tileset": "spr_minigolfprops", "autotile": 1.0 }, "1472_32": { "coord": [ 6.0, 21.0 ], "autotile_index": 0.0, "tileset": "spr_minigolfprops", "autotile": 1.0 }, "672_160": { "coord": [ 6.0, 21.0 ], "autotile_index": 0.0, "tileset": "spr_minigolfprops", "autotile": 1.0 }, "1248_192": { "coord": [ 6.0, 21.0 ], "autotile_index": 0.0, "tileset": "spr_minigolfprops", "autotile": 1.0 }, "1440_-352": { "coord": [ 6.0, 21.0 ], "autotile_index": 0.0, "tileset": "spr_minigolfprops", "autotile": 1.0 }, "1408_384": { "coord": [ 6.0, 21.0 ], "autotile_index": 0.0, "tileset": "spr_minigolfprops", "autotile": 1.0 }, "1120_-160": { "coord": [ 0.0, 20.0 ], "autotile_index": 0.0, "tileset": "spr_minigolfprops", "autotile": 1.0 }, "1472_-288": { "coord": [ 6.0, 21.0 ], "autotile_index": 0.0, "tileset": "spr_minigolfprops", "autotile": 1.0 }, "1440_-128": { "coord": [ 6.0, 21.0 ], "autotile_index": 0.0, "tileset": "spr_minigolfprops", "autotile": 1.0 }, "544_-224": { "coord": [ 6.0, 21.0 ], "autotile_index": 0.0, "tileset": "spr_minigolfprops", "autotile": 1.0 }, "1280_-224": { "coord": [ 5.0, 21.0 ], "autotile_index": 0.0, "tileset": "spr_minigolfprops", "autotile": 1.0 }, "736_-64": { "coord": [ 6.0, 21.0 ], "autotile_index": 0.0, "tileset": "spr_minigolfprops", "autotile": 1.0 }, "1152_-384": { "coord": [ 2.0, 24.0 ], "autotile_index": 0.0, "tileset": "spr_minigolfprops", "autotile": 1.0 }, "576_-224": { "coord": [ 6.0, 21.0 ], "autotile_index": 0.0, "tileset": "spr_minigolfprops", "autotile": 1.0 }, "640_288": { "coord": [ 6.0, 21.0 ], "autotile_index": 0.0, "tileset": "spr_minigolfprops", "autotile": 1.0 }, "608_0": { "coord": [ 6.0, 21.0 ], "autotile_index": 0.0, "tileset": "spr_minigolfprops", "autotile": 1.0 }, "544_512": { "coord": [ 6.0, 21.0 ], "autotile_index": 0.0, "tileset": "spr_minigolfprops", "autotile": 1.0 }, "1376_-256": { "coord": [ 6.0, 21.0 ], "autotile_index": 0.0, "tileset": "spr_minigolfprops", "autotile": 1.0 }, "672_-32": { "coord": [ 6.0, 21.0 ], "autotile_index": 0.0, "tileset": "spr_minigolfprops", "autotile": 1.0 }, "896_224": { "coord": [ 0.0, 23.0 ], "autotile_index": 0.0, "tileset": "spr_minigolfprops", "autotile": 1.0 }, "640_352": { "coord": [ 6.0, 21.0 ], "autotile_index": 0.0, "tileset": "spr_minigolfprops", "autotile": 1.0 }, "640_448": { "coord": [ 6.0, 21.0 ], "autotile_index": 0.0, "tileset": "spr_minigolfprops", "autotile": 1.0 }, "992_256": { "coord": [ 6.0, 21.0 ], "autotile_index": 0.0, "tileset": "spr_minigolfprops", "autotile": 1.0 }, "608_-64": { "coord": [ 6.0, 21.0 ], "autotile_index": 0.0, "tileset": "spr_minigolfprops", "autotile": 1.0 }, "896_384": { "coord": [ 0.0, 21.0 ], "autotile_index": 0.0, "tileset": "spr_minigolfprops", "autotile": 1.0 }, "1472_-192": { "coord": [ 6.0, 21.0 ], "autotile_index": 0.0, "tileset": "spr_minigolfprops", "autotile": 1.0 }, "704_-96": { "coord": [ 6.0, 21.0 ], "autotile_index": 0.0, "tileset": "spr_minigolfprops", "autotile": 1.0 }, "576_416": { "coord": [ 6.0, 21.0 ], "autotile_index": 0.0, "tileset": "spr_minigolfprops", "autotile": 1.0 }, "1120_512": { "coord": [ 6.0, 21.0 ], "autotile_index": 0.0, "tileset": "spr_minigolfprops", "autotile": 1.0 }, "576_320": { "coord": [ 6.0, 21.0 ], "autotile_index": 0.0, "tileset": "spr_minigolfprops", "autotile": 1.0 }, "800_-96": { "coord": [ 6.0, 21.0 ], "autotile_index": 0.0, "tileset": "spr_minigolfprops", "autotile": 1.0 }, "704_-352": { "coord": [ 6.0, 21.0 ], "autotile_index": 0.0, "tileset": "spr_minigolfprops", "autotile": 1.0 }, "1376_-384": { "coord": [ 6.0, 21.0 ], "autotile_index": 0.0, "tileset": "spr_minigolfprops", "autotile": 1.0 }, "1152_0": { "coord": [ 5.0, 21.0 ], "autotile_index": 0.0, "tileset": "spr_minigolfprops", "autotile": 1.0 }, "1280_128": { "coord": [ 6.0, 21.0 ], "autotile_index": 0.0, "tileset": "spr_minigolfprops", "autotile": 1.0 }, "1440_-320": { "coord": [ 6.0, 21.0 ], "autotile_index": 0.0, "tileset": "spr_minigolfprops", "autotile": 1.0 }, "736_480": { "coord": [ 1.0, 23.0 ], "autotile_index": 0.0, "tileset": "spr_minigolfprops", "autotile": 1.0 }, "992_192": { "coord": [ 6.0, 20.0 ], "autotile_index": 0.0, "tileset": "spr_minigolfprops", "autotile": 1.0 }, "960_-64": { "coord": [ 4.0, 22.0 ], "autotile_index": 0.0, "tileset": "spr_minigolfprops", "autotile": 1.0 }, "704_96": { "coord": [ 7.0, 21.0 ], "autotile_index": 0.0, "tileset": "spr_minigolfprops", "autotile": 1.0 }, "896_288": { "coord": [ 0.0, 22.0 ], "autotile_index": 0.0, "tileset": "spr_minigolfprops", "autotile": 1.0 }, "1376_352": { "coord": [ 6.0, 21.0 ], "autotile_index": 0.0, "tileset": "spr_minigolfprops", "autotile": 1.0 }, "1024_320": { "coord": [ 6.0, 21.0 ], "autotile_index": 0.0, "tileset": "spr_minigolfprops", "autotile": 1.0 }, "576_-64": { "coord": [ 6.0, 21.0 ], "autotile_index": 0.0, "tileset": "spr_minigolfprops", "autotile": 1.0 }, "1184_448": { "coord": [ 6.0, 21.0 ], "autotile_index": 0.0, "tileset": "spr_minigolfprops", "autotile": 1.0 }, "1056_352": { "coord": [ 6.0, 21.0 ], "autotile_index": 0.0, "tileset": "spr_minigolfprops", "autotile": 1.0 }, "960_-96": { "coord": [ 4.0, 23.0 ], "autotile_index": 0.0, "tileset": "spr_minigolfprops", "autotile": 1.0 }, "1280_96": { "coord": [ 6.0, 21.0 ], "autotile_index": 0.0, "tileset": "spr_minigolfprops", "autotile": 1.0 }, "704_-64": { "coord": [ 6.0, 21.0 ], "autotile_index": 0.0, "tileset": "spr_minigolfprops", "autotile": 1.0 }, "1280_-384": { "coord": [ 5.0, 21.0 ], "autotile_index": 0.0, "tileset": "spr_minigolfprops", "autotile": 1.0 }, "576_160": { "coord": [ 6.0, 21.0 ], "autotile_index": 0.0, "tileset": "spr_minigolfprops", "autotile": 1.0 }, "1504_224": { "coord": [ 0.0, 0.0 ], "autotile_index": 0.0, "tileset": "spr_minigolfprops", "autotile": 1.0 }, "1344_64": { "coord": [ 6.0, 21.0 ], "autotile_index": 0.0, "tileset": "spr_minigolfprops", "autotile": 1.0 }, "896_480": { "coord": [ 3.0, 23.0 ], "autotile_index": 0.0, "tileset": "spr_minigolfprops", "autotile": 1.0 }, "960_480": { "coord": [ 6.0, 21.0 ], "autotile_index": 0.0, "tileset": "spr_minigolfprops", "autotile": 1.0 }, "1440_-64": { "coord": [ 6.0, 21.0 ], "autotile_index": 0.0, "tileset": "spr_minigolfprops", "autotile": 1.0 }, "1376_96": { "coord": [ 6.0, 21.0 ], "autotile_index": 0.0, "tileset": "spr_minigolfprops", "autotile": 1.0 }, "1120_64": { "coord": [ 0.0, 23.0 ], "autotile_index": 0.0, "tileset": "spr_minigolfprops", "autotile": 1.0 }, "1056_160": { "coord": [ 2.0, 20.0 ], "autotile_index": 0.0, "tileset": "spr_minigolfprops", "autotile": 1.0 }, "928_416": { "coord": [ 5.0, 21.0 ], "autotile_index": 0.0, "tileset": "spr_minigolfprops", "autotile": 1.0 }, "1440_-96": { "coord": [ 6.0, 21.0 ], "autotile_index": 0.0, "tileset": "spr_minigolfprops", "autotile": 1.0 }, "704_320": { "coord": [ 7.0, 21.0 ], "autotile_index": 0.0, "tileset": "spr_minigolfprops", "autotile": 1.0 }, "1312_256": { "coord": [ 6.0, 21.0 ], "autotile_index": 0.0, "tileset": "spr_minigolfprops", "autotile": 1.0 }, "544_256": { "coord": [ 6.0, 21.0 ], "autotile_index": 0.0, "tileset": "spr_minigolfprops", "autotile": 1.0 }, "1024_192": { "coord": [ 6.0, 20.0 ], "autotile_index": 0.0, "tileset": "spr_minigolfprops", "autotile": 1.0 }, "1472_352": { "coord": [ 6.0, 21.0 ], "autotile_index": 0.0, "tileset": "spr_minigolfprops", "autotile": 1.0 }, "1184_32": { "coord": [ 6.0, 21.0 ], "autotile_index": 0.0, "tileset": "spr_minigolfprops", "autotile": 1.0 }, "1280_320": { "coord": [ 6.0, 21.0 ], "autotile_index": 0.0, "tileset": "spr_minigolfprops", "autotile": 1.0 }, "704_0": { "coord": [ 7.0, 21.0 ], "autotile_index": 0.0, "tileset": "spr_minigolfprops", "autotile": 1.0 }, "1376_-224": { "coord": [ 6.0, 21.0 ], "autotile_index": 0.0, "tileset": "spr_minigolfprops", "autotile": 1.0 }, "1312_-160": { "coord": [ 6.0, 21.0 ], "autotile_index": 0.0, "tileset": "spr_minigolfprops", "autotile": 1.0 }, "672_256": { "coord": [ 6.0, 21.0 ], "autotile_index": 0.0, "tileset": "spr_minigolfprops", "autotile": 1.0 }, "992_480": { "coord": [ 6.0, 21.0 ], "autotile_index": 0.0, "tileset": "spr_minigolfprops", "autotile": 1.0 }, "544_0": { "coord": [ 6.0, 21.0 ], "autotile_index": 0.0, "tileset": "spr_minigolfprops", "autotile": 1.0 }, "832_-160": { "coord": [ 6.0, 21.0 ], "autotile_index": 0.0, "tileset": "spr_minigolfprops", "autotile": 1.0 }, "1216_256": { "coord": [ 6.0, 21.0 ], "autotile_index": 0.0, "tileset": "spr_minigolfprops", "autotile": 1.0 }, "1120_-64": { "coord": [ 0.0, 21.0 ], "autotile_index": 0.0, "tileset": "spr_minigolfprops", "autotile": 1.0 }, "608_-288": { "coord": [ 6.0, 21.0 ], "autotile_index": 0.0, "tileset": "spr_minigolfprops", "autotile": 1.0 }, "640_128": { "coord": [ 6.0, 21.0 ], "autotile_index": 0.0, "tileset": "spr_minigolfprops", "autotile": 1.0 }, "928_-384": { "coord": [ 3.0, 24.0 ], "autotile_index": 0.0, "tileset": "spr_minigolfprops", "autotile": 1.0 }, "1024_256": { "coord": [ 6.0, 21.0 ], "autotile_index": 0.0, "tileset": "spr_minigolfprops", "autotile": 1.0 }, "896_448": { "coord": [ 0.0, 22.0 ], "autotile_index": 0.0, "tileset": "spr_minigolfprops", "autotile": 1.0 }, "1440_224": { "coord": [ 6.0, 21.0 ], "autotile_index": 0.0, "tileset": "spr_minigolfprops", "autotile": 1.0 }, "1216_96": { "coord": [ 6.0, 21.0 ], "autotile_index": 0.0, "tileset": "spr_minigolfprops", "autotile": 1.0 }, "1440_512": { "coord": [ 6.0, 21.0 ], "autotile_index": 0.0, "tileset": "spr_minigolfprops", "autotile": 1.0 }, "608_-320": { "coord": [ 6.0, 21.0 ], "autotile_index": 0.0, "tileset": "spr_minigolfprops", "autotile": 1.0 }, "608_-32": { "coord": [ 6.0, 21.0 ], "autotile_index": 0.0, "tileset": "spr_minigolfprops", "autotile": 1.0 }, "832_-352": { "coord": [ 6.0, 21.0 ], "autotile_index": 0.0, "tileset": "spr_minigolfprops", "autotile": 1.0 }, "1184_-128": { "coord": [ 6.0, 20.0 ], "autotile_index": 0.0, "tileset": "spr_minigolfprops", "autotile": 1.0 }, "1216_-32": { "coord": [ 6.0, 21.0 ], "autotile_index": 0.0, "tileset": "spr_minigolfprops", "autotile": 1.0 }, "640_480": { "coord": [ 6.0, 21.0 ], "autotile_index": 0.0, "tileset": "spr_minigolfprops", "autotile": 1.0 }, "704_160": { "coord": [ 7.0, 21.0 ], "autotile_index": 0.0, "tileset": "spr_minigolfprops", "autotile": 1.0 }, "736_384": { "coord": [ 4.0, 23.0 ], "autotile_index": 0.0, "tileset": "spr_minigolfprops", "autotile": 1.0 }, "1344_-352": { "coord": [ 6.0, 21.0 ], "autotile_index": 0.0, "tileset": "spr_minigolfprops", "autotile": 1.0 }, "1184_96": { "coord": [ 6.0, 21.0 ], "autotile_index": 0.0, "tileset": "spr_minigolfprops", "autotile": 1.0 }, "640_64": { "coord": [ 6.0, 21.0 ], "autotile_index": 0.0, "tileset": "spr_minigolfprops", "autotile": 1.0 }, "1472_448": { "coord": [ 6.0, 21.0 ], "autotile_index": 0.0, "tileset": "spr_minigolfprops", "autotile": 1.0 }, "608_96": { "coord": [ 6.0, 21.0 ], "autotile_index": 0.0, "tileset": "spr_minigolfprops", "autotile": 1.0 }, "544_-192": { "coord": [ 6.0, 21.0 ], "autotile_index": 0.0, "tileset": "spr_minigolfprops", "autotile": 1.0 }, "1152_288": { "coord": [ 6.0, 21.0 ], "autotile_index": 0.0, "tileset": "spr_minigolfprops", "autotile": 1.0 }, "736_224": { "coord": [ 4.0, 22.0 ], "autotile_index": 0.0, "tileset": "spr_minigolfprops", "autotile": 1.0 }, "1120_-96": { "coord": [ 0.0, 22.0 ], "autotile_index": 0.0, "tileset": "spr_minigolfprops", "autotile": 1.0 }, "576_-128": { "coord": [ 6.0, 21.0 ], "autotile_index": 0.0, "tileset": "spr_minigolfprops", "autotile": 1.0 }, "1024_448": { "coord": [ 6.0, 21.0 ], "autotile_index": 0.0, "tileset": "spr_minigolfprops", "autotile": 1.0 }, "1248_-64": { "coord": [ 6.0, 21.0 ], "autotile_index": 0.0, "tileset": "spr_minigolfprops", "autotile": 1.0 }, "1376_-64": { "coord": [ 6.0, 21.0 ], "autotile_index": 0.0, "tileset": "spr_minigolfprops", "autotile": 1.0 }, "608_-192": { "coord": [ 6.0, 21.0 ], "autotile_index": 0.0, "tileset": "spr_minigolfprops", "autotile": 1.0 }, "1312_448": { "coord": [ 6.0, 21.0 ], "autotile_index": 0.0, "tileset": "spr_minigolfprops", "autotile": 1.0 }, "1152_480": { "coord": [ 6.0, 21.0 ], "autotile_index": 0.0, "tileset": "spr_minigolfprops", "autotile": 1.0 }, "1408_-192": { "coord": [ 6.0, 21.0 ], "autotile_index": 0.0, "tileset": "spr_minigolfprops", "autotile": 1.0 }, "640_384": { "coord": [ 6.0, 21.0 ], "autotile_index": 0.0, "tileset": "spr_minigolfprops", "autotile": 1.0 }, "1280_-160": { "coord": [ 5.0, 21.0 ], "autotile_index": 0.0, "tileset": "spr_minigolfprops", "autotile": 1.0 }, "1216_128": { "coord": [ 6.0, 21.0 ], "autotile_index": 0.0, "tileset": "spr_minigolfprops", "autotile": 1.0 }, "1312_32": { "coord": [ 6.0, 21.0 ], "autotile_index": 0.0, "tileset": "spr_minigolfprops", "autotile": 1.0 }, "736_416": { "coord": [ 4.0, 23.0 ], "autotile_index": 0.0, "tileset": "spr_minigolfprops", "autotile": 1.0 }, "576_448": { "coord": [ 6.0, 21.0 ], "autotile_index": 0.0, "tileset": "spr_minigolfprops", "autotile": 1.0 }, "1056_480": { "coord": [ 6.0, 21.0 ], "autotile_index": 0.0, "tileset": "spr_minigolfprops", "autotile": 1.0 }, "672_-352": { "coord": [ 6.0, 21.0 ], "autotile_index": 0.0, "tileset": "spr_minigolfprops", "autotile": 1.0 }, "608_384": { "coord": [ 6.0, 21.0 ], "autotile_index": 0.0, "tileset": "spr_minigolfprops", "autotile": 1.0 }, "640_-160": { "coord": [ 6.0, 21.0 ], "autotile_index": 0.0, "tileset": "spr_minigolfprops", "autotile": 1.0 }, "1248_416": { "coord": [ 6.0, 21.0 ], "autotile_index": 0.0, "tileset": "spr_minigolfprops", "autotile": 1.0 }, "1248_224": { "coord": [ 6.0, 21.0 ], "autotile_index": 0.0, "tileset": "spr_minigolfprops", "autotile": 1.0 }, "544_416": { "coord": [ 6.0, 21.0 ], "autotile_index": 0.0, "tileset": "spr_minigolfprops", "autotile": 1.0 }, "672_-160": { "coord": [ 6.0, 21.0 ], "autotile_index": 0.0, "tileset": "spr_minigolfprops", "autotile": 1.0 }, "1184_-160": { "coord": [ 2.0, 20.0 ], "autotile_index": 0.0, "tileset": "spr_minigolfprops", "autotile": 1.0 }, "1376_-320": { "coord": [ 6.0, 21.0 ], "autotile_index": 0.0, "tileset": "spr_minigolfprops", "autotile": 1.0 }, "1120_480": { "coord": [ 6.0, 21.0 ], "autotile_index": 0.0, "tileset": "spr_minigolfprops", "autotile": 1.0 }, "1440_256": { "coord": [ 6.0, 21.0 ], "autotile_index": 0.0, "tileset": "spr_minigolfprops", "autotile": 1.0 }, "576_64": { "coord": [ 6.0, 21.0 ], "autotile_index": 0.0, "tileset": "spr_minigolfprops", "autotile": 1.0 }, "1216_0": { "coord": [ 6.0, 21.0 ], "autotile_index": 0.0, "tileset": "spr_minigolfprops", "autotile": 1.0 }, "1248_352": { "coord": [ 6.0, 21.0 ], "autotile_index": 0.0, "tileset": "spr_minigolfprops", "autotile": 1.0 }, "1408_-288": { "coord": [ 6.0, 21.0 ], "autotile_index": 0.0, "tileset": "spr_minigolfprops", "autotile": 1.0 }, "1440_384": { "coord": [ 6.0, 21.0 ], "autotile_index": 0.0, "tileset": "spr_minigolfprops", "autotile": 1.0 }, "640_-352": { "coord": [ 6.0, 21.0 ], "autotile_index": 0.0, "tileset": "spr_minigolfprops", "autotile": 1.0 }, "1088_224": { "coord": [ 6.0, 21.0 ], "autotile_index": 0.0, "tileset": "spr_minigolfprops", "autotile": 1.0 }, "576_-32": { "coord": [ 6.0, 21.0 ], "autotile_index": 0.0, "tileset": "spr_minigolfprops", "autotile": 1.0 }, "992_160": { "coord": [ 3.0, 20.0 ], "autotile_index": 0.0, "tileset": "spr_minigolfprops", "autotile": 1.0 }, "1248_480": { "coord": [ 6.0, 21.0 ], "autotile_index": 0.0, "tileset": "spr_minigolfprops", "autotile": 1.0 }, "1216_64": { "coord": [ 6.0, 21.0 ], "autotile_index": 0.0, "tileset": "spr_minigolfprops", "autotile": 1.0 }, "640_32": { "coord": [ 6.0, 21.0 ], "autotile_index": 0.0, "tileset": "spr_minigolfprops", "autotile": 1.0 }, "1376_-352": { "coord": [ 6.0, 21.0 ], "autotile_index": 0.0, "tileset": "spr_minigolfprops", "autotile": 1.0 }, "1248_160": { "coord": [ 6.0, 21.0 ], "autotile_index": 0.0, "tileset": "spr_minigolfprops", "autotile": 1.0 }, "736_192": { "coord": [ 4.0, 22.0 ], "autotile_index": 0.0, "tileset": "spr_minigolfprops", "autotile": 1.0 }, "1440_-256": { "coord": [ 6.0, 21.0 ], "autotile_index": 0.0, "tileset": "spr_minigolfprops", "autotile": 1.0 }, "1152_192": { "coord": [ 6.0, 21.0 ], "autotile_index": 0.0, "tileset": "spr_minigolfprops", "autotile": 1.0 }, "896_-32": { "coord": [ 6.0, 22.0 ], "autotile_index": 0.0, "tileset": "spr_minigolfprops", "autotile": 1.0 }, "1376_0": { "coord": [ 6.0, 21.0 ], "autotile_index": 0.0, "tileset": "spr_minigolfprops", "autotile": 1.0 }, "1248_-192": { "coord": [ 0.0, 22.0 ], "autotile_index": 0.0, "tileset": "spr_minigolfprops", "autotile": 1.0 }, "704_352": { "coord": [ 7.0, 21.0 ], "autotile_index": 0.0, "tileset": "spr_minigolfprops", "autotile": 1.0 }, "960_384": { "coord": [ 6.0, 21.0 ], "autotile_index": 0.0, "tileset": "spr_minigolfprops", "autotile": 1.0 }, "1248_64": { "coord": [ 6.0, 21.0 ], "autotile_index": 0.0, "tileset": "spr_minigolfprops", "autotile": 1.0 }, "1152_384": { "coord": [ 6.0, 21.0 ], "autotile_index": 0.0, "tileset": "spr_minigolfprops", "autotile": 1.0 }, "1280_480": { "coord": [ 6.0, 21.0 ], "autotile_index": 0.0, "tileset": "spr_minigolfprops", "autotile": 1.0 }, "1504_-352": { "coord": [ 0.0, 0.0 ], "autotile_index": 0.0, "tileset": "spr_minigolfprops", "autotile": 1.0 }, "1440_64": { "coord": [ 6.0, 21.0 ], "autotile_index": 0.0, "tileset": "spr_minigolfprops", "autotile": 1.0 }, "1344_448": { "coord": [ 6.0, 21.0 ], "autotile_index": 0.0, "tileset": "spr_minigolfprops", "autotile": 1.0 }, "672_128": { "coord": [ 6.0, 21.0 ], "autotile_index": 0.0, "tileset": "spr_minigolfprops", "autotile": 1.0 }, "576_-352": { "coord": [ 6.0, 21.0 ], "autotile_index": 0.0, "tileset": "spr_minigolfprops", "autotile": 1.0 }, "1376_-32": { "coord": [ 6.0, 21.0 ], "autotile_index": 0.0, "tileset": "spr_minigolfprops", "autotile": 1.0 }, "1344_-64": { "coord": [ 6.0, 21.0 ], "autotile_index": 0.0, "tileset": "spr_minigolfprops", "autotile": 1.0 }, "928_480": { "coord": [ 5.0, 21.0 ], "autotile_index": 0.0, "tileset": "spr_minigolfprops", "autotile": 1.0 }, "1184_480": { "coord": [ 6.0, 21.0 ], "autotile_index": 0.0, "tileset": "spr_minigolfprops", "autotile": 1.0 }, "672_192": { "coord": [ 6.0, 21.0 ], "autotile_index": 0.0, "tileset": "spr_minigolfprops", "autotile": 1.0 }, "1088_448": { "coord": [ 6.0, 21.0 ], "autotile_index": 0.0, "tileset": "spr_minigolfprops", "autotile": 1.0 }, "1120_96": { "coord": [ 0.0, 21.0 ], "autotile_index": 0.0, "tileset": "spr_minigolfprops", "autotile": 1.0 }, "1440_-384": { "coord": [ 6.0, 21.0 ], "autotile_index": 0.0, "tileset": "spr_minigolfprops", "autotile": 1.0 }, "1472_256": { "coord": [ 6.0, 21.0 ], "autotile_index": 0.0, "tileset": "spr_minigolfprops", "autotile": 1.0 }, "1280_-64": { "coord": [ 6.0, 21.0 ], "autotile_index": 0.0, "tileset": "spr_minigolfprops", "autotile": 1.0 }, "1472_-128": { "coord": [ 6.0, 21.0 ], "autotile_index": 0.0, "tileset": "spr_minigolfprops", "autotile": 1.0 }, "640_-224": { "coord": [ 6.0, 21.0 ], "autotile_index": 0.0, "tileset": "spr_minigolfprops", "autotile": 1.0 }, "1280_448": { "coord": [ 6.0, 21.0 ], "autotile_index": 0.0, "tileset": "spr_minigolfprops", "autotile": 1.0 }, "736_448": { "coord": [ 4.0, 23.0 ], "autotile_index": 0.0, "tileset": "spr_minigolfprops", "autotile": 1.0 }, "864_-128": { "coord": [ 6.0, 21.0 ], "autotile_index": 0.0, "tileset": "spr_minigolfprops", "autotile": 1.0 }, "1216_288": { "coord": [ 6.0, 21.0 ], "autotile_index": 0.0, "tileset": "spr_minigolfprops", "autotile": 1.0 }, "704_32": { "coord": [ 7.0, 21.0 ], "autotile_index": 0.0, "tileset": "spr_minigolfprops", "autotile": 1.0 }, "864_0": { "coord": [ 1.0, 24.0 ], "autotile_index": 0.0, "tileset": "spr_minigolfprops", "autotile": 1.0 }, "1312_64": { "coord": [ 6.0, 21.0 ], "autotile_index": 0.0, "tileset": "spr_minigolfprops", "autotile": 1.0 }, "896_512": { "coord": [ 6.0, 20.0 ], "autotile_index": 0.0, "tileset": "spr_minigolfprops", "autotile": 1.0 }, "576_-160": { "coord": [ 6.0, 21.0 ], "autotile_index": 0.0, "tileset": "spr_minigolfprops", "autotile": 1.0 }, "1024_416": { "coord": [ 6.0, 21.0 ], "autotile_index": 0.0, "tileset": "spr_minigolfprops", "autotile": 1.0 }, "608_224": { "coord": [ 6.0, 21.0 ], "autotile_index": 0.0, "tileset": "spr_minigolfprops", "autotile": 1.0 }, "1120_-384": { "coord": [ 1.0, 24.0 ], "autotile_index": 0.0, "tileset": "spr_minigolfprops", "autotile": 1.0 }, "800_-352": { "coord": [ 6.0, 21.0 ], "autotile_index": 0.0, "tileset": "spr_minigolfprops", "autotile": 1.0 }, "1056_-384": { "coord": [ 1.0, 24.0 ], "autotile_index": 0.0, "tileset": "spr_minigolfprops", "autotile": 1.0 }, "1312_-96": { "coord": [ 6.0, 21.0 ], "autotile_index": 0.0, "tileset": "spr_minigolfprops", "autotile": 1.0 }, "1216_192": { "coord": [ 6.0, 21.0 ], "autotile_index": 0.0, "tileset": "spr_minigolfprops", "autotile": 1.0 }, "960_-160": { "coord": [ 4.0, 20.0 ], "autotile_index": 0.0, "tileset": "spr_minigolfprops", "autotile": 1.0 }, "1408_-128": { "coord": [ 6.0, 21.0 ], "autotile_index": 0.0, "tileset": "spr_minigolfprops", "autotile": 1.0 }, "1280_288": { "coord": [ 6.0, 21.0 ], "autotile_index": 0.0, "tileset": "spr_minigolfprops", "autotile": 1.0 }, "1248_-256": { "coord": [ 0.0, 21.0 ], "autotile_index": 0.0, "tileset": "spr_minigolfprops", "autotile": 1.0 }, "736_-160": { "coord": [ 6.0, 21.0 ], "autotile_index": 0.0, "tileset": "spr_minigolfprops", "autotile": 1.0 }, "576_32": { "coord": [ 6.0, 21.0 ], "autotile_index": 0.0, "tileset": "spr_minigolfprops", "autotile": 1.0 }, "608_448": { "coord": [ 6.0, 21.0 ], "autotile_index": 0.0, "tileset": "spr_minigolfprops", "autotile": 1.0 }, "544_320": { "coord": [ 6.0, 21.0 ], "autotile_index": 0.0, "tileset": "spr_minigolfprops", "autotile": 1.0 }, "1056_256": { "coord": [ 6.0, 21.0 ], "autotile_index": 0.0, "tileset": "spr_minigolfprops", "autotile": 1.0 }, "960_512": { "coord": [ 6.0, 21.0 ], "autotile_index": 0.0, "tileset": "spr_minigolfprops", "autotile": 1.0 }, "736_-128": { "coord": [ 6.0, 21.0 ], "autotile_index": 0.0, "tileset": "spr_minigolfprops", "autotile": 1.0 }, "992_416": { "coord": [ 6.0, 21.0 ], "autotile_index": 0.0, "tileset": "spr_minigolfprops", "autotile": 1.0 }, "1280_-256": { "coord": [ 5.0, 21.0 ], "autotile_index": 0.0, "tileset": "spr_minigolfprops", "autotile": 1.0 }, "1120_192": { "coord": [ 6.0, 20.0 ], "autotile_index": 0.0, "tileset": "spr_minigolfprops", "autotile": 1.0 }, "608_-128": { "coord": [ 6.0, 21.0 ], "autotile_index": 0.0, "tileset": "spr_minigolfprops", "autotile": 1.0 }, "1472_0": { "coord": [ 6.0, 21.0 ], "autotile_index": 0.0, "tileset": "spr_minigolfprops", "autotile": 1.0 }, "640_-96": { "coord": [ 6.0, 21.0 ], "autotile_index": 0.0, "tileset": "spr_minigolfprops", "autotile": 1.0 }, "1120_288": { "coord": [ 6.0, 21.0 ], "autotile_index": 0.0, "tileset": "spr_minigolfprops", "autotile": 1.0 }, "768_-352": { "coord": [ 6.0, 21.0 ], "autotile_index": 0.0, "tileset": "spr_minigolfprops", "autotile": 1.0 }, "672_448": { "coord": [ 6.0, 21.0 ], "autotile_index": 0.0, "tileset": "spr_minigolfprops", "autotile": 1.0 }, "1024_224": { "coord": [ 6.0, 21.0 ], "autotile_index": 0.0, "tileset": "spr_minigolfprops", "autotile": 1.0 }, "1184_384": { "coord": [ 6.0, 21.0 ], "autotile_index": 0.0, "tileset": "spr_minigolfprops", "autotile": 1.0 }, "672_320": { "coord": [ 6.0, 21.0 ], "autotile_index": 0.0, "tileset": "spr_minigolfprops", "autotile": 1.0 }, "1408_-96": { "coord": [ 6.0, 21.0 ], "autotile_index": 0.0, "tileset": "spr_minigolfprops", "autotile": 1.0 }, "1344_256": { "coord": [ 6.0, 21.0 ], "autotile_index": 0.0, "tileset": "spr_minigolfprops", "autotile": 1.0 }, "1184_-32": { "coord": [ 6.0, 21.0 ], "autotile_index": 0.0, "tileset": "spr_minigolfprops", "autotile": 1.0 }, "1056_288": { "coord": [ 6.0, 21.0 ], "autotile_index": 0.0, "tileset": "spr_minigolfprops", "autotile": 1.0 }, "608_416": { "coord": [ 6.0, 21.0 ], "autotile_index": 0.0, "tileset": "spr_minigolfprops", "autotile": 1.0 }, "1248_384": { "coord": [ 6.0, 21.0 ], "autotile_index": 0.0, "tileset": "spr_minigolfprops", "autotile": 1.0 }, "1312_288": { "coord": [ 6.0, 21.0 ], "autotile_index": 0.0, "tileset": "spr_minigolfprops", "autotile": 1.0 }, "576_384": { "coord": [ 6.0, 21.0 ], "autotile_index": 0.0, "tileset": "spr_minigolfprops", "autotile": 1.0 }, "1472_384": { "coord": [ 6.0, 21.0 ], "autotile_index": 0.0, "tileset": "spr_minigolfprops", "autotile": 1.0 }, "1408_416": { "coord": [ 6.0, 21.0 ], "autotile_index": 0.0, "tileset": "spr_minigolfprops", "autotile": 1.0 }, "896_416": { "coord": [ 0.0, 23.0 ], "autotile_index": 0.0, "tileset": "spr_minigolfprops", "autotile": 1.0 }, "1376_192": { "coord": [ 6.0, 21.0 ], "autotile_index": 0.0, "tileset": "spr_minigolfprops", "autotile": 1.0 }, "1344_-192": { "coord": [ 6.0, 21.0 ], "autotile_index": 0.0, "tileset": "spr_minigolfprops", "autotile": 1.0 }, "1152_64": { "coord": [ 5.0, 21.0 ], "autotile_index": 0.0, "tileset": "spr_minigolfprops", "autotile": 1.0 }, "1440_160": { "coord": [ 6.0, 21.0 ], "autotile_index": 0.0, "tileset": "spr_minigolfprops", "autotile": 1.0 }, "736_0": { "coord": [ 1.0, 21.0 ], "autotile_index": 0.0, "tileset": "spr_minigolfprops", "autotile": 1.0 }, "1280_416": { "coord": [ 6.0, 21.0 ], "autotile_index": 0.0, "tileset": "spr_minigolfprops", "autotile": 1.0 }, "672_352": { "coord": [ 6.0, 21.0 ], "autotile_index": 0.0, "tileset": "spr_minigolfprops", "autotile": 1.0 }, "608_32": { "coord": [ 6.0, 21.0 ], "autotile_index": 0.0, "tileset": "spr_minigolfprops", "autotile": 1.0 }, "1216_160": { "coord": [ 6.0, 21.0 ], "autotile_index": 0.0, "tileset": "spr_minigolfprops", "autotile": 1.0 }, "704_224": { "coord": [ 7.0, 21.0 ], "autotile_index": 0.0, "tileset": "spr_minigolfprops", "autotile": 1.0 }, "1376_448": { "coord": [ 6.0, 21.0 ], "autotile_index": 0.0, "tileset": "spr_minigolfprops", "autotile": 1.0 }, "640_0": { "coord": [ 6.0, 21.0 ], "autotile_index": 0.0, "tileset": "spr_minigolfprops", "autotile": 1.0 }, "1344_128": { "coord": [ 6.0, 21.0 ], "autotile_index": 0.0, "tileset": "spr_minigolfprops", "autotile": 1.0 }, "768_-96": { "coord": [ 6.0, 21.0 ], "autotile_index": 0.0, "tileset": "spr_minigolfprops", "autotile": 1.0 }, "608_480": { "coord": [ 6.0, 21.0 ], "autotile_index": 0.0, "tileset": "spr_minigolfprops", "autotile": 1.0 }, "704_128": { "coord": [ 7.0, 21.0 ], "autotile_index": 0.0, "tileset": "spr_minigolfprops", "autotile": 1.0 }, "704_-160": { "coord": [ 6.0, 21.0 ], "autotile_index": 0.0, "tileset": "spr_minigolfprops", "autotile": 1.0 }, "1280_352": { "coord": [ 6.0, 21.0 ], "autotile_index": 0.0, "tileset": "spr_minigolfprops", "autotile": 1.0 }, "1344_384": { "coord": [ 6.0, 21.0 ], "autotile_index": 0.0, "tileset": "spr_minigolfprops", "autotile": 1.0 }, "640_512": { "coord": [ 6.0, 21.0 ], "autotile_index": 0.0, "tileset": "spr_minigolfprops", "autotile": 1.0 }, "1344_-288": { "coord": [ 6.0, 21.0 ], "autotile_index": 0.0, "tileset": "spr_minigolfprops", "autotile": 1.0 }, "1440_192": { "coord": [ 6.0, 21.0 ], "autotile_index": 0.0, "tileset": "spr_minigolfprops", "autotile": 1.0 }, "928_352": { "coord": [ 5.0, 21.0 ], "autotile_index": 0.0, "tileset": "spr_minigolfprops", "autotile": 1.0 }, "1184_-64": { "coord": [ 6.0, 21.0 ], "autotile_index": 0.0, "tileset": "spr_minigolfprops", "autotile": 1.0 }, "1312_320": { "coord": [ 6.0, 21.0 ], "autotile_index": 0.0, "tileset": "spr_minigolfprops", "autotile": 1.0 }, "1504_256": { "coord": [ 0.0, 0.0 ], "autotile_index": 0.0, "tileset": "spr_minigolfprops", "autotile": 1.0 }, "576_96": { "coord": [ 6.0, 21.0 ], "autotile_index": 0.0, "tileset": "spr_minigolfprops", "autotile": 1.0 }, "1184_64": { "coord": [ 6.0, 21.0 ], "autotile_index": 0.0, "tileset": "spr_minigolfprops", "autotile": 1.0 }, "960_256": { "coord": [ 6.0, 21.0 ], "autotile_index": 0.0, "tileset": "spr_minigolfprops", "autotile": 1.0 }, "1408_480": { "coord": [ 6.0, 21.0 ], "autotile_index": 0.0, "tileset": "spr_minigolfprops", "autotile": 1.0 }, "608_-416": { "coord": [ 0.0, 0.0 ], "autotile_index": 0.0, "tileset": "spr_minigolfprops", "autotile": 1.0 }, "1024_160": { "coord": [ 2.0, 20.0 ], "autotile_index": 0.0, "tileset": "spr_minigolfprops", "autotile": 1.0 }, "1344_-96": { "coord": [ 6.0, 21.0 ], "autotile_index": 0.0, "tileset": "spr_minigolfprops", "autotile": 1.0 }, "1088_352": { "coord": [ 6.0, 21.0 ], "autotile_index": 0.0, "tileset": "spr_minigolfprops", "autotile": 1.0 }, "1472_288": { "coord": [ 6.0, 21.0 ], "autotile_index": 0.0, "tileset": "spr_minigolfprops", "autotile": 1.0 }, "1312_352": { "coord": [ 6.0, 21.0 ], "autotile_index": 0.0, "tileset": "spr_minigolfprops", "autotile": 1.0 }, "1184_128": { "coord": [ 6.0, 21.0 ], "autotile_index": 0.0, "tileset": "spr_minigolfprops", "autotile": 1.0 }, "1408_288": { "coord": [ 6.0, 21.0 ], "autotile_index": 0.0, "tileset": "spr_minigolfprops", "autotile": 1.0 }, "1472_-32": { "coord": [ 6.0, 21.0 ], "autotile_index": 0.0, "tileset": "spr_minigolfprops", "autotile": 1.0 }, "1152_128": { "coord": [ 5.0, 21.0 ], "autotile_index": 0.0, "tileset": "spr_minigolfprops", "autotile": 1.0 }, "1248_-384": { "coord": [ 3.0, 21.0 ], "autotile_index": 0.0, "tileset": "spr_minigolfprops", "autotile": 1.0 }, "1472_160": { "coord": [ 6.0, 21.0 ], "autotile_index": 0.0, "tileset": "spr_minigolfprops", "autotile": 1.0 }, "640_-32": { "coord": [ 6.0, 21.0 ], "autotile_index": 0.0, "tileset": "spr_minigolfprops", "autotile": 1.0 }, "1376_320": { "coord": [ 6.0, 21.0 ], "autotile_index": 0.0, "tileset": "spr_minigolfprops", "autotile": 1.0 }, "1184_192": { "coord": [ 6.0, 21.0 ], "autotile_index": 0.0, "tileset": "spr_minigolfprops", "autotile": 1.0 }, "640_160": { "coord": [ 6.0, 21.0 ], "autotile_index": 0.0, "tileset": "spr_minigolfprops", "autotile": 1.0 }, "1088_288": { "coord": [ 6.0, 21.0 ], "autotile_index": 0.0, "tileset": "spr_minigolfprops", "autotile": 1.0 }, "1152_-96": { "coord": [ 5.0, 21.0 ], "autotile_index": 0.0, "tileset": "spr_minigolfprops", "autotile": 1.0 }, "576_480": { "coord": [ 6.0, 21.0 ], "autotile_index": 0.0, "tileset": "spr_minigolfprops", "autotile": 1.0 }, "768_-32": { "coord": [ 6.0, 22.0 ], "autotile_index": 0.0, "tileset": "spr_minigolfprops", "autotile": 1.0 }, "704_-384": { "coord": [ 6.0, 21.0 ], "autotile_index": 0.0, "tileset": "spr_minigolfprops", "autotile": 1.0 }, "1184_320": { "coord": [ 6.0, 21.0 ], "autotile_index": 0.0, "tileset": "spr_minigolfprops", "autotile": 1.0 }, "992_224": { "coord": [ 6.0, 21.0 ], "autotile_index": 0.0, "tileset": "spr_minigolfprops", "autotile": 1.0 }, "704_448": { "coord": [ 7.0, 21.0 ], "autotile_index": 0.0, "tileset": "spr_minigolfprops", "autotile": 1.0 }, "1408_0": { "coord": [ 6.0, 21.0 ], "autotile_index": 0.0, "tileset": "spr_minigolfprops", "autotile": 1.0 }, "1152_256": { "coord": [ 6.0, 21.0 ], "autotile_index": 0.0, "tileset": "spr_minigolfprops", "autotile": 1.0 }, "1440_448": { "coord": [ 6.0, 21.0 ], "autotile_index": 0.0, "tileset": "spr_minigolfprops", "autotile": 1.0 }, "1280_-288": { "coord": [ 5.0, 21.0 ], "autotile_index": 0.0, "tileset": "spr_minigolfprops", "autotile": 1.0 }, "1376_32": { "coord": [ 6.0, 21.0 ], "autotile_index": 0.0, "tileset": "spr_minigolfprops", "autotile": 1.0 }, "1216_480": { "coord": [ 6.0, 21.0 ], "autotile_index": 0.0, "tileset": "spr_minigolfprops", "autotile": 1.0 }, "640_-416": { "coord": [ 0.0, 0.0 ], "autotile_index": 0.0, "tileset": "spr_minigolfprops", "autotile": 1.0 }, "1376_-160": { "coord": [ 6.0, 21.0 ], "autotile_index": 0.0, "tileset": "spr_minigolfprops", "autotile": 1.0 }, "864_-96": { "coord": [ 6.0, 21.0 ], "autotile_index": 0.0, "tileset": "spr_minigolfprops", "autotile": 1.0 }, "1216_352": { "coord": [ 6.0, 21.0 ], "autotile_index": 0.0, "tileset": "spr_minigolfprops", "autotile": 1.0 }, "1184_416": { "coord": [ 6.0, 21.0 ], "autotile_index": 0.0, "tileset": "spr_minigolfprops", "autotile": 1.0 }, "960_-384": { "coord": [ 3.0, 24.0 ], "autotile_index": 0.0, "tileset": "spr_minigolfprops", "autotile": 1.0 }, "672_0": { "coord": [ 6.0, 21.0 ], "autotile_index": 0.0, "tileset": "spr_minigolfprops", "autotile": 1.0 }, "1376_512": { "coord": [ 6.0, 21.0 ], "autotile_index": 0.0, "tileset": "spr_minigolfprops", "autotile": 1.0 }, "1376_-128": { "coord": [ 6.0, 21.0 ], "autotile_index": 0.0, "tileset": "spr_minigolfprops", "autotile": 1.0 }, "1408_-352": { "coord": [ 6.0, 21.0 ], "autotile_index": 0.0, "tileset": "spr_minigolfprops", "autotile": 1.0 }, "1216_320": { "coord": [ 6.0, 21.0 ], "autotile_index": 0.0, "tileset": "spr_minigolfprops", "autotile": 1.0 }, "1248_96": { "coord": [ 6.0, 21.0 ], "autotile_index": 0.0, "tileset": "spr_minigolfprops", "autotile": 1.0 }, "896_320": { "coord": [ 0.0, 22.0 ], "autotile_index": 0.0, "tileset": "spr_minigolfprops", "autotile": 1.0 }, "992_288": { "coord": [ 6.0, 21.0 ], "autotile_index": 0.0, "tileset": "spr_minigolfprops", "autotile": 1.0 }, "1472_-224": { "coord": [ 6.0, 21.0 ], "autotile_index": 0.0, "tileset": "spr_minigolfprops", "autotile": 1.0 }, "608_-384": { "coord": [ 6.0, 21.0 ], "autotile_index": 0.0, "tileset": "spr_minigolfprops", "autotile": 1.0 }, "1216_-64": { "coord": [ 6.0, 21.0 ], "autotile_index": 0.0, "tileset": "spr_minigolfprops", "autotile": 1.0 }, "1216_512": { "coord": [ 6.0, 21.0 ], "autotile_index": 0.0, "tileset": "spr_minigolfprops", "autotile": 1.0 }, "1248_-320": { "coord": [ 0.0, 22.0 ], "autotile_index": 0.0, "tileset": "spr_minigolfprops", "autotile": 1.0 }, "1408_352": { "coord": [ 6.0, 21.0 ], "autotile_index": 0.0, "tileset": "spr_minigolfprops", "autotile": 1.0 }, "576_352": { "coord": [ 6.0, 21.0 ], "autotile_index": 0.0, "tileset": "spr_minigolfprops", "autotile": 1.0 }, "768_0": { "coord": [ 1.0, 24.0 ], "autotile_index": 0.0, "tileset": "spr_minigolfprops", "autotile": 1.0 }, "640_96": { "coord": [ 6.0, 21.0 ], "autotile_index": 0.0, "tileset": "spr_minigolfprops", "autotile": 1.0 }, "960_416": { "coord": [ 6.0, 21.0 ], "autotile_index": 0.0, "tileset": "spr_minigolfprops", "autotile": 1.0 }, "1184_288": { "coord": [ 6.0, 21.0 ], "autotile_index": 0.0, "tileset": "spr_minigolfprops", "autotile": 1.0 }, "992_320": { "coord": [ 6.0, 21.0 ], "autotile_index": 0.0, "tileset": "spr_minigolfprops", "autotile": 1.0 }, "800_-32": { "coord": [ 6.0, 22.0 ], "autotile_index": 0.0, "tileset": "spr_minigolfprops", "autotile": 1.0 }, "1120_448": { "coord": [ 6.0, 21.0 ], "autotile_index": 0.0, "tileset": "spr_minigolfprops", "autotile": 1.0 }, "1248_-160": { "coord": [ 3.0, 23.0 ], "autotile_index": 0.0, "tileset": "spr_minigolfprops", "autotile": 1.0 }, "1248_512": { "coord": [ 6.0, 21.0 ], "autotile_index": 0.0, "tileset": "spr_minigolfprops", "autotile": 1.0 }, "896_-384": { "coord": [ 1.0, 21.0 ], "autotile_index": 0.0, "tileset": "spr_minigolfprops", "autotile": 1.0 }, "992_-384": { "coord": [ 3.0, 24.0 ], "autotile_index": 0.0, "tileset": "spr_minigolfprops", "autotile": 1.0 }, "1120_352": { "coord": [ 6.0, 21.0 ], "autotile_index": 0.0, "tileset": "spr_minigolfprops", "autotile": 1.0 }, "1344_32": { "coord": [ 6.0, 21.0 ], "autotile_index": 0.0, "tileset": "spr_minigolfprops", "autotile": 1.0 }, "1472_480": { "coord": [ 6.0, 21.0 ], "autotile_index": 0.0, "tileset": "spr_minigolfprops", "autotile": 1.0 }, "1056_384": { "coord": [ 6.0, 21.0 ], "autotile_index": 0.0, "tileset": "spr_minigolfprops", "autotile": 1.0 }, "672_96": { "coord": [ 6.0, 21.0 ], "autotile_index": 0.0, "tileset": "spr_minigolfprops", "autotile": 1.0 }, "1344_416": { "coord": [ 6.0, 21.0 ], "autotile_index": 0.0, "tileset": "spr_minigolfprops", "autotile": 1.0 }, "544_-256": { "coord": [ 6.0, 21.0 ], "autotile_index": 0.0, "tileset": "spr_minigolfprops", "autotile": 1.0 }, "544_-352": { "coord": [ 6.0, 21.0 ], "autotile_index": 0.0, "tileset": "spr_minigolfprops", "autotile": 1.0 }, "1344_0": { "coord": [ 6.0, 21.0 ], "autotile_index": 0.0, "tileset": "spr_minigolfprops", "autotile": 1.0 }, "1216_-96": { "coord": [ 6.0, 21.0 ], "autotile_index": 0.0, "tileset": "spr_minigolfprops", "autotile": 1.0 }, "1376_-288": { "coord": [ 6.0, 21.0 ], "autotile_index": 0.0, "tileset": "spr_minigolfprops", "autotile": 1.0 }, "928_320": { "coord": [ 5.0, 21.0 ], "autotile_index": 0.0, "tileset": "spr_minigolfprops", "autotile": 1.0 }, "1408_96": { "coord": [ 6.0, 21.0 ], "autotile_index": 0.0, "tileset": "spr_minigolfprops", "autotile": 1.0 }, "896_256": { "coord": [ 0.0, 23.0 ], "autotile_index": 0.0, "tileset": "spr_minigolfprops", "autotile": 1.0 }, "1088_256": { "coord": [ 6.0, 21.0 ], "autotile_index": 0.0, "tileset": "spr_minigolfprops", "autotile": 1.0 }, "1472_128": { "coord": [ 6.0, 21.0 ], "autotile_index": 0.0, "tileset": "spr_minigolfprops", "autotile": 1.0 }, "896_192": { "coord": [ 0.0, 22.0 ], "autotile_index": 0.0, "tileset": "spr_minigolfprops", "autotile": 1.0 }, "1152_-128": { "coord": [ 5.0, 20.0 ], "autotile_index": 0.0, "tileset": "spr_minigolfprops", "autotile": 1.0 }, "1120_416": { "coord": [ 6.0, 21.0 ], "autotile_index": 0.0, "tileset": "spr_minigolfprops", "autotile": 1.0 }, "1088_160": { "coord": [ 1.0, 20.0 ], "autotile_index": 0.0, "tileset": "spr_minigolfprops", "autotile": 1.0 }, "832_-32": { "coord": [ 6.0, 22.0 ], "autotile_index": 0.0, "tileset": "spr_minigolfprops", "autotile": 1.0 }, "1280_-192": { "coord": [ 5.0, 21.0 ], "autotile_index": 0.0, "tileset": "spr_minigolfprops", "autotile": 1.0 }, "1120_128": { "coord": [ 0.0, 21.0 ], "autotile_index": 0.0, "tileset": "spr_minigolfprops", "autotile": 1.0 }, "928_160": { "coord": [ 2.0, 20.0 ], "autotile_index": 0.0, "tileset": "spr_minigolfprops", "autotile": 1.0 }, "832_0": { "coord": [ 1.0, 24.0 ], "autotile_index": 0.0, "tileset": "spr_minigolfprops", "autotile": 1.0 }, "1344_-384": { "coord": [ 6.0, 21.0 ], "autotile_index": 0.0, "tileset": "spr_minigolfprops", "autotile": 1.0 }, "640_-320": { "coord": [ 6.0, 21.0 ], "autotile_index": 0.0, "tileset": "spr_minigolfprops", "autotile": 1.0 }, "608_544": { "coord": [ 0.0, 0.0 ], "autotile_index": 0.0, "tileset": "spr_minigolfprops", "autotile": 1.0 }, "1440_416": { "coord": [ 6.0, 21.0 ], "autotile_index": 0.0, "tileset": "spr_minigolfprops", "autotile": 1.0 }, "640_224": { "coord": [ 6.0, 21.0 ], "autotile_index": 0.0, "tileset": "spr_minigolfprops", "autotile": 1.0 }, "640_-192": { "coord": [ 6.0, 21.0 ], "autotile_index": 0.0, "tileset": "spr_minigolfprops", "autotile": 1.0 }, "608_352": { "coord": [ 6.0, 21.0 ], "autotile_index": 0.0, "tileset": "spr_minigolfprops", "autotile": 1.0 }, "960_-32": { "coord": [ 4.0, 22.0 ], "autotile_index": 0.0, "tileset": "spr_minigolfprops", "autotile": 1.0 } } }, "backgrounds": { "5": { "x": 44.0, "scroll_x": 0.75, "tile_y": 0.0, "hspeed": 0.0, "scroll_y": 0.0, "panic_sprite": -1.0, "y": 0.0, "sprite": "bg_minigolf1", "tile_x": 1.0, "vspeed": 0.0, "image_speed": 15.0 }, "6": { "x": 0.0, "scroll_x": 0.69999999999999995559107901499374, "tile_y": 1.0, "hspeed": 0.0, "scroll_y": 0.0, "panic_sprite": -1.0, "y": 0.0, "sprite": "bg_minigolf2", "tile_x": 1.0, "vspeed": 0.0, "image_speed": 15.0 } }, "properties": { "song": "", "roomX": 544.0, "levelWidth": 1504.0, "roomY": -384.0, "levelHeight": 540.0, "songTransitionTime": 100.0 } }