{ "editorVersion": 5.0, "instances": [ { "layer": 0.0, "deleted": 0.0, "variables": { "x": 160.0, "flipX": 0.0, "content": "obj_pepgoblin", "flipY": 0.0, "y": 448.0 }, "object": 694.0 }, { "layer": 0.0, "deleted": 0.0, "variables": { "x": 96.0, "flipX": 0.0, "y": -32.0, "flipY": 0.0 }, "object": 248.0 }, { "layer": 0.0, "deleted": 0.0, "variables": { "x": 672.0, "flipX": 0.0, "y": 320.0, "flipY": 0.0 }, "object": 584.0 }, { "layer": 0.0, "deleted": 0.0, "variables": { "x": 1024.0, "flipX": 0.0, "y": 224.0, "flipY": 0.0 }, "object": 584.0 }, { "layer": 0.0, "deleted": 0.0, "variables": { "x": 352.0, "flipX": 0.0, "y": 416.0, "flipY": 0.0 }, "object": 752.0 }, { "layer": 0.0, "deleted": 0.0, "variables": { "x": 416.0, "flipX": 0.0, "y": 416.0, "flipY": 0.0 }, "object": 752.0 }, { "layer": 0.0, "deleted": 0.0, "variables": { "x": 480.0, "flipX": 0.0, "y": 416.0, "flipY": 0.0 }, "object": 752.0 }, { "layer": 0.0, "deleted": 0.0, "variables": { "x": 544.0, "flipX": 0.0, "y": 416.0, "flipY": 0.0 }, "object": 752.0 }, { "layer": 0.0, "deleted": 0.0, "variables": { "x": 800.0, "flipX": 0.0, "y": 320.0, "flipY": 0.0 }, "object": 763.0 }, { "layer": 0.0, "deleted": 0.0, "variables": { "x": 1152.0, "flipX": 0.0, "y": 256.0, "flipY": 0.0 }, "object": 763.0 }, { "layer": 0.0, "deleted": 0.0, "variables": { "x": 1280.0, "y": 384.0, "targetRoom": "1", "image_xscale": 1.0, "image_yscale": 1.0, "secret": "true", "flipX": 0.0, "flipY": 0.0, "useLayerDepth": "true" }, "object": 98.0 }, { "layer": 0.0, "deleted": 0.0, "variables": { "x": 64.0, "flipX": 0.0, "y": 480.0, "flipY": 0.0 }, "object": 517.0 }, { "layer": 0.0, "deleted": 0.0, "variables": { "x": 96.0, "flipX": 0.0, "y": 480.0, "flipY": 0.0 }, "object": 517.0 }, { "layer": 0.0, "deleted": 0.0, "variables": { "x": 192.0, "flipX": 0.0, "y": 480.0, "flipY": 0.0 }, "object": 517.0 }, { "layer": 0.0, "deleted": 0.0, "variables": { "x": 224.0, "flipX": 0.0, "y": 480.0, "flipY": 0.0 }, "object": 517.0 }, { "layer": 0.0, "deleted": 0.0, "variables": { "x": 256.0, "flipX": 0.0, "y": 480.0, "flipY": 0.0 }, "object": 517.0 }, { "layer": 0.0, "deleted": 0.0, "variables": { "x": 288.0, "flipX": 0.0, "y": 480.0, "flipY": 0.0 }, "object": 517.0 }, { "layer": 0.0, "deleted": 0.0, "variables": { "x": 320.0, "flipX": 0.0, "y": 480.0, "flipY": 0.0 }, "object": 517.0 }, { "layer": 0.0, "deleted": 0.0, "variables": { "x": 352.0, "flipX": 0.0, "y": 480.0, "flipY": 0.0 }, "object": 517.0 }, { "layer": 0.0, "deleted": 0.0, "variables": { "x": 384.0, "flipX": 0.0, "y": 480.0, "flipY": 0.0 }, "object": 517.0 }, { "layer": 0.0, "deleted": 0.0, "variables": { "x": 416.0, "flipX": 0.0, "y": 480.0, "flipY": 0.0 }, "object": 517.0 }, { "layer": 0.0, "deleted": 0.0, "variables": { "x": 448.0, "flipX": 0.0, "y": 480.0, "flipY": 0.0 }, "object": 517.0 }, { "layer": 0.0, "deleted": 0.0, "variables": { "x": 160.0, "flipX": 0.0, "y": 480.0, "flipY": 0.0 }, "object": 517.0 }, { "layer": 0.0, "deleted": 0.0, "variables": { "x": 128.0, "flipX": 0.0, "y": 480.0, "flipY": 0.0 }, "object": 517.0 }, { "layer": 0.0, "deleted": 0.0, "variables": { "x": 480.0, "flipX": 0.0, "y": 480.0, "flipY": 0.0 }, "object": 517.0 }, { "layer": 0.0, "deleted": 0.0, "variables": { "x": 512.0, "flipX": 0.0, "y": 480.0, "flipY": 0.0 }, "object": 517.0 }, { "layer": 0.0, "deleted": 0.0, "variables": { "x": 544.0, "flipX": 0.0, "y": 480.0, "flipY": 0.0 }, "object": 517.0 }, { "layer": 0.0, "deleted": 0.0, "variables": { "x": 576.0, "flipX": 0.0, "y": 480.0, "flipY": 0.0 }, "object": 517.0 }, { "layer": 0.0, "deleted": 0.0, "variables": { "x": 608.0, "flipX": 0.0, "y": 480.0, "flipY": 0.0 }, "object": 517.0 }, { "layer": 0.0, "deleted": 0.0, "variables": { "x": 640.0, "flipX": 0.0, "y": 480.0, "flipY": 0.0 }, "object": 517.0 }, { "layer": 0.0, "deleted": 0.0, "variables": { "x": 672.0, "flipX": 0.0, "y": 480.0, "flipY": 0.0 }, "object": 517.0 }, { "layer": 0.0, "deleted": 0.0, "variables": { "x": 672.0, "flipX": 0.0, "y": 448.0, "flipY": 0.0 }, "object": 517.0 }, { "layer": 0.0, "deleted": 0.0, "variables": { "x": 672.0, "flipX": 0.0, "y": 416.0, "flipY": 0.0 }, "object": 517.0 }, { "layer": 0.0, "deleted": 0.0, "variables": { "x": 672.0, "flipX": 0.0, "y": 384.0, "flipY": 0.0 }, "object": 517.0 }, { "layer": 0.0, "deleted": 0.0, "variables": { "x": 704.0, "flipX": 0.0, "y": 384.0, "flipY": 0.0 }, "object": 517.0 }, { "layer": 0.0, "deleted": 0.0, "variables": { "x": 736.0, "flipX": 0.0, "y": 384.0, "flipY": 0.0 }, "object": 517.0 }, { "layer": 0.0, "deleted": 0.0, "variables": { "x": 768.0, "flipX": 0.0, "y": 384.0, "flipY": 0.0 }, "object": 517.0 }, { "layer": 0.0, "deleted": 0.0, "variables": { "x": 800.0, "flipX": 0.0, "y": 384.0, "flipY": 0.0 }, "object": 517.0 }, { "layer": 0.0, "deleted": 0.0, "variables": { "x": 832.0, "flipX": 0.0, "y": 384.0, "flipY": 0.0 }, "object": 517.0 }, { "layer": 0.0, "deleted": 0.0, "variables": { "x": 864.0, "flipX": 0.0, "y": 384.0, "flipY": 0.0 }, "object": 517.0 }, { "layer": 0.0, "deleted": 0.0, "variables": { "x": 864.0, "flipX": 0.0, "y": 416.0, "flipY": 0.0 }, "object": 517.0 }, { "layer": 0.0, "deleted": 0.0, "variables": { "x": 864.0, "flipX": 0.0, "y": 448.0, "flipY": 0.0 }, "object": 517.0 }, { "layer": 0.0, "deleted": 0.0, "variables": { "x": 864.0, "flipX": 0.0, "y": 480.0, "flipY": 0.0 }, "object": 517.0 }, { "layer": 0.0, "deleted": 0.0, "variables": { "x": 896.0, "flipX": 0.0, "y": 480.0, "flipY": 0.0 }, "object": 517.0 }, { "layer": 0.0, "deleted": 0.0, "variables": { "x": 928.0, "flipX": 0.0, "y": 480.0, "flipY": 0.0 }, "object": 517.0 }, { "layer": 0.0, "deleted": 0.0, "variables": { "x": 960.0, "flipX": 0.0, "y": 480.0, "flipY": 0.0 }, "object": 517.0 }, { "layer": 0.0, "deleted": 0.0, "variables": { "x": 992.0, "flipX": 0.0, "y": 480.0, "flipY": 0.0 }, "object": 517.0 }, { "layer": 0.0, "deleted": 0.0, "variables": { "x": 1024.0, "flipX": 0.0, "y": 480.0, "flipY": 0.0 }, "object": 517.0 }, { "layer": 0.0, "deleted": 0.0, "variables": { "x": 1024.0, "flipX": 0.0, "y": 448.0, "flipY": 0.0 }, "object": 517.0 }, { "layer": 0.0, "deleted": 0.0, "variables": { "x": 1024.0, "flipX": 0.0, "y": 416.0, "flipY": 0.0 }, "object": 517.0 }, { "layer": 0.0, "deleted": 0.0, "variables": { "x": 1024.0, "flipX": 0.0, "y": 384.0, "flipY": 0.0 }, "object": 517.0 }, { "layer": 0.0, "deleted": 0.0, "variables": { "x": 1024.0, "flipX": 0.0, "y": 352.0, "flipY": 0.0 }, "object": 517.0 }, { "layer": 0.0, "deleted": 0.0, "variables": { "x": 1024.0, "flipX": 0.0, "y": 320.0, "flipY": 0.0 }, "object": 517.0 }, { "layer": 0.0, "deleted": 0.0, "variables": { "x": 32.0, "flipX": 0.0, "y": 480.0, "flipY": 0.0 }, "object": 517.0 }, { "layer": 0.0, "deleted": 0.0, "variables": { "x": 32.0, "flipX": 0.0, "y": 448.0, "flipY": 0.0 }, "object": 517.0 }, { "layer": 0.0, "deleted": 0.0, "variables": { "x": 32.0, "flipX": 0.0, "y": 416.0, "flipY": 0.0 }, "object": 517.0 }, { "layer": 0.0, "deleted": 0.0, "variables": { "x": 32.0, "flipX": 0.0, "y": 384.0, "flipY": 0.0 }, "object": 517.0 }, { "layer": 0.0, "deleted": 0.0, "variables": { "x": 32.0, "flipX": 0.0, "y": 352.0, "flipY": 0.0 }, "object": 517.0 }, { "layer": 0.0, "deleted": 0.0, "variables": { "x": 32.0, "flipX": 0.0, "y": 320.0, "flipY": 0.0 }, "object": 517.0 }, { "layer": 0.0, "deleted": 0.0, "variables": { "x": 32.0, "flipX": 0.0, "y": 288.0, "flipY": 0.0 }, "object": 517.0 }, { "layer": 0.0, "deleted": 0.0, "variables": { "x": 32.0, "flipX": 0.0, "y": 256.0, "flipY": 0.0 }, "object": 517.0 }, { "layer": 0.0, "deleted": 0.0, "variables": { "x": 32.0, "flipX": 0.0, "y": 224.0, "flipY": 0.0 }, "object": 517.0 }, { "layer": 0.0, "deleted": 0.0, "variables": { "x": 32.0, "flipX": 0.0, "y": 192.0, "flipY": 0.0 }, "object": 517.0 }, { "layer": 0.0, "deleted": 0.0, "variables": { "x": 32.0, "flipX": 0.0, "y": 160.0, "flipY": 0.0 }, "object": 517.0 }, { "layer": 0.0, "deleted": 0.0, "variables": { "x": 32.0, "flipX": 0.0, "y": 128.0, "flipY": 0.0 }, "object": 517.0 }, { "layer": 0.0, "deleted": 0.0, "variables": { "x": 32.0, "flipX": 0.0, "y": 96.0, "flipY": 0.0 }, "object": 517.0 }, { "layer": 0.0, "deleted": 0.0, "variables": { "x": 32.0, "flipX": 0.0, "y": 64.0, "flipY": 0.0 }, "object": 517.0 }, { "layer": 0.0, "deleted": 0.0, "variables": { "x": 32.0, "flipX": 0.0, "y": 32.0, "flipY": 0.0 }, "object": 517.0 }, { "layer": 0.0, "deleted": 0.0, "variables": { "x": 32.0, "flipX": 0.0, "y": 0.0, "flipY": 0.0 }, "object": 517.0 }, { "layer": 0.0, "deleted": 0.0, "variables": { "x": 32.0, "flipX": 0.0, "y": -32.0, "flipY": 0.0 }, "object": 517.0 }, { "layer": 0.0, "deleted": 0.0, "variables": { "x": 32.0, "flipX": 0.0, "y": -64.0, "flipY": 0.0 }, "object": 517.0 }, { "layer": 0.0, "deleted": 0.0, "variables": { "x": 32.0, "flipX": 0.0, "y": -96.0, "flipY": 0.0 }, "object": 517.0 }, { "layer": 0.0, "deleted": 0.0, "variables": { "x": 32.0, "flipX": 0.0, "y": -128.0, "flipY": 0.0 }, "object": 517.0 }, { "layer": 0.0, "deleted": 0.0, "variables": { "x": 64.0, "flipX": 0.0, "y": -128.0, "flipY": 0.0 }, "object": 517.0 }, { "layer": 0.0, "deleted": 0.0, "variables": { "x": 96.0, "flipX": 0.0, "y": -128.0, "flipY": 0.0 }, "object": 517.0 }, { "layer": 0.0, "deleted": 0.0, "variables": { "x": 128.0, "flipX": 0.0, "y": -128.0, "flipY": 0.0 }, "object": 517.0 }, { "layer": 0.0, "deleted": 0.0, "variables": { "x": 160.0, "flipX": 0.0, "y": -128.0, "flipY": 0.0 }, "object": 517.0 }, { "layer": 0.0, "deleted": 0.0, "variables": { "x": 160.0, "flipX": 0.0, "y": -96.0, "flipY": 0.0 }, "object": 517.0 }, { "layer": 0.0, "deleted": 0.0, "variables": { "x": 160.0, "flipX": 0.0, "y": -64.0, "flipY": 0.0 }, "object": 517.0 }, { "layer": 0.0, "deleted": 0.0, "variables": { "x": 192.0, "flipX": 0.0, "y": -64.0, "flipY": 0.0 }, "object": 517.0 }, { "layer": 0.0, "deleted": 0.0, "variables": { "x": 192.0, "flipX": 0.0, "y": -96.0, "flipY": 0.0 }, "object": 517.0 }, { "layer": 0.0, "deleted": 0.0, "variables": { "x": 192.0, "flipX": 0.0, "y": -128.0, "flipY": 0.0 }, "object": 517.0 }, { "layer": 0.0, "deleted": 0.0, "variables": { "x": 224.0, "flipX": 0.0, "y": -128.0, "flipY": 0.0 }, "object": 517.0 }, { "layer": 0.0, "deleted": 0.0, "variables": { "x": 256.0, "flipX": 0.0, "y": -128.0, "flipY": 0.0 }, "object": 517.0 }, { "layer": 0.0, "deleted": 0.0, "variables": { "x": 288.0, "flipX": 0.0, "y": -128.0, "flipY": 0.0 }, "object": 517.0 }, { "layer": 0.0, "deleted": 0.0, "variables": { "x": 320.0, "flipX": 0.0, "y": -128.0, "flipY": 0.0 }, "object": 517.0 }, { "layer": 0.0, "deleted": 0.0, "variables": { "x": 352.0, "flipX": 0.0, "y": -128.0, "flipY": 0.0 }, "object": 517.0 }, { "layer": 0.0, "deleted": 0.0, "variables": { "x": 384.0, "flipX": 0.0, "y": -128.0, "flipY": 0.0 }, "object": 517.0 }, { "layer": 0.0, "deleted": 0.0, "variables": { "x": 416.0, "flipX": 0.0, "y": -128.0, "flipY": 0.0 }, "object": 517.0 }, { "layer": 0.0, "deleted": 0.0, "variables": { "x": 448.0, "flipX": 0.0, "y": -128.0, "flipY": 0.0 }, "object": 517.0 }, { "layer": 0.0, "deleted": 0.0, "variables": { "x": 480.0, "flipX": 0.0, "y": -128.0, "flipY": 0.0 }, "object": 517.0 }, { "layer": 0.0, "deleted": 0.0, "variables": { "x": 512.0, "flipX": 0.0, "y": -128.0, "flipY": 0.0 }, "object": 517.0 }, { "layer": 0.0, "deleted": 0.0, "variables": { "x": 544.0, "flipX": 0.0, "y": -128.0, "flipY": 0.0 }, "object": 517.0 }, { "layer": 0.0, "deleted": 0.0, "variables": { "x": 576.0, "flipX": 0.0, "y": -128.0, "flipY": 0.0 }, "object": 517.0 }, { "layer": 0.0, "deleted": 0.0, "variables": { "x": 608.0, "flipX": 0.0, "y": -128.0, "flipY": 0.0 }, "object": 517.0 }, { "layer": 0.0, "deleted": 0.0, "variables": { "x": 640.0, "flipX": 0.0, "y": -128.0, "flipY": 0.0 }, "object": 517.0 }, { "layer": 0.0, "deleted": 0.0, "variables": { "x": 672.0, "flipX": 0.0, "y": -128.0, "flipY": 0.0 }, "object": 517.0 }, { "layer": 0.0, "deleted": 0.0, "variables": { "x": 672.0, "flipX": 0.0, "y": -96.0, "flipY": 0.0 }, "object": 517.0 }, { "layer": 0.0, "deleted": 0.0, "variables": { "x": 672.0, "flipX": 0.0, "y": -64.0, "flipY": 0.0 }, "object": 517.0 }, { "layer": 0.0, "deleted": 0.0, "variables": { "x": 672.0, "flipX": 0.0, "y": -32.0, "flipY": 0.0 }, "object": 517.0 }, { "layer": 0.0, "deleted": 0.0, "variables": { "x": 672.0, "flipX": 0.0, "y": 0.0, "flipY": 0.0 }, "object": 517.0 }, { "layer": 0.0, "deleted": 0.0, "variables": { "x": 672.0, "flipX": 0.0, "y": 32.0, "flipY": 0.0 }, "object": 517.0 }, { "layer": 0.0, "deleted": 0.0, "variables": { "x": 672.0, "flipX": 0.0, "y": 64.0, "flipY": 0.0 }, "object": 517.0 }, { "layer": 0.0, "deleted": 0.0, "variables": { "x": 672.0, "flipX": 0.0, "y": 96.0, "flipY": 0.0 }, "object": 517.0 }, { "layer": 0.0, "deleted": 0.0, "variables": { "x": 672.0, "flipX": 0.0, "y": 128.0, "flipY": 0.0 }, "object": 517.0 }, { "layer": 0.0, "deleted": 0.0, "variables": { "x": 672.0, "flipX": 0.0, "y": 160.0, "flipY": 0.0 }, "object": 517.0 }, { "layer": 0.0, "deleted": 0.0, "variables": { "x": 672.0, "flipX": 0.0, "y": 192.0, "flipY": 0.0 }, "object": 517.0 }, { "layer": 0.0, "deleted": 0.0, "variables": { "x": 672.0, "flipX": 0.0, "y": 224.0, "flipY": 0.0 }, "object": 517.0 }, { "layer": 0.0, "deleted": 0.0, "variables": { "x": 704.0, "flipX": 0.0, "y": 224.0, "flipY": 0.0 }, "object": 517.0 }, { "layer": 0.0, "deleted": 0.0, "variables": { "x": 736.0, "flipX": 0.0, "y": 224.0, "flipY": 0.0 }, "object": 517.0 }, { "layer": 0.0, "deleted": 0.0, "variables": { "x": 768.0, "flipX": 0.0, "y": 224.0, "flipY": 0.0 }, "object": 517.0 }, { "layer": 0.0, "deleted": 0.0, "variables": { "x": 800.0, "flipX": 0.0, "y": 224.0, "flipY": 0.0 }, "object": 517.0 }, { "layer": 0.0, "deleted": 0.0, "variables": { "x": 832.0, "flipX": 0.0, "y": 224.0, "flipY": 0.0 }, "object": 517.0 }, { "layer": 0.0, "deleted": 0.0, "variables": { "x": 864.0, "flipX": 0.0, "y": 224.0, "flipY": 0.0 }, "object": 517.0 }, { "layer": 0.0, "deleted": 0.0, "variables": { "x": 864.0, "flipX": 0.0, "y": 192.0, "flipY": 0.0 }, "object": 517.0 }, { "layer": 0.0, "deleted": 0.0, "variables": { "x": 864.0, "flipX": 0.0, "y": 160.0, "flipY": 0.0 }, "object": 517.0 }, { "layer": 0.0, "deleted": 0.0, "variables": { "x": 864.0, "flipX": 0.0, "y": 128.0, "flipY": 0.0 }, "object": 517.0 }, { "layer": 0.0, "deleted": 0.0, "variables": { "x": 864.0, "flipX": 0.0, "y": 96.0, "flipY": 0.0 }, "object": 517.0 }, { "layer": 0.0, "deleted": 0.0, "variables": { "x": 864.0, "flipX": 0.0, "y": 64.0, "flipY": 0.0 }, "object": 517.0 }, { "layer": 0.0, "deleted": 0.0, "variables": { "x": 864.0, "flipX": 0.0, "y": 32.0, "flipY": 0.0 }, "object": 517.0 }, { "layer": 0.0, "deleted": 0.0, "variables": { "x": 864.0, "flipX": 0.0, "y": 0.0, "flipY": 0.0 }, "object": 517.0 }, { "layer": 0.0, "deleted": 0.0, "variables": { "x": 864.0, "flipX": 0.0, "y": -32.0, "flipY": 0.0 }, "object": 517.0 }, { "layer": 0.0, "deleted": 0.0, "variables": { "x": 864.0, "flipX": 0.0, "y": -64.0, "flipY": 0.0 }, "object": 517.0 }, { "layer": 0.0, "deleted": 0.0, "variables": { "x": 864.0, "flipX": 0.0, "y": -96.0, "flipY": 0.0 }, "object": 517.0 }, { "layer": 0.0, "deleted": 0.0, "variables": { "x": 864.0, "flipX": 0.0, "y": -128.0, "flipY": 0.0 }, "object": 517.0 }, { "layer": 0.0, "deleted": 0.0, "variables": { "x": 896.0, "flipX": 0.0, "y": -128.0, "flipY": 0.0 }, "object": 517.0 }, { "layer": 0.0, "deleted": 0.0, "variables": { "x": 928.0, "flipX": 0.0, "y": -128.0, "flipY": 0.0 }, "object": 517.0 }, { "layer": 0.0, "deleted": 0.0, "variables": { "x": 960.0, "flipX": 0.0, "y": -128.0, "flipY": 0.0 }, "object": 517.0 }, { "layer": 0.0, "deleted": 0.0, "variables": { "x": 992.0, "flipX": 0.0, "y": -128.0, "flipY": 0.0 }, "object": 517.0 }, { "layer": 0.0, "deleted": 0.0, "variables": { "x": 1024.0, "flipX": 0.0, "y": -128.0, "flipY": 0.0 }, "object": 517.0 }, { "layer": 0.0, "deleted": 0.0, "variables": { "x": 1024.0, "flipX": 0.0, "y": -96.0, "flipY": 0.0 }, "object": 517.0 }, { "layer": 0.0, "deleted": 0.0, "variables": { "x": 1024.0, "flipX": 0.0, "y": -64.0, "flipY": 0.0 }, "object": 517.0 }, { "layer": 0.0, "deleted": 0.0, "variables": { "x": 1024.0, "flipX": 0.0, "y": -32.0, "flipY": 0.0 }, "object": 517.0 }, { "layer": 0.0, "deleted": 0.0, "variables": { "x": 1024.0, "flipX": 0.0, "y": 0.0, "flipY": 0.0 }, "object": 517.0 }, { "layer": 0.0, "deleted": 0.0, "variables": { "x": 1024.0, "flipX": 0.0, "y": 32.0, "flipY": 0.0 }, "object": 517.0 }, { "layer": 0.0, "deleted": 0.0, "variables": { "x": 1024.0, "flipX": 0.0, "y": 64.0, "flipY": 0.0 }, "object": 517.0 }, { "layer": 0.0, "deleted": 0.0, "variables": { "x": 1024.0, "flipX": 0.0, "y": 96.0, "flipY": 0.0 }, "object": 517.0 }, { "layer": 0.0, "deleted": 0.0, "variables": { "x": 1024.0, "flipX": 0.0, "y": 128.0, "flipY": 0.0 }, "object": 517.0 }, { "layer": 0.0, "deleted": 0.0, "variables": { "x": 1024.0, "flipX": 0.0, "y": 160.0, "flipY": 0.0 }, "object": 517.0 }, { "layer": 0.0, "deleted": 0.0, "variables": { "x": 1056.0, "flipX": 0.0, "y": 160.0, "flipY": 0.0 }, "object": 517.0 }, { "layer": 0.0, "deleted": 0.0, "variables": { "x": 1088.0, "flipX": 0.0, "y": 160.0, "flipY": 0.0 }, "object": 517.0 }, { "layer": 0.0, "deleted": 0.0, "variables": { "x": 1120.0, "flipX": 0.0, "y": 160.0, "flipY": 0.0 }, "object": 517.0 }, { "layer": 0.0, "deleted": 0.0, "variables": { "x": 1152.0, "flipX": 0.0, "y": 160.0, "flipY": 0.0 }, "object": 517.0 }, { "layer": 0.0, "deleted": 0.0, "variables": { "x": 1184.0, "flipX": 0.0, "y": 160.0, "flipY": 0.0 }, "object": 517.0 }, { "layer": 0.0, "deleted": 0.0, "variables": { "x": 1184.0, "flipX": 0.0, "y": 128.0, "flipY": 0.0 }, "object": 517.0 }, { "layer": 0.0, "deleted": 0.0, "variables": { "x": 1184.0, "flipX": 0.0, "y": 96.0, "flipY": 0.0 }, "object": 517.0 }, { "layer": 0.0, "deleted": 0.0, "variables": { "x": 1184.0, "flipX": 0.0, "y": 64.0, "flipY": 0.0 }, "object": 517.0 }, { "layer": 0.0, "deleted": 0.0, "variables": { "x": 1184.0, "flipX": 0.0, "y": 32.0, "flipY": 0.0 }, "object": 517.0 }, { "layer": 0.0, "deleted": 0.0, "variables": { "x": 1184.0, "flipX": 0.0, "y": 0.0, "flipY": 0.0 }, "object": 517.0 }, { "layer": 0.0, "deleted": 0.0, "variables": { "x": 1184.0, "flipX": 0.0, "y": -32.0, "flipY": 0.0 }, "object": 517.0 }, { "layer": 0.0, "deleted": 0.0, "variables": { "x": 1184.0, "flipX": 0.0, "y": -64.0, "flipY": 0.0 }, "object": 517.0 }, { "layer": 0.0, "deleted": 0.0, "variables": { "x": 1184.0, "flipX": 0.0, "y": -96.0, "flipY": 0.0 }, "object": 517.0 }, { "layer": 0.0, "deleted": 0.0, "variables": { "x": 1184.0, "flipX": 0.0, "y": -128.0, "flipY": 0.0 }, "object": 517.0 }, { "layer": 0.0, "deleted": 0.0, "variables": { "x": 1216.0, "flipX": 0.0, "y": -128.0, "flipY": 0.0 }, "object": 517.0 }, { "layer": 0.0, "deleted": 0.0, "variables": { "x": 1248.0, "flipX": 0.0, "y": -128.0, "flipY": 0.0 }, "object": 517.0 }, { "layer": 0.0, "deleted": 0.0, "variables": { "x": 1280.0, "flipX": 0.0, "y": -128.0, "flipY": 0.0 }, "object": 517.0 }, { "layer": 0.0, "deleted": 0.0, "variables": { "x": 1312.0, "flipX": 0.0, "y": -128.0, "flipY": 0.0 }, "object": 517.0 }, { "layer": 0.0, "deleted": 0.0, "variables": { "x": 1344.0, "flipX": 0.0, "y": -128.0, "flipY": 0.0 }, "object": 517.0 }, { "layer": 0.0, "deleted": 0.0, "variables": { "x": 1376.0, "flipX": 0.0, "y": -128.0, "flipY": 0.0 }, "object": 517.0 }, { "layer": 0.0, "deleted": 0.0, "variables": { "x": 1376.0, "flipX": 0.0, "y": -96.0, "flipY": 0.0 }, "object": 517.0 }, { "layer": 0.0, "deleted": 0.0, "variables": { "x": 1376.0, "flipX": 0.0, "y": -64.0, "flipY": 0.0 }, "object": 517.0 }, { "layer": 0.0, "deleted": 0.0, "variables": { "x": 1376.0, "flipX": 0.0, "y": -32.0, "flipY": 0.0 }, "object": 517.0 }, { "layer": 0.0, "deleted": 0.0, "variables": { "x": 1376.0, "flipX": 0.0, "y": 0.0, "flipY": 0.0 }, "object": 517.0 }, { "layer": 0.0, "deleted": 0.0, "variables": { "x": 1376.0, "flipX": 0.0, "y": 32.0, "flipY": 0.0 }, "object": 517.0 }, { "layer": 0.0, "deleted": 0.0, "variables": { "x": 1376.0, "flipX": 0.0, "y": 64.0, "flipY": 0.0 }, "object": 517.0 }, { "layer": 0.0, "deleted": 0.0, "variables": { "x": 1376.0, "flipX": 0.0, "y": 96.0, "flipY": 0.0 }, "object": 517.0 }, { "layer": 0.0, "deleted": 0.0, "variables": { "x": 1376.0, "flipX": 0.0, "y": 128.0, "flipY": 0.0 }, "object": 517.0 }, { "layer": 0.0, "deleted": 0.0, "variables": { "x": 1376.0, "flipX": 0.0, "y": 160.0, "flipY": 0.0 }, "object": 517.0 }, { "layer": 0.0, "deleted": 0.0, "variables": { "x": 1376.0, "flipX": 0.0, "y": 192.0, "flipY": 0.0 }, "object": 517.0 }, { "layer": 0.0, "deleted": 0.0, "variables": { "x": 1376.0, "flipX": 0.0, "y": 224.0, "flipY": 0.0 }, "object": 517.0 }, { "layer": 0.0, "deleted": 0.0, "variables": { "x": 1376.0, "flipX": 0.0, "y": 256.0, "flipY": 0.0 }, "object": 517.0 }, { "layer": 0.0, "deleted": 0.0, "variables": { "x": 1376.0, "flipX": 0.0, "y": 288.0, "flipY": 0.0 }, "object": 517.0 }, { "layer": 0.0, "deleted": 0.0, "variables": { "x": 1376.0, "flipX": 0.0, "y": 320.0, "flipY": 0.0 }, "object": 517.0 }, { "layer": 0.0, "deleted": 0.0, "variables": { "x": 1376.0, "flipX": 0.0, "y": 352.0, "flipY": 0.0 }, "object": 517.0 }, { "layer": 0.0, "deleted": 0.0, "variables": { "x": 1376.0, "flipX": 0.0, "y": 384.0, "flipY": 0.0 }, "object": 517.0 }, { "layer": 0.0, "deleted": 0.0, "variables": { "x": 1376.0, "flipX": 0.0, "y": 416.0, "flipY": 0.0 }, "object": 517.0 }, { "layer": 0.0, "deleted": 0.0, "variables": { "x": 1376.0, "flipX": 0.0, "y": 448.0, "flipY": 0.0 }, "object": 517.0 }, { "layer": 0.0, "deleted": 0.0, "variables": { "x": 1376.0, "flipX": 0.0, "y": 480.0, "flipY": 0.0 }, "object": 517.0 }, { "layer": 0.0, "deleted": 0.0, "variables": { "x": 1344.0, "flipX": 0.0, "y": 480.0, "flipY": 0.0 }, "object": 517.0 }, { "layer": 0.0, "deleted": 0.0, "variables": { "x": 1312.0, "flipX": 0.0, "y": 480.0, "flipY": 0.0 }, "object": 517.0 }, { "layer": 0.0, "deleted": 0.0, "variables": { "x": 1280.0, "flipX": 0.0, "y": 480.0, "flipY": 0.0 }, "object": 517.0 }, { "layer": 0.0, "deleted": 0.0, "variables": { "x": 1248.0, "flipX": 0.0, "y": 480.0, "flipY": 0.0 }, "object": 517.0 }, { "layer": 0.0, "deleted": 0.0, "variables": { "x": 1216.0, "flipX": 0.0, "y": 480.0, "flipY": 0.0 }, "object": 517.0 }, { "layer": 0.0, "deleted": 0.0, "variables": { "x": 1184.0, "flipX": 0.0, "y": 480.0, "flipY": 0.0 }, "object": 517.0 }, { "layer": 0.0, "deleted": 0.0, "variables": { "x": 1184.0, "flipX": 0.0, "y": 448.0, "flipY": 0.0 }, "object": 517.0 }, { "layer": 0.0, "deleted": 0.0, "variables": { "x": 1184.0, "flipX": 0.0, "y": 416.0, "flipY": 0.0 }, "object": 517.0 }, { "layer": 0.0, "deleted": 0.0, "variables": { "x": 1184.0, "flipX": 0.0, "y": 384.0, "flipY": 0.0 }, "object": 517.0 }, { "layer": 0.0, "deleted": 0.0, "variables": { "x": 1184.0, "flipX": 0.0, "y": 352.0, "flipY": 0.0 }, "object": 517.0 }, { "layer": 0.0, "deleted": 0.0, "variables": { "x": 1184.0, "flipX": 0.0, "y": 320.0, "flipY": 0.0 }, "object": 517.0 }, { "layer": 0.0, "deleted": 0.0, "variables": { "x": 1152.0, "flipX": 0.0, "y": 288.0, "flipY": 0.0 }, "object": 517.0 }, { "layer": 0.0, "deleted": 0.0, "variables": { "x": 1120.0, "flipX": 0.0, "y": 288.0, "flipY": 0.0 }, "object": 517.0 }, { "layer": 0.0, "deleted": 0.0, "variables": { "x": 1088.0, "flipX": 0.0, "y": 288.0, "flipY": 0.0 }, "object": 517.0 }, { "layer": 0.0, "deleted": 0.0, "variables": { "x": 1056.0, "flipX": 0.0, "y": 288.0, "flipY": 0.0 }, "object": 517.0 }, { "layer": 0.0, "deleted": 0.0, "variables": { "x": 1024.0, "flipX": 0.0, "y": 288.0, "flipY": 0.0 }, "object": 517.0 }, { "layer": 0.0, "deleted": 0.0, "variables": { "x": 1184.0, "flipX": 0.0, "y": 288.0, "flipY": 0.0 }, "object": 517.0 }, { "layer": 0.0, "deleted": 0.0, "variables": { "x": 960.0, "flipX": 0.0, "y": 256.0, "flipY": 0.0 }, "object": 1136.0 }, { "layer": 0.0, "deleted": 0.0, "variables": { "x": 1248.0, "flipX": 0.0, "y": 288.0, "flipY": 0.0 }, "object": 763.0 }, { "layer": 0.0, "deleted": 0.0, "variables": { "x": 1280.0, "flipX": 0.0, "y": 288.0, "flipY": 0.0 }, "object": 763.0 }, { "layer": 0.0, "deleted": 0.0, "variables": { "x": 1248.0, "flipX": 0.0, "y": 256.0, "flipY": 0.0 }, "object": 763.0 } ], "tile_data": { "5": { "928_192": { "coord": [ 1.0, 13.0 ], "autotile_index": 2.0, "tileset": "tile_secret", "autotile": 1.0 }, "960_-32": { "coord": [ 3.0, 13.0 ], "autotile_index": 2.0, "tileset": "tile_secret", "autotile": 1.0 }, "256_-160": { "coord": [ 3.0, 4.0 ], "autotile_index": 0.0, "tileset": "tile_secret", "autotile": 1.0 }, "1152_512": { "coord": [ 1.0, 10.0 ], "autotile_index": 0.0, "tileset": "tile_secret", "autotile": 1.0 }, "928_480": { "coord": [ 4.0, 1.0 ], "autotile_index": 0.0, "tileset": "tile_secret", "autotile": 1.0 }, "704_-32": { "autotile": 1.0, "autotile_index": 0.0, "tileset": "tile_secret", "coord": [ 2.0, 3.0 ] }, "1440_32": { "coord": [ 0.0, 0.0 ], "autotile_index": 0.0, "tileset": "tile_secret", "autotile": 1.0 }, "192_-96": { "coord": [ 5.0, 4.0 ], "autotile_index": 0.0, "tileset": "tile_secret", "autotile": 1.0 }, "1120_-96": { "autotile": 1.0, "autotile_index": 0.0, "tileset": "tile_secret", "coord": [ 3.0, 3.0 ] }, "448_480": { "coord": [ 4.0, 1.0 ], "autotile_index": 0.0, "tileset": "tile_secret", "autotile": 1.0 }, "96_-160": { "coord": [ 3.0, 4.0 ], "autotile_index": 0.0, "tileset": "tile_secret", "autotile": 1.0 }, "1120_0": { "autotile": 1.0, "autotile_index": 0.0, "tileset": "tile_secret", "coord": [ 3.0, 3.0 ] }, "672_352": { "coord": [ 0.0, 15.0 ], "autotile_index": 2.0, "tileset": "tile_secret", "autotile": 1.0 }, "128_-160": { "coord": [ 3.0, 4.0 ], "autotile_index": 0.0, "tileset": "tile_secret", "autotile": 1.0 }, "832_256": { "coord": [ 3.0, 11.0 ], "autotile_index": 2.0, "tileset": "tile_secret", "autotile": 1.0 }, "1280_128": { "coord": [ 2.0, 13.0 ], "autotile_index": 2.0, "tileset": "tile_secret", "autotile": 1.0 }, "1312_64": { "coord": [ 3.0, 13.0 ], "autotile_index": 2.0, "tileset": "tile_secret", "autotile": 1.0 }, "928_-96": { "coord": [ 3.0, 11.0 ], "autotile_index": 2.0, "tileset": "tile_secret", "autotile": 1.0 }, "1376_416": { "coord": [ 1.0, 2.0 ], "autotile_index": 0.0, "tileset": "tile_secret", "autotile": 1.0 }, "1344_-160": { "coord": [ 3.0, 4.0 ], "autotile_index": 0.0, "tileset": "tile_secret", "autotile": 1.0 }, "672_256": { "coord": [ 0.0, 11.0 ], "autotile_index": 2.0, "tileset": "tile_secret", "autotile": 1.0 }, "0_-160": { "coord": [ 1.0, 6.0 ], "autotile_index": 0.0, "tileset": "tile_secret", "autotile": 1.0 }, "704_512": { "coord": [ 5.0, 10.0 ], "autotile_index": 0.0, "tileset": "tile_secret", "autotile": 1.0 }, "1408_96": { "coord": [ 2.0, 3.0 ], "autotile_index": 0.0, "tileset": "tile_secret", "autotile": 1.0 }, "928_320": { "coord": [ 9.0, 11.0 ], "autotile_index": 2.0, "tileset": "tile_secret", "autotile": 1.0 }, "1312_160": { "coord": [ 3.0, 13.0 ], "autotile_index": 2.0, "tileset": "tile_secret", "autotile": 1.0 }, "1408_-64": { "coord": [ 2.0, 3.0 ], "autotile_index": 0.0, "tileset": "tile_secret", "autotile": 1.0 }, "704_448": { "coord": [ 2.0, 3.0 ], "autotile_index": 0.0, "tileset": "tile_secret", "autotile": 1.0 }, "1152_96": { "autotile": 1.0, "autotile_index": 0.0, "tileset": "tile_secret", "coord": [ 4.0, 3.0 ] }, "1152_384": { "coord": [ 4.0, 3.0 ], "autotile_index": 0.0, "tileset": "tile_secret", "autotile": 1.0 }, "960_480": { "coord": [ 4.0, 1.0 ], "autotile_index": 0.0, "tileset": "tile_secret", "autotile": 1.0 }, "32_-96": { "coord": [ 5.0, 4.0 ], "autotile_index": 0.0, "tileset": "tile_secret", "autotile": 1.0 }, "608_-160": { "autotile": 1.0, "autotile_index": 0.0, "tileset": "tile_secret", "coord": [ 3.0, 4.0 ] }, "864_288": { "coord": [ 2.0, 12.0 ], "autotile_index": 2.0, "tileset": "tile_secret", "autotile": 1.0 }, "160_-160": { "coord": [ 3.0, 4.0 ], "autotile_index": 0.0, "tileset": "tile_secret", "autotile": 1.0 }, "960_32": { "coord": [ 3.0, 13.0 ], "autotile_index": 2.0, "tileset": "tile_secret", "autotile": 1.0 }, "1312_96": { "coord": [ 3.0, 13.0 ], "autotile_index": 2.0, "tileset": "tile_secret", "autotile": 1.0 }, "96_512": { "coord": [ 3.0, 2.0 ], "autotile_index": 0.0, "tileset": "tile_secret", "autotile": 1.0 }, "1120_480": { "coord": [ 3.0, 3.0 ], "autotile_index": 0.0, "tileset": "tile_secret", "autotile": 1.0 }, "1408_224": { "coord": [ 2.0, 3.0 ], "autotile_index": 0.0, "tileset": "tile_secret", "autotile": 1.0 }, "1248_-128": { "autotile": 1.0, "autotile_index": 0.0, "tileset": "tile_secret", "coord": [ 2.0, 5.0 ] }, "1280_-128": { "coord": [ 2.0, 5.0 ], "autotile_index": 0.0, "tileset": "tile_secret", "autotile": 1.0 }, "480_480": { "coord": [ 4.0, 1.0 ], "autotile_index": 0.0, "tileset": "tile_secret", "autotile": 1.0 }, "960_288": { "coord": [ 3.0, 13.0 ], "autotile_index": 2.0, "tileset": "tile_secret", "autotile": 1.0 }, "1408_-192": { "coord": [ 0.0, 0.0 ], "autotile_index": 0.0, "tileset": "tile_secret", "autotile": 1.0 }, "1184_288": { "coord": [ 5.0, 1.0 ], "autotile_index": 0.0, "tileset": "tile_secret", "autotile": 1.0 }, "896_192": { "coord": [ 0.0, 12.0 ], "autotile_index": 2.0, "tileset": "tile_secret", "autotile": 1.0 }, "960_416": { "coord": [ 3.0, 14.0 ], "autotile_index": 2.0, "tileset": "tile_secret", "autotile": 1.0 }, "1120_64": { "autotile": 1.0, "autotile_index": 0.0, "tileset": "tile_secret", "coord": [ 3.0, 3.0 ] }, "1120_192": { "coord": [ 3.0, 11.0 ], "autotile_index": 2.0, "tileset": "tile_secret", "autotile": 1.0 }, "1376_96": { "coord": [ 1.0, 2.0 ], "autotile_index": 0.0, "tileset": "tile_secret", "autotile": 1.0 }, "1248_320": { "coord": [ 1.0, 13.0 ], "autotile_index": 2.0, "tileset": "tile_secret", "autotile": 1.0 }, "928_96": { "coord": [ 1.0, 13.0 ], "autotile_index": 2.0, "tileset": "tile_secret", "autotile": 1.0 }, "928_160": { "coord": [ 1.0, 13.0 ], "autotile_index": 2.0, "tileset": "tile_secret", "autotile": 1.0 }, "1344_96": { "coord": [ 4.0, 14.0 ], "autotile_index": 2.0, "tileset": "tile_secret", "autotile": 1.0 }, "1216_64": { "coord": [ 0.0, 12.0 ], "autotile_index": 2.0, "tileset": "tile_secret", "autotile": 1.0 }, "1056_512": { "coord": [ 5.0, 10.0 ], "autotile_index": 0.0, "tileset": "tile_secret", "autotile": 1.0 }, "960_512": { "coord": [ 3.0, 2.0 ], "autotile_index": 0.0, "tileset": "tile_secret", "autotile": 1.0 }, "0_480": { "coord": [ 4.0, 3.0 ], "autotile_index": 0.0, "tileset": "tile_secret", "autotile": 1.0 }, "512_-128": { "coord": [ 2.0, 5.0 ], "autotile_index": 0.0, "tileset": "tile_secret", "autotile": 1.0 }, "992_32": { "coord": [ 4.0, 14.0 ], "autotile_index": 2.0, "tileset": "tile_secret", "autotile": 1.0 }, "1216_288": { "coord": [ 0.0, 12.0 ], "autotile_index": 2.0, "tileset": "tile_secret", "autotile": 1.0 }, "0_192": { "coord": [ 4.0, 3.0 ], "autotile_index": 0.0, "tileset": "tile_secret", "autotile": 1.0 }, "32_256": { "coord": [ 5.0, 4.0 ], "autotile_index": 0.0, "tileset": "tile_secret", "autotile": 1.0 }, "992_192": { "coord": [ 6.0, 14.0 ], "autotile_index": 2.0, "tileset": "tile_secret", "autotile": 1.0 }, "832_192": { "autotile": 1.0, "autotile_index": 0.0, "tileset": "tile_secret", "coord": [ 4.0, 4.0 ] }, "1120_224": { "coord": [ 6.0, 2.0 ], "autotile_index": 2.0, "tileset": "tile_secret", "autotile": 1.0 }, "1280_320": { "coord": [ 2.0, 13.0 ], "autotile_index": 2.0, "tileset": "tile_secret", "autotile": 1.0 }, "0_384": { "coord": [ 4.0, 3.0 ], "autotile_index": 0.0, "tileset": "tile_secret", "autotile": 1.0 }, "576_512": { "coord": [ 3.0, 2.0 ], "autotile_index": 0.0, "tileset": "tile_secret", "autotile": 1.0 }, "1408_384": { "coord": [ 2.0, 3.0 ], "autotile_index": 0.0, "tileset": "tile_secret", "autotile": 1.0 }, "832_-128": { "autotile": 1.0, "autotile_index": 0.0, "tileset": "tile_secret", "coord": [ 4.0, 3.0 ] }, "672_224": { "autotile": 1.0, "autotile_index": 0.0, "tileset": "tile_secret", "coord": [ 1.0, 5.0 ] }, "1312_448": { "coord": [ 1.0, 15.0 ], "autotile_index": 2.0, "tileset": "tile_secret", "autotile": 1.0 }, "0_-64": { "coord": [ 4.0, 3.0 ], "autotile_index": 0.0, "tileset": "tile_secret", "autotile": 1.0 }, "928_448": { "coord": [ 1.0, 15.0 ], "autotile_index": 2.0, "tileset": "tile_secret", "autotile": 1.0 }, "1376_0": { "coord": [ 1.0, 2.0 ], "autotile_index": 0.0, "tileset": "tile_secret", "autotile": 1.0 }, "704_352": { "coord": [ 1.0, 15.0 ], "autotile_index": 2.0, "tileset": "tile_secret", "autotile": 1.0 }, "1088_96": { "autotile": 1.0, "autotile_index": 0.0, "tileset": "tile_secret", "coord": [ 3.0, 3.0 ] }, "896_-96": { "coord": [ 0.0, 11.0 ], "autotile_index": 2.0, "tileset": "tile_secret", "autotile": 1.0 }, "1248_288": { "coord": [ 1.0, 13.0 ], "autotile_index": 2.0, "tileset": "tile_secret", "autotile": 1.0 }, "1024_256": { "coord": [ 1.0, 15.0 ], "autotile_index": 2.0, "tileset": "tile_secret", "autotile": 1.0 }, "224_480": { "coord": [ 4.0, 1.0 ], "autotile_index": 0.0, "tileset": "tile_secret", "autotile": 1.0 }, "1056_448": { "coord": [ 2.0, 3.0 ], "autotile_index": 0.0, "tileset": "tile_secret", "autotile": 1.0 }, "1056_288": { "coord": [ 4.0, 1.0 ], "autotile_index": 0.0, "tileset": "tile_secret", "autotile": 1.0 }, "1152_416": { "coord": [ 4.0, 3.0 ], "autotile_index": 0.0, "tileset": "tile_secret", "autotile": 1.0 }, "1248_224": { "coord": [ 1.0, 13.0 ], "autotile_index": 2.0, "tileset": "tile_secret", "autotile": 1.0 }, "416_512": { "coord": [ 3.0, 2.0 ], "autotile_index": 0.0, "tileset": "tile_secret", "autotile": 1.0 }, "1184_480": { "coord": [ 2.0, 9.0 ], "autotile_index": 0.0, "tileset": "tile_secret", "autotile": 1.0 }, "1088_448": { "coord": [ 3.0, 3.0 ], "autotile_index": 0.0, "tileset": "tile_secret", "autotile": 1.0 }, "800_288": { "coord": [ 2.0, 12.0 ], "autotile_index": 2.0, "tileset": "tile_secret", "autotile": 1.0 }, "1344_-64": { "coord": [ 4.0, 14.0 ], "autotile_index": 2.0, "tileset": "tile_secret", "autotile": 1.0 }, "864_-128": { "autotile": 1.0, "autotile_index": 0.0, "tileset": "tile_secret", "coord": [ 2.0, 7.0 ] }, "960_320": { "coord": [ 3.0, 13.0 ], "autotile_index": 2.0, "tileset": "tile_secret", "autotile": 1.0 }, "1216_-128": { "autotile": 1.0, "autotile_index": 0.0, "tileset": "tile_secret", "coord": [ 2.0, 5.0 ] }, "1344_64": { "coord": [ 4.0, 14.0 ], "autotile_index": 2.0, "tileset": "tile_secret", "autotile": 1.0 }, "0_160": { "coord": [ 4.0, 3.0 ], "autotile_index": 0.0, "tileset": "tile_secret", "autotile": 1.0 }, "352_-160": { "coord": [ 3.0, 4.0 ], "autotile_index": 0.0, "tileset": "tile_secret", "autotile": 1.0 }, "992_64": { "coord": [ 4.0, 14.0 ], "autotile_index": 2.0, "tileset": "tile_secret", "autotile": 1.0 }, "1184_96": { "autotile": 1.0, "autotile_index": 0.0, "tileset": "tile_secret", "coord": [ 5.0, 4.0 ] }, "768_-96": { "autotile": 1.0, "autotile_index": 0.0, "tileset": "tile_secret", "coord": [ 3.0, 3.0 ] }, "352_480": { "coord": [ 4.0, 1.0 ], "autotile_index": 0.0, "tileset": "tile_secret", "autotile": 1.0 }, "704_160": { "autotile": 1.0, "autotile_index": 0.0, "tileset": "tile_secret", "coord": [ 2.0, 3.0 ] }, "896_320": { "coord": [ 2.0, 14.0 ], "autotile_index": 2.0, "tileset": "tile_secret", "autotile": 1.0 }, "672_480": { "coord": [ 4.0, 9.0 ], "autotile_index": 0.0, "tileset": "tile_secret", "autotile": 1.0 }, "160_480": { "coord": [ 4.0, 1.0 ], "autotile_index": 0.0, "tileset": "tile_secret", "autotile": 1.0 }, "832_384": { "coord": [ 4.0, 1.0 ], "autotile_index": 0.0, "tileset": "tile_secret", "autotile": 1.0 }, "576_-160": { "coord": [ 3.0, 4.0 ], "autotile_index": 0.0, "tileset": "tile_secret", "autotile": 1.0 }, "1280_448": { "coord": [ 1.0, 15.0 ], "autotile_index": 2.0, "tileset": "tile_secret", "autotile": 1.0 }, "1056_384": { "coord": [ 2.0, 3.0 ], "autotile_index": 0.0, "tileset": "tile_secret", "autotile": 1.0 }, "896_128": { "coord": [ 0.0, 12.0 ], "autotile_index": 2.0, "tileset": "tile_secret", "autotile": 1.0 }, "1184_384": { "coord": [ 5.0, 4.0 ], "autotile_index": 0.0, "tileset": "tile_secret", "autotile": 1.0 }, "608_480": { "coord": [ 4.0, 1.0 ], "autotile_index": 0.0, "tileset": "tile_secret", "autotile": 1.0 }, "1056_160": { "autotile": 1.0, "autotile_index": 0.0, "tileset": "tile_secret", "coord": [ 2.0, 5.0 ] }, "832_320": { "coord": [ 2.0, 14.0 ], "autotile_index": 2.0, "tileset": "tile_secret", "autotile": 1.0 }, "1248_-64": { "coord": [ 1.0, 12.0 ], "autotile_index": 2.0, "tileset": "tile_secret", "autotile": 1.0 }, "960_256": { "coord": [ 3.0, 13.0 ], "autotile_index": 2.0, "tileset": "tile_secret", "autotile": 1.0 }, "736_480": { "coord": [ 3.0, 3.0 ], "autotile_index": 0.0, "tileset": "tile_secret", "autotile": 1.0 }, "1376_-32": { "coord": [ 1.0, 2.0 ], "autotile_index": 0.0, "tileset": "tile_secret", "autotile": 1.0 }, "832_416": { "coord": [ 4.0, 2.0 ], "autotile_index": 0.0, "tileset": "tile_secret", "autotile": 1.0 }, "1312_384": { "coord": [ 3.0, 13.0 ], "autotile_index": 2.0, "tileset": "tile_secret", "autotile": 1.0 }, "1152_192": { "coord": [ 3.0, 11.0 ], "autotile_index": 2.0, "tileset": "tile_secret", "autotile": 1.0 }, "736_-128": { "autotile": 1.0, "autotile_index": 0.0, "tileset": "tile_secret", "coord": [ 3.0, 3.0 ] }, "768_256": { "coord": [ 3.0, 11.0 ], "autotile_index": 2.0, "tileset": "tile_secret", "autotile": 1.0 }, "224_512": { "coord": [ 3.0, 2.0 ], "autotile_index": 0.0, "tileset": "tile_secret", "autotile": 1.0 }, "1376_448": { "coord": [ 1.0, 2.0 ], "autotile_index": 0.0, "tileset": "tile_secret", "autotile": 1.0 }, "736_160": { "autotile": 1.0, "autotile_index": 0.0, "tileset": "tile_secret", "coord": [ 3.0, 3.0 ] }, "1120_-64": { "autotile": 1.0, "autotile_index": 0.0, "tileset": "tile_secret", "coord": [ 3.0, 3.0 ] }, "1216_416": { "coord": [ 0.0, 12.0 ], "autotile_index": 2.0, "tileset": "tile_secret", "autotile": 1.0 }, "992_0": { "coord": [ 4.0, 14.0 ], "autotile_index": 2.0, "tileset": "tile_secret", "autotile": 1.0 }, "736_128": { "autotile": 1.0, "autotile_index": 0.0, "tileset": "tile_secret", "coord": [ 3.0, 3.0 ] }, "1152_128": { "autotile": 1.0, "autotile_index": 0.0, "tileset": "tile_secret", "coord": [ 4.0, 4.0 ] }, "736_32": { "autotile": 1.0, "autotile_index": 0.0, "tileset": "tile_secret", "coord": [ 3.0, 3.0 ] }, "960_448": { "coord": [ 1.0, 15.0 ], "autotile_index": 2.0, "tileset": "tile_secret", "autotile": 1.0 }, "736_-64": { "autotile": 1.0, "autotile_index": 0.0, "tileset": "tile_secret", "coord": [ 3.0, 3.0 ] }, "672_320": { "coord": [ 0.0, 12.0 ], "autotile_index": 2.0, "tileset": "tile_secret", "autotile": 1.0 }, "896_288": { "coord": [ 2.0, 12.0 ], "autotile_index": 2.0, "tileset": "tile_secret", "autotile": 1.0 }, "704_-64": { "autotile": 1.0, "autotile_index": 0.0, "tileset": "tile_secret", "coord": [ 2.0, 3.0 ] }, "256_480": { "coord": [ 4.0, 1.0 ], "autotile_index": 0.0, "tileset": "tile_secret", "autotile": 1.0 }, "960_96": { "coord": [ 3.0, 13.0 ], "autotile_index": 2.0, "tileset": "tile_secret", "autotile": 1.0 }, "832_-160": { "autotile": 1.0, "autotile_index": 0.0, "tileset": "tile_secret", "coord": [ 1.0, 6.0 ] }, "704_224": { "autotile": 1.0, "autotile_index": 0.0, "tileset": "tile_secret", "coord": [ 2.0, 5.0 ] }, "1120_160": { "autotile": 1.0, "autotile_index": 0.0, "tileset": "tile_secret", "coord": [ 2.0, 5.0 ] }, "1056_480": { "coord": [ 2.0, 3.0 ], "autotile_index": 0.0, "tileset": "tile_secret", "autotile": 1.0 }, "768_320": { "coord": [ 2.0, 14.0 ], "autotile_index": 2.0, "tileset": "tile_secret", "autotile": 1.0 }, "896_32": { "coord": [ 0.0, 12.0 ], "autotile_index": 2.0, "tileset": "tile_secret", "autotile": 1.0 }, "1248_352": { "coord": [ 1.0, 13.0 ], "autotile_index": 2.0, "tileset": "tile_secret", "autotile": 1.0 }, "992_224": { "coord": [ 6.0, 2.0 ], "autotile_index": 2.0, "tileset": "tile_secret", "autotile": 1.0 }, "800_96": { "autotile": 1.0, "autotile_index": 0.0, "tileset": "tile_secret", "coord": [ 3.0, 3.0 ] }, "992_256": { "coord": [ 6.0, 12.0 ], "autotile_index": 2.0, "tileset": "tile_secret", "autotile": 1.0 }, "1280_-64": { "coord": [ 2.0, 12.0 ], "autotile_index": 2.0, "tileset": "tile_secret", "autotile": 1.0 }, "1248_-160": { "autotile": 1.0, "autotile_index": 0.0, "tileset": "tile_secret", "coord": [ 3.0, 4.0 ] }, "256_512": { "coord": [ 3.0, 2.0 ], "autotile_index": 0.0, "tileset": "tile_secret", "autotile": 1.0 }, "992_320": { "coord": [ 4.0, 14.0 ], "autotile_index": 2.0, "tileset": "tile_secret", "autotile": 1.0 }, "1376_-128": { "coord": [ 4.0, 7.0 ], "autotile_index": 0.0, "tileset": "tile_secret", "autotile": 1.0 }, "1120_288": { "coord": [ 4.0, 1.0 ], "autotile_index": 0.0, "tileset": "tile_secret", "autotile": 1.0 }, "1152_320": { "coord": [ 4.0, 2.0 ], "autotile_index": 0.0, "tileset": "tile_secret", "autotile": 1.0 }, "64_480": { "coord": [ 4.0, 1.0 ], "autotile_index": 0.0, "tileset": "tile_secret", "autotile": 1.0 }, "0_96": { "coord": [ 4.0, 3.0 ], "autotile_index": 0.0, "tileset": "tile_secret", "autotile": 1.0 }, "768_416": { "coord": [ 3.0, 2.0 ], "autotile_index": 0.0, "tileset": "tile_secret", "autotile": 1.0 }, "512_-160": { "coord": [ 3.0, 4.0 ], "autotile_index": 0.0, "tileset": "tile_secret", "autotile": 1.0 }, "1184_-64": { "autotile": 1.0, "autotile_index": 0.0, "tileset": "tile_secret", "coord": [ 5.0, 4.0 ] }, "1312_0": { "coord": [ 3.0, 13.0 ], "autotile_index": 2.0, "tileset": "tile_secret", "autotile": 1.0 }, "0_512": { "coord": [ 1.0, 10.0 ], "autotile_index": 0.0, "tileset": "tile_secret", "autotile": 1.0 }, "1024_384": { "coord": [ 1.0, 2.0 ], "autotile_index": 0.0, "tileset": "tile_secret", "autotile": 1.0 }, "160_-64": { "coord": [ 1.0, 5.0 ], "autotile_index": 0.0, "tileset": "tile_secret", "autotile": 1.0 }, "1216_352": { "coord": [ 0.0, 12.0 ], "autotile_index": 2.0, "tileset": "tile_secret", "autotile": 1.0 }, "1408_64": { "coord": [ 2.0, 3.0 ], "autotile_index": 0.0, "tileset": "tile_secret", "autotile": 1.0 }, "1408_-128": { "coord": [ 2.0, 3.0 ], "autotile_index": 0.0, "tileset": "tile_secret", "autotile": 1.0 }, "1344_0": { "coord": [ 4.0, 14.0 ], "autotile_index": 2.0, "tileset": "tile_secret", "autotile": 1.0 }, "1344_288": { "coord": [ 4.0, 14.0 ], "autotile_index": 2.0, "tileset": "tile_secret", "autotile": 1.0 }, "64_512": { "coord": [ 3.0, 2.0 ], "autotile_index": 0.0, "tileset": "tile_secret", "autotile": 1.0 }, "992_128": { "coord": [ 4.0, 14.0 ], "autotile_index": 2.0, "tileset": "tile_secret", "autotile": 1.0 }, "672_128": { "autotile": 1.0, "autotile_index": 0.0, "tileset": "tile_secret", "coord": [ 1.0, 2.0 ] }, "1312_288": { "coord": [ 3.0, 13.0 ], "autotile_index": 2.0, "tileset": "tile_secret", "autotile": 1.0 }, "704_64": { "autotile": 1.0, "autotile_index": 0.0, "tileset": "tile_secret", "coord": [ 2.0, 3.0 ] }, "1024_96": { "autotile": 1.0, "autotile_index": 0.0, "tileset": "tile_secret", "coord": [ 1.0, 2.0 ] }, "1216_128": { "coord": [ 0.0, 12.0 ], "autotile_index": 2.0, "tileset": "tile_secret", "autotile": 1.0 }, "1184_128": { "autotile": 1.0, "autotile_index": 0.0, "tileset": "tile_secret", "coord": [ 5.0, 4.0 ] }, "32_448": { "coord": [ 5.0, 4.0 ], "autotile_index": 0.0, "tileset": "tile_secret", "autotile": 1.0 }, "1024_352": { "coord": [ 1.0, 2.0 ], "autotile_index": 0.0, "tileset": "tile_secret", "autotile": 1.0 }, "1408_-160": { "coord": [ 5.0, 6.0 ], "autotile_index": 0.0, "tileset": "tile_secret", "autotile": 1.0 }, "1248_64": { "coord": [ 1.0, 13.0 ], "autotile_index": 2.0, "tileset": "tile_secret", "autotile": 1.0 }, "0_416": { "coord": [ 4.0, 3.0 ], "autotile_index": 0.0, "tileset": "tile_secret", "autotile": 1.0 }, "896_-64": { "coord": [ 0.0, 12.0 ], "autotile_index": 2.0, "tileset": "tile_secret", "autotile": 1.0 }, "1376_-96": { "coord": [ 1.0, 2.0 ], "autotile_index": 0.0, "tileset": "tile_secret", "autotile": 1.0 }, "992_-64": { "coord": [ 4.0, 14.0 ], "autotile_index": 2.0, "tileset": "tile_secret", "autotile": 1.0 }, "1088_0": { "autotile": 1.0, "autotile_index": 0.0, "tileset": "tile_secret", "coord": [ 3.0, 3.0 ] }, "1280_416": { "coord": [ 2.0, 14.0 ], "autotile_index": 2.0, "tileset": "tile_secret", "autotile": 1.0 }, "1280_64": { "coord": [ 2.0, 13.0 ], "autotile_index": 2.0, "tileset": "tile_secret", "autotile": 1.0 }, "1440_512": { "coord": [ 0.0, 0.0 ], "autotile_index": 0.0, "tileset": "tile_secret", "autotile": 1.0 }, "1408_160": { "coord": [ 2.0, 3.0 ], "autotile_index": 0.0, "tileset": "tile_secret", "autotile": 1.0 }, "1184_-160": { "autotile": 1.0, "autotile_index": 0.0, "tileset": "tile_secret", "coord": [ 3.0, 4.0 ] }, "640_480": { "coord": [ 4.0, 1.0 ], "autotile_index": 0.0, "tileset": "tile_secret", "autotile": 1.0 }, "32_-64": { "coord": [ 5.0, 4.0 ], "autotile_index": 0.0, "tileset": "tile_secret", "autotile": 1.0 }, "736_96": { "autotile": 1.0, "autotile_index": 0.0, "tileset": "tile_secret", "coord": [ 3.0, 3.0 ] }, "1376_32": { "coord": [ 1.0, 2.0 ], "autotile_index": 0.0, "tileset": "tile_secret", "autotile": 1.0 }, "1248_256": { "coord": [ 1.0, 13.0 ], "autotile_index": 2.0, "tileset": "tile_secret", "autotile": 1.0 }, "0_-96": { "coord": [ 4.0, 3.0 ], "autotile_index": 0.0, "tileset": "tile_secret", "autotile": 1.0 }, "1376_320": { "coord": [ 1.0, 2.0 ], "autotile_index": 0.0, "tileset": "tile_secret", "autotile": 1.0 }, "800_32": { "autotile": 1.0, "autotile_index": 0.0, "tileset": "tile_secret", "coord": [ 3.0, 3.0 ] }, "1056_64": { "autotile": 1.0, "autotile_index": 0.0, "tileset": "tile_secret", "coord": [ 2.0, 3.0 ] }, "800_224": { "autotile": 1.0, "autotile_index": 0.0, "tileset": "tile_secret", "coord": [ 2.0, 5.0 ] }, "1216_480": { "coord": [ 4.0, 1.0 ], "autotile_index": 0.0, "tileset": "tile_secret", "autotile": 1.0 }, "1088_320": { "coord": [ 3.0, 2.0 ], "autotile_index": 0.0, "tileset": "tile_secret", "autotile": 1.0 }, "1280_352": { "coord": [ 2.0, 13.0 ], "autotile_index": 2.0, "tileset": "tile_secret", "autotile": 1.0 }, "128_480": { "coord": [ 4.0, 1.0 ], "autotile_index": 0.0, "tileset": "tile_secret", "autotile": 1.0 }, "832_288": { "coord": [ 2.0, 12.0 ], "autotile_index": 2.0, "tileset": "tile_secret", "autotile": 1.0 }, "1056_-32": { "autotile": 1.0, "autotile_index": 0.0, "tileset": "tile_secret", "coord": [ 2.0, 3.0 ] }, "1280_-96": { "coord": [ 3.0, 11.0 ], "autotile_index": 2.0, "tileset": "tile_secret", "autotile": 1.0 }, "1120_-32": { "autotile": 1.0, "autotile_index": 0.0, "tileset": "tile_secret", "coord": [ 3.0, 3.0 ] }, "32_96": { "coord": [ 5.0, 4.0 ], "autotile_index": 0.0, "tileset": "tile_secret", "autotile": 1.0 }, "1312_512": { "coord": [ 3.0, 2.0 ], "autotile_index": 0.0, "tileset": "tile_secret", "autotile": 1.0 }, "992_352": { "coord": [ 4.0, 14.0 ], "autotile_index": 2.0, "tileset": "tile_secret", "autotile": 1.0 }, "1440_128": { "coord": [ 0.0, 0.0 ], "autotile_index": 0.0, "tileset": "tile_secret", "autotile": 1.0 }, "1280_192": { "coord": [ 2.0, 13.0 ], "autotile_index": 2.0, "tileset": "tile_secret", "autotile": 1.0 }, "992_-128": { "autotile": 1.0, "autotile_index": 0.0, "tileset": "tile_secret", "coord": [ 2.0, 5.0 ] }, "928_-160": { "autotile": 1.0, "autotile_index": 0.0, "tileset": "tile_secret", "coord": [ 3.0, 4.0 ] }, "1344_256": { "coord": [ 4.0, 14.0 ], "autotile_index": 2.0, "tileset": "tile_secret", "autotile": 1.0 }, "160_-96": { "coord": [ 1.0, 2.0 ], "autotile_index": 0.0, "tileset": "tile_secret", "autotile": 1.0 }, "896_352": { "coord": [ 8.0, 12.0 ], "autotile_index": 2.0, "tileset": "tile_secret", "autotile": 1.0 }, "832_160": { "autotile": 1.0, "autotile_index": 0.0, "tileset": "tile_secret", "coord": [ 4.0, 3.0 ] }, "1344_-96": { "coord": [ 4.0, 11.0 ], "autotile_index": 2.0, "tileset": "tile_secret", "autotile": 1.0 }, "1408_512": { "coord": [ 5.0, 10.0 ], "autotile_index": 0.0, "tileset": "tile_secret", "autotile": 1.0 }, "960_192": { "coord": [ 3.0, 13.0 ], "autotile_index": 2.0, "tileset": "tile_secret", "autotile": 1.0 }, "1408_352": { "coord": [ 2.0, 3.0 ], "autotile_index": 0.0, "tileset": "tile_secret", "autotile": 1.0 }, "1216_320": { "coord": [ 0.0, 12.0 ], "autotile_index": 2.0, "tileset": "tile_secret", "autotile": 1.0 }, "1312_192": { "coord": [ 3.0, 13.0 ], "autotile_index": 2.0, "tileset": "tile_secret", "autotile": 1.0 }, "1056_320": { "coord": [ 2.0, 2.0 ], "autotile_index": 0.0, "tileset": "tile_secret", "autotile": 1.0 }, "1376_-192": { "coord": [ 0.0, 0.0 ], "autotile_index": 0.0, "tileset": "tile_secret", "autotile": 1.0 }, "1312_-96": { "coord": [ 3.0, 11.0 ], "autotile_index": 2.0, "tileset": "tile_secret", "autotile": 1.0 }, "1152_-128": { "autotile": 1.0, "autotile_index": 0.0, "tileset": "tile_secret", "coord": [ 4.0, 3.0 ] }, "640_-160": { "autotile": 1.0, "autotile_index": 0.0, "tileset": "tile_secret", "coord": [ 3.0, 4.0 ] }, "768_480": { "coord": [ 3.0, 3.0 ], "autotile_index": 0.0, "tileset": "tile_secret", "autotile": 1.0 }, "1184_512": { "coord": [ 3.0, 2.0 ], "autotile_index": 0.0, "tileset": "tile_secret", "autotile": 1.0 }, "1024_-128": { "autotile": 1.0, "autotile_index": 0.0, "tileset": "tile_secret", "coord": [ 4.0, 7.0 ] }, "864_0": { "autotile": 1.0, "autotile_index": 0.0, "tileset": "tile_secret", "coord": [ 5.0, 4.0 ] }, "1184_192": { "coord": [ 3.0, 11.0 ], "autotile_index": 2.0, "tileset": "tile_secret", "autotile": 1.0 }, "1408_320": { "coord": [ 2.0, 3.0 ], "autotile_index": 0.0, "tileset": "tile_secret", "autotile": 1.0 }, "1056_96": { "autotile": 1.0, "autotile_index": 0.0, "tileset": "tile_secret", "coord": [ 2.0, 3.0 ] }, "992_512": { "coord": [ 3.0, 2.0 ], "autotile_index": 0.0, "tileset": "tile_secret", "autotile": 1.0 }, "1408_480": { "coord": [ 2.0, 3.0 ], "autotile_index": 0.0, "tileset": "tile_secret", "autotile": 1.0 }, "672_-128": { "autotile": 1.0, "autotile_index": 0.0, "tileset": "tile_secret", "coord": [ 4.0, 7.0 ] }, "1024_-32": { "autotile": 1.0, "autotile_index": 0.0, "tileset": "tile_secret", "coord": [ 1.0, 2.0 ] }, "1056_256": { "coord": [ 1.0, 15.0 ], "autotile_index": 2.0, "tileset": "tile_secret", "autotile": 1.0 }, "800_192": { "autotile": 1.0, "autotile_index": 0.0, "tileset": "tile_secret", "coord": [ 3.0, 4.0 ] }, "736_192": { "autotile": 1.0, "autotile_index": 0.0, "tileset": "tile_secret", "coord": [ 3.0, 4.0 ] }, "1344_128": { "coord": [ 4.0, 14.0 ], "autotile_index": 2.0, "tileset": "tile_secret", "autotile": 1.0 }, "288_512": { "coord": [ 3.0, 2.0 ], "autotile_index": 0.0, "tileset": "tile_secret", "autotile": 1.0 }, "928_384": { "coord": [ 1.0, 13.0 ], "autotile_index": 2.0, "tileset": "tile_secret", "autotile": 1.0 }, "1376_384": { "coord": [ 1.0, 2.0 ], "autotile_index": 0.0, "tileset": "tile_secret", "autotile": 1.0 }, "800_-64": { "autotile": 1.0, "autotile_index": 0.0, "tileset": "tile_secret", "coord": [ 3.0, 3.0 ] }, "1408_288": { "coord": [ 2.0, 3.0 ], "autotile_index": 0.0, "tileset": "tile_secret", "autotile": 1.0 }, "672_288": { "coord": [ 0.0, 12.0 ], "autotile_index": 2.0, "tileset": "tile_secret", "autotile": 1.0 }, "1120_352": { "coord": [ 3.0, 3.0 ], "autotile_index": 0.0, "tileset": "tile_secret", "autotile": 1.0 }, "1344_320": { "coord": [ 4.0, 14.0 ], "autotile_index": 2.0, "tileset": "tile_secret", "autotile": 1.0 }, "544_480": { "coord": [ 4.0, 1.0 ], "autotile_index": 0.0, "tileset": "tile_secret", "autotile": 1.0 }, "32_192": { "coord": [ 5.0, 4.0 ], "autotile_index": 0.0, "tileset": "tile_secret", "autotile": 1.0 }, "1408_416": { "coord": [ 2.0, 3.0 ], "autotile_index": 0.0, "tileset": "tile_secret", "autotile": 1.0 }, "1088_-64": { "autotile": 1.0, "autotile_index": 0.0, "tileset": "tile_secret", "coord": [ 3.0, 3.0 ] }, "1024_224": { "coord": [ 6.0, 2.0 ], "autotile_index": 2.0, "tileset": "tile_secret", "autotile": 1.0 }, "864_512": { "coord": [ 3.0, 2.0 ], "autotile_index": 0.0, "tileset": "tile_secret", "autotile": 1.0 }, "448_-128": { "coord": [ 2.0, 5.0 ], "autotile_index": 0.0, "tileset": "tile_secret", "autotile": 1.0 }, "672_64": { "autotile": 1.0, "autotile_index": 0.0, "tileset": "tile_secret", "coord": [ 1.0, 2.0 ] }, "1280_0": { "coord": [ 2.0, 13.0 ], "autotile_index": 2.0, "tileset": "tile_secret", "autotile": 1.0 }, "1184_224": { "coord": [ 6.0, 2.0 ], "autotile_index": 2.0, "tileset": "tile_secret", "autotile": 1.0 }, "1024_128": { "autotile": 1.0, "autotile_index": 0.0, "tileset": "tile_secret", "coord": [ 1.0, 2.0 ] }, "896_64": { "coord": [ 0.0, 12.0 ], "autotile_index": 2.0, "tileset": "tile_secret", "autotile": 1.0 }, "1024_480": { "coord": [ 4.0, 9.0 ], "autotile_index": 0.0, "tileset": "tile_secret", "autotile": 1.0 }, "416_-128": { "coord": [ 2.0, 5.0 ], "autotile_index": 0.0, "tileset": "tile_secret", "autotile": 1.0 }, "896_256": { "coord": [ 8.0, 14.0 ], "autotile_index": 2.0, "tileset": "tile_secret", "autotile": 1.0 }, "1088_128": { "autotile": 1.0, "autotile_index": 0.0, "tileset": "tile_secret", "coord": [ 3.0, 4.0 ] }, "896_96": { "coord": [ 0.0, 12.0 ], "autotile_index": 2.0, "tileset": "tile_secret", "autotile": 1.0 }, "672_-64": { "autotile": 1.0, "autotile_index": 0.0, "tileset": "tile_secret", "coord": [ 1.0, 2.0 ] }, "864_256": { "coord": [ 3.0, 11.0 ], "autotile_index": 2.0, "tileset": "tile_secret", "autotile": 1.0 }, "160_-128": { "coord": [ 4.0, 7.0 ], "autotile_index": 0.0, "tileset": "tile_secret", "autotile": 1.0 }, "1408_-32": { "coord": [ 2.0, 3.0 ], "autotile_index": 0.0, "tileset": "tile_secret", "autotile": 1.0 }, "1248_32": { "coord": [ 1.0, 13.0 ], "autotile_index": 2.0, "tileset": "tile_secret", "autotile": 1.0 }, "320_-128": { "coord": [ 2.0, 5.0 ], "autotile_index": 0.0, "tileset": "tile_secret", "autotile": 1.0 }, "896_-32": { "coord": [ 0.0, 12.0 ], "autotile_index": 2.0, "tileset": "tile_secret", "autotile": 1.0 }, "1280_224": { "coord": [ 2.0, 13.0 ], "autotile_index": 2.0, "tileset": "tile_secret", "autotile": 1.0 }, "1344_512": { "coord": [ 3.0, 2.0 ], "autotile_index": 0.0, "tileset": "tile_secret", "autotile": 1.0 }, "1088_-96": { "autotile": 1.0, "autotile_index": 0.0, "tileset": "tile_secret", "coord": [ 3.0, 3.0 ] }, "1408_128": { "coord": [ 2.0, 3.0 ], "autotile_index": 0.0, "tileset": "tile_secret", "autotile": 1.0 }, "960_0": { "coord": [ 3.0, 13.0 ], "autotile_index": 2.0, "tileset": "tile_secret", "autotile": 1.0 }, "1056_0": { "autotile": 1.0, "autotile_index": 0.0, "tileset": "tile_secret", "coord": [ 2.0, 3.0 ] }, "1120_384": { "coord": [ 3.0, 3.0 ], "autotile_index": 0.0, "tileset": "tile_secret", "autotile": 1.0 }, "1280_384": { "coord": [ 2.0, 13.0 ], "autotile_index": 2.0, "tileset": "tile_secret", "autotile": 1.0 }, "1376_512": { "coord": [ 3.0, 2.0 ], "autotile_index": 0.0, "tileset": "tile_secret", "autotile": 1.0 }, "672_384": { "coord": [ 1.0, 1.0 ], "autotile_index": 0.0, "tileset": "tile_secret", "autotile": 1.0 }, "672_416": { "coord": [ 1.0, 2.0 ], "autotile_index": 0.0, "tileset": "tile_secret", "autotile": 1.0 }, "1312_-32": { "coord": [ 3.0, 13.0 ], "autotile_index": 2.0, "tileset": "tile_secret", "autotile": 1.0 }, "832_352": { "coord": [ 1.0, 15.0 ], "autotile_index": 2.0, "tileset": "tile_secret", "autotile": 1.0 }, "1120_448": { "coord": [ 3.0, 3.0 ], "autotile_index": 0.0, "tileset": "tile_secret", "autotile": 1.0 }, "1312_224": { "coord": [ 3.0, 13.0 ], "autotile_index": 2.0, "tileset": "tile_secret", "autotile": 1.0 }, "736_0": { "autotile": 1.0, "autotile_index": 0.0, "tileset": "tile_secret", "coord": [ 3.0, 3.0 ] }, "992_416": { "coord": [ 4.0, 14.0 ], "autotile_index": 2.0, "tileset": "tile_secret", "autotile": 1.0 }, "1152_-64": { "autotile": 1.0, "autotile_index": 0.0, "tileset": "tile_secret", "coord": [ 4.0, 3.0 ] }, "1152_288": { "coord": [ 4.0, 1.0 ], "autotile_index": 0.0, "tileset": "tile_secret", "autotile": 1.0 }, "1120_512": { "coord": [ 3.0, 3.0 ], "autotile_index": 0.0, "tileset": "tile_secret", "autotile": 1.0 }, "928_-128": { "autotile": 1.0, "autotile_index": 0.0, "tileset": "tile_secret", "coord": [ 2.0, 5.0 ] }, "768_-128": { "autotile": 1.0, "autotile_index": 0.0, "tileset": "tile_secret", "coord": [ 3.0, 3.0 ] }, "960_224": { "coord": [ 3.0, 13.0 ], "autotile_index": 2.0, "tileset": "tile_secret", "autotile": 1.0 }, "992_448": { "coord": [ 4.0, 15.0 ], "autotile_index": 2.0, "tileset": "tile_secret", "autotile": 1.0 }, "1152_-32": { "autotile": 1.0, "autotile_index": 0.0, "tileset": "tile_secret", "coord": [ 4.0, 3.0 ] }, "1280_160": { "coord": [ 2.0, 13.0 ], "autotile_index": 2.0, "tileset": "tile_secret", "autotile": 1.0 }, "128_512": { "coord": [ 3.0, 2.0 ], "autotile_index": 0.0, "tileset": "tile_secret", "autotile": 1.0 }, "960_352": { "coord": [ 3.0, 13.0 ], "autotile_index": 2.0, "tileset": "tile_secret", "autotile": 1.0 }, "768_-160": { "autotile": 1.0, "autotile_index": 0.0, "tileset": "tile_secret", "coord": [ 3.0, 3.0 ] }, "1312_-160": { "coord": [ 3.0, 4.0 ], "autotile_index": 0.0, "tileset": "tile_secret", "autotile": 1.0 }, "768_512": { "coord": [ 3.0, 3.0 ], "autotile_index": 0.0, "tileset": "tile_secret", "autotile": 1.0 }, "384_512": { "coord": [ 3.0, 2.0 ], "autotile_index": 0.0, "tileset": "tile_secret", "autotile": 1.0 }, "896_0": { "coord": [ 0.0, 12.0 ], "autotile_index": 2.0, "tileset": "tile_secret", "autotile": 1.0 }, "832_32": { "autotile": 1.0, "autotile_index": 0.0, "tileset": "tile_secret", "coord": [ 4.0, 3.0 ] }, "704_0": { "autotile": 1.0, "autotile_index": 0.0, "tileset": "tile_secret", "coord": [ 2.0, 3.0 ] }, "896_416": { "coord": [ 0.0, 12.0 ], "autotile_index": 2.0, "tileset": "tile_secret", "autotile": 1.0 }, "320_480": { "coord": [ 4.0, 1.0 ], "autotile_index": 0.0, "tileset": "tile_secret", "autotile": 1.0 }, "1024_32": { "autotile": 1.0, "autotile_index": 0.0, "tileset": "tile_secret", "coord": [ 1.0, 2.0 ] }, "1376_160": { "coord": [ 1.0, 2.0 ], "autotile_index": 0.0, "tileset": "tile_secret", "autotile": 1.0 }, "416_480": { "coord": [ 4.0, 1.0 ], "autotile_index": 0.0, "tileset": "tile_secret", "autotile": 1.0 }, "1376_128": { "coord": [ 1.0, 2.0 ], "autotile_index": 0.0, "tileset": "tile_secret", "autotile": 1.0 }, "704_480": { "coord": [ 2.0, 3.0 ], "autotile_index": 0.0, "tileset": "tile_secret", "autotile": 1.0 }, "736_384": { "coord": [ 4.0, 1.0 ], "autotile_index": 0.0, "tileset": "tile_secret", "autotile": 1.0 }, "1248_448": { "coord": [ 1.0, 15.0 ], "autotile_index": 2.0, "tileset": "tile_secret", "autotile": 1.0 }, "1216_96": { "coord": [ 0.0, 12.0 ], "autotile_index": 2.0, "tileset": "tile_secret", "autotile": 1.0 }, "0_0": { "coord": [ 4.0, 3.0 ], "autotile_index": 0.0, "tileset": "tile_secret", "autotile": 1.0 }, "864_480": { "coord": [ 2.0, 9.0 ], "autotile_index": 0.0, "tileset": "tile_secret", "autotile": 1.0 }, "512_480": { "coord": [ 4.0, 1.0 ], "autotile_index": 0.0, "tileset": "tile_secret", "autotile": 1.0 }, "800_0": { "autotile": 1.0, "autotile_index": 0.0, "tileset": "tile_secret", "coord": [ 3.0, 3.0 ] }, "352_-192": { "coord": [ 0.0, 0.0 ], "autotile_index": 0.0, "tileset": "tile_secret", "autotile": 1.0 }, "1216_224": { "coord": [ 6.0, 2.0 ], "autotile_index": 2.0, "tileset": "tile_secret", "autotile": 1.0 }, "672_-160": { "autotile": 1.0, "autotile_index": 0.0, "tileset": "tile_secret", "coord": [ 3.0, 4.0 ] }, "896_224": { "coord": [ 0.0, 12.0 ], "autotile_index": 2.0, "tileset": "tile_secret", "autotile": 1.0 }, "832_480": { "coord": [ 4.0, 3.0 ], "autotile_index": 0.0, "tileset": "tile_secret", "autotile": 1.0 }, "1024_288": { "coord": [ 1.0, 1.0 ], "autotile_index": 0.0, "tileset": "tile_secret", "autotile": 1.0 }, "736_416": { "coord": [ 3.0, 2.0 ], "autotile_index": 0.0, "tileset": "tile_secret", "autotile": 1.0 }, "1344_480": { "coord": [ 4.0, 1.0 ], "autotile_index": 0.0, "tileset": "tile_secret", "autotile": 1.0 }, "0_-128": { "coord": [ 4.0, 3.0 ], "autotile_index": 0.0, "tileset": "tile_secret", "autotile": 1.0 }, "800_-128": { "autotile": 1.0, "autotile_index": 0.0, "tileset": "tile_secret", "coord": [ 3.0, 3.0 ] }, "384_-160": { "coord": [ 3.0, 4.0 ], "autotile_index": 0.0, "tileset": "tile_secret", "autotile": 1.0 }, "736_320": { "coord": [ 2.0, 14.0 ], "autotile_index": 2.0, "tileset": "tile_secret", "autotile": 1.0 }, "928_224": { "coord": [ 1.0, 13.0 ], "autotile_index": 2.0, "tileset": "tile_secret", "autotile": 1.0 }, "1280_256": { "coord": [ 2.0, 13.0 ], "autotile_index": 2.0, "tileset": "tile_secret", "autotile": 1.0 }, "768_448": { "coord": [ 3.0, 3.0 ], "autotile_index": 0.0, "tileset": "tile_secret", "autotile": 1.0 }, "1056_-128": { "autotile": 1.0, "autotile_index": 0.0, "tileset": "tile_secret", "coord": [ 2.0, 3.0 ] }, "1280_-32": { "coord": [ 2.0, 13.0 ], "autotile_index": 2.0, "tileset": "tile_secret", "autotile": 1.0 }, "1024_64": { "autotile": 1.0, "autotile_index": 0.0, "tileset": "tile_secret", "coord": [ 1.0, 2.0 ] }, "864_-160": { "autotile": 1.0, "autotile_index": 0.0, "tileset": "tile_secret", "coord": [ 3.0, 4.0 ] }, "1120_32": { "autotile": 1.0, "autotile_index": 0.0, "tileset": "tile_secret", "coord": [ 3.0, 3.0 ] }, "1248_480": { "coord": [ 4.0, 1.0 ], "autotile_index": 0.0, "tileset": "tile_secret", "autotile": 1.0 }, "1376_-64": { "coord": [ 1.0, 2.0 ], "autotile_index": 0.0, "tileset": "tile_secret", "autotile": 1.0 }, "800_320": { "coord": [ 2.0, 14.0 ], "autotile_index": 2.0, "tileset": "tile_secret", "autotile": 1.0 }, "1312_320": { "coord": [ 3.0, 13.0 ], "autotile_index": 2.0, "tileset": "tile_secret", "autotile": 1.0 }, "768_352": { "coord": [ 1.0, 15.0 ], "autotile_index": 2.0, "tileset": "tile_secret", "autotile": 1.0 }, "1088_192": { "coord": [ 3.0, 11.0 ], "autotile_index": 2.0, "tileset": "tile_secret", "autotile": 1.0 }, "1248_160": { "coord": [ 1.0, 13.0 ], "autotile_index": 2.0, "tileset": "tile_secret", "autotile": 1.0 }, "1184_416": { "coord": [ 5.0, 4.0 ], "autotile_index": 0.0, "tileset": "tile_secret", "autotile": 1.0 }, "928_512": { "coord": [ 3.0, 2.0 ], "autotile_index": 0.0, "tileset": "tile_secret", "autotile": 1.0 }, "800_-32": { "autotile": 1.0, "autotile_index": 0.0, "tileset": "tile_secret", "coord": [ 3.0, 3.0 ] }, "1056_-64": { "autotile": 1.0, "autotile_index": 0.0, "tileset": "tile_secret", "coord": [ 2.0, 3.0 ] }, "1216_-96": { "coord": [ 0.0, 11.0 ], "autotile_index": 2.0, "tileset": "tile_secret", "autotile": 1.0 }, "1120_320": { "coord": [ 3.0, 2.0 ], "autotile_index": 0.0, "tileset": "tile_secret", "autotile": 1.0 }, "448_512": { "coord": [ 3.0, 2.0 ], "autotile_index": 0.0, "tileset": "tile_secret", "autotile": 1.0 }, "32_64": { "coord": [ 5.0, 4.0 ], "autotile_index": 0.0, "tileset": "tile_secret", "autotile": 1.0 }, "480_-128": { "coord": [ 2.0, 5.0 ], "autotile_index": 0.0, "tileset": "tile_secret", "autotile": 1.0 }, "1024_-96": { "autotile": 1.0, "autotile_index": 0.0, "tileset": "tile_secret", "coord": [ 1.0, 2.0 ] }, "736_256": { "coord": [ 3.0, 11.0 ], "autotile_index": 2.0, "tileset": "tile_secret", "autotile": 1.0 }, "288_-128": { "coord": [ 2.0, 5.0 ], "autotile_index": 0.0, "tileset": "tile_secret", "autotile": 1.0 }, "1312_32": { "coord": [ 3.0, 13.0 ], "autotile_index": 2.0, "tileset": "tile_secret", "autotile": 1.0 }, "704_-160": { "autotile": 1.0, "autotile_index": 0.0, "tileset": "tile_secret", "coord": [ 5.0, 6.0 ] }, "832_96": { "autotile": 1.0, "autotile_index": 0.0, "tileset": "tile_secret", "coord": [ 4.0, 3.0 ] }, "1088_64": { "autotile": 1.0, "autotile_index": 0.0, "tileset": "tile_secret", "coord": [ 3.0, 3.0 ] }, "1120_-128": { "autotile": 1.0, "autotile_index": 0.0, "tileset": "tile_secret", "coord": [ 3.0, 3.0 ] }, "800_448": { "coord": [ 3.0, 3.0 ], "autotile_index": 0.0, "tileset": "tile_secret", "autotile": 1.0 }, "768_128": { "autotile": 1.0, "autotile_index": 0.0, "tileset": "tile_secret", "coord": [ 3.0, 3.0 ] }, "1120_128": { "autotile": 1.0, "autotile_index": 0.0, "tileset": "tile_secret", "coord": [ 3.0, 4.0 ] }, "1152_160": { "autotile": 1.0, "autotile_index": 0.0, "tileset": "tile_secret", "coord": [ 2.0, 5.0 ] }, "960_160": { "coord": [ 3.0, 13.0 ], "autotile_index": 2.0, "tileset": "tile_secret", "autotile": 1.0 }, "896_448": { "coord": [ 0.0, 15.0 ], "autotile_index": 2.0, "tileset": "tile_secret", "autotile": 1.0 }, "96_480": { "coord": [ 4.0, 1.0 ], "autotile_index": 0.0, "tileset": "tile_secret", "autotile": 1.0 }, "192_512": { "coord": [ 3.0, 2.0 ], "autotile_index": 0.0, "tileset": "tile_secret", "autotile": 1.0 }, "992_160": { "coord": [ 4.0, 14.0 ], "autotile_index": 2.0, "tileset": "tile_secret", "autotile": 1.0 }, "1376_256": { "coord": [ 1.0, 2.0 ], "autotile_index": 0.0, "tileset": "tile_secret", "autotile": 1.0 }, "704_32": { "autotile": 1.0, "autotile_index": 0.0, "tileset": "tile_secret", "coord": [ 2.0, 3.0 ] }, "1024_-160": { "autotile": 1.0, "autotile_index": 0.0, "tileset": "tile_secret", "coord": [ 3.0, 4.0 ] }, "928_256": { "coord": [ 1.0, 13.0 ], "autotile_index": 2.0, "tileset": "tile_secret", "autotile": 1.0 }, "992_288": { "coord": [ 4.0, 14.0 ], "autotile_index": 2.0, "tileset": "tile_secret", "autotile": 1.0 }, "800_128": { "autotile": 1.0, "autotile_index": 0.0, "tileset": "tile_secret", "coord": [ 3.0, 3.0 ] }, "1024_512": { "coord": [ 3.0, 2.0 ], "autotile_index": 0.0, "tileset": "tile_secret", "autotile": 1.0 }, "928_-64": { "coord": [ 1.0, 12.0 ], "autotile_index": 2.0, "tileset": "tile_secret", "autotile": 1.0 }, "1344_384": { "coord": [ 4.0, 14.0 ], "autotile_index": 2.0, "tileset": "tile_secret", "autotile": 1.0 }, "832_448": { "coord": [ 4.0, 3.0 ], "autotile_index": 0.0, "tileset": "tile_secret", "autotile": 1.0 }, "640_-128": { "autotile": 1.0, "autotile_index": 0.0, "tileset": "tile_secret", "coord": [ 2.0, 5.0 ] }, "1248_128": { "coord": [ 1.0, 13.0 ], "autotile_index": 2.0, "tileset": "tile_secret", "autotile": 1.0 }, "32_160": { "coord": [ 5.0, 4.0 ], "autotile_index": 0.0, "tileset": "tile_secret", "autotile": 1.0 }, "896_-160": { "autotile": 1.0, "autotile_index": 0.0, "tileset": "tile_secret", "coord": [ 3.0, 4.0 ] }, "832_0": { "autotile": 1.0, "autotile_index": 0.0, "tileset": "tile_secret", "coord": [ 4.0, 3.0 ] }, "1344_416": { "coord": [ 4.0, 14.0 ], "autotile_index": 2.0, "tileset": "tile_secret", "autotile": 1.0 }, "672_-96": { "autotile": 1.0, "autotile_index": 0.0, "tileset": "tile_secret", "coord": [ 1.0, 2.0 ] }, "736_-32": { "autotile": 1.0, "autotile_index": 0.0, "tileset": "tile_secret", "coord": [ 3.0, 3.0 ] }, "1184_-32": { "autotile": 1.0, "autotile_index": 0.0, "tileset": "tile_secret", "coord": [ 5.0, 4.0 ] }, "192_-64": { "coord": [ 5.0, 5.0 ], "autotile_index": 0.0, "tileset": "tile_secret", "autotile": 1.0 }, "0_-32": { "coord": [ 4.0, 3.0 ], "autotile_index": 0.0, "tileset": "tile_secret", "autotile": 1.0 }, "0_128": { "coord": [ 4.0, 3.0 ], "autotile_index": 0.0, "tileset": "tile_secret", "autotile": 1.0 }, "864_352": { "coord": [ 1.0, 15.0 ], "autotile_index": 2.0, "tileset": "tile_secret", "autotile": 1.0 }, "672_0": { "autotile": 1.0, "autotile_index": 0.0, "tileset": "tile_secret", "coord": [ 1.0, 2.0 ] }, "1216_512": { "coord": [ 3.0, 2.0 ], "autotile_index": 0.0, "tileset": "tile_secret", "autotile": 1.0 }, "928_128": { "coord": [ 1.0, 13.0 ], "autotile_index": 2.0, "tileset": "tile_secret", "autotile": 1.0 }, "704_384": { "coord": [ 4.0, 1.0 ], "autotile_index": 0.0, "tileset": "tile_secret", "autotile": 1.0 }, "1248_96": { "coord": [ 1.0, 13.0 ], "autotile_index": 2.0, "tileset": "tile_secret", "autotile": 1.0 }, "768_288": { "coord": [ 2.0, 12.0 ], "autotile_index": 2.0, "tileset": "tile_secret", "autotile": 1.0 }, "768_384": { "coord": [ 4.0, 1.0 ], "autotile_index": 0.0, "tileset": "tile_secret", "autotile": 1.0 }, "1216_192": { "coord": [ 8.0, 14.0 ], "autotile_index": 2.0, "tileset": "tile_secret", "autotile": 1.0 }, "1120_416": { "coord": [ 3.0, 3.0 ], "autotile_index": 0.0, "tileset": "tile_secret", "autotile": 1.0 }, "1312_480": { "coord": [ 4.0, 1.0 ], "autotile_index": 0.0, "tileset": "tile_secret", "autotile": 1.0 }, "192_-160": { "coord": [ 3.0, 4.0 ], "autotile_index": 0.0, "tileset": "tile_secret", "autotile": 1.0 }, "704_-128": { "autotile": 1.0, "autotile_index": 0.0, "tileset": "tile_secret", "coord": [ 2.0, 3.0 ] }, "1152_64": { "autotile": 1.0, "autotile_index": 0.0, "tileset": "tile_secret", "coord": [ 4.0, 3.0 ] }, "1312_-64": { "coord": [ 3.0, 12.0 ], "autotile_index": 2.0, "tileset": "tile_secret", "autotile": 1.0 }, "480_512": { "coord": [ 3.0, 2.0 ], "autotile_index": 0.0, "tileset": "tile_secret", "autotile": 1.0 }, "1024_320": { "coord": [ 1.0, 2.0 ], "autotile_index": 0.0, "tileset": "tile_secret", "autotile": 1.0 }, "1056_-160": { "autotile": 1.0, "autotile_index": 0.0, "tileset": "tile_secret", "coord": [ 5.0, 6.0 ] }, "1184_352": { "coord": [ 5.0, 4.0 ], "autotile_index": 0.0, "tileset": "tile_secret", "autotile": 1.0 }, "1248_512": { "coord": [ 3.0, 2.0 ], "autotile_index": 0.0, "tileset": "tile_secret", "autotile": 1.0 }, "608_512": { "coord": [ 3.0, 2.0 ], "autotile_index": 0.0, "tileset": "tile_secret", "autotile": 1.0 }, "768_192": { "autotile": 1.0, "autotile_index": 0.0, "tileset": "tile_secret", "coord": [ 3.0, 4.0 ] }, "992_-32": { "coord": [ 4.0, 14.0 ], "autotile_index": 2.0, "tileset": "tile_secret", "autotile": 1.0 }, "1248_-32": { "coord": [ 1.0, 13.0 ], "autotile_index": 2.0, "tileset": "tile_secret", "autotile": 1.0 }, "32_32": { "coord": [ 5.0, 4.0 ], "autotile_index": 0.0, "tileset": "tile_secret", "autotile": 1.0 }, "864_416": { "coord": [ 5.0, 4.0 ], "autotile_index": 0.0, "tileset": "tile_secret", "autotile": 1.0 }, "0_64": { "coord": [ 4.0, 3.0 ], "autotile_index": 0.0, "tileset": "tile_secret", "autotile": 1.0 }, "288_480": { "coord": [ 4.0, 1.0 ], "autotile_index": 0.0, "tileset": "tile_secret", "autotile": 1.0 }, "768_160": { "autotile": 1.0, "autotile_index": 0.0, "tileset": "tile_secret", "coord": [ 3.0, 3.0 ] }, "1440_96": { "coord": [ 0.0, 0.0 ], "autotile_index": 0.0, "tileset": "tile_secret", "autotile": 1.0 }, "832_-64": { "autotile": 1.0, "autotile_index": 0.0, "tileset": "tile_secret", "coord": [ 4.0, 3.0 ] }, "1184_0": { "autotile": 1.0, "autotile_index": 0.0, "tileset": "tile_secret", "coord": [ 5.0, 4.0 ] }, "448_-160": { "coord": [ 3.0, 4.0 ], "autotile_index": 0.0, "tileset": "tile_secret", "autotile": 1.0 }, "736_448": { "coord": [ 3.0, 3.0 ], "autotile_index": 0.0, "tileset": "tile_secret", "autotile": 1.0 }, "1344_224": { "coord": [ 4.0, 14.0 ], "autotile_index": 2.0, "tileset": "tile_secret", "autotile": 1.0 }, "1184_256": { "coord": [ 1.0, 15.0 ], "autotile_index": 2.0, "tileset": "tile_secret", "autotile": 1.0 }, "640_512": { "coord": [ 3.0, 2.0 ], "autotile_index": 0.0, "tileset": "tile_secret", "autotile": 1.0 }, "1024_192": { "coord": [ 3.0, 11.0 ], "autotile_index": 2.0, "tileset": "tile_secret", "autotile": 1.0 }, "1344_32": { "coord": [ 4.0, 14.0 ], "autotile_index": 2.0, "tileset": "tile_secret", "autotile": 1.0 }, "1344_-32": { "coord": [ 4.0, 14.0 ], "autotile_index": 2.0, "tileset": "tile_secret", "autotile": 1.0 }, "1376_224": { "coord": [ 1.0, 2.0 ], "autotile_index": 0.0, "tileset": "tile_secret", "autotile": 1.0 }, "1440_64": { "coord": [ 0.0, 0.0 ], "autotile_index": 0.0, "tileset": "tile_secret", "autotile": 1.0 }, "1248_-96": { "coord": [ 3.0, 11.0 ], "autotile_index": 2.0, "tileset": "tile_secret", "autotile": 1.0 }, "832_224": { "autotile": 1.0, "autotile_index": 0.0, "tileset": "tile_secret", "coord": [ 2.0, 5.0 ] }, "1312_128": { "coord": [ 3.0, 13.0 ], "autotile_index": 2.0, "tileset": "tile_secret", "autotile": 1.0 }, "800_512": { "coord": [ 3.0, 3.0 ], "autotile_index": 0.0, "tileset": "tile_secret", "autotile": 1.0 }, "704_192": { "autotile": 1.0, "autotile_index": 0.0, "tileset": "tile_secret", "coord": [ 2.0, 4.0 ] }, "992_384": { "coord": [ 4.0, 14.0 ], "autotile_index": 2.0, "tileset": "tile_secret", "autotile": 1.0 }, "768_-64": { "autotile": 1.0, "autotile_index": 0.0, "tileset": "tile_secret", "coord": [ 3.0, 3.0 ] }, "0_448": { "coord": [ 4.0, 3.0 ], "autotile_index": 0.0, "tileset": "tile_secret", "autotile": 1.0 }, "32_224": { "coord": [ 5.0, 4.0 ], "autotile_index": 0.0, "tileset": "tile_secret", "autotile": 1.0 }, "832_128": { "autotile": 1.0, "autotile_index": 0.0, "tileset": "tile_secret", "coord": [ 4.0, 3.0 ] }, "800_352": { "coord": [ 1.0, 15.0 ], "autotile_index": 2.0, "tileset": "tile_secret", "autotile": 1.0 }, "704_256": { "coord": [ 3.0, 11.0 ], "autotile_index": 2.0, "tileset": "tile_secret", "autotile": 1.0 }, "736_512": { "coord": [ 3.0, 3.0 ], "autotile_index": 0.0, "tileset": "tile_secret", "autotile": 1.0 }, "256_-128": { "coord": [ 2.0, 5.0 ], "autotile_index": 0.0, "tileset": "tile_secret", "autotile": 1.0 }, "864_320": { "coord": [ 2.0, 14.0 ], "autotile_index": 2.0, "tileset": "tile_secret", "autotile": 1.0 }, "1088_256": { "coord": [ 1.0, 15.0 ], "autotile_index": 2.0, "tileset": "tile_secret", "autotile": 1.0 }, "1312_416": { "coord": [ 3.0, 14.0 ], "autotile_index": 2.0, "tileset": "tile_secret", "autotile": 1.0 }, "704_128": { "autotile": 1.0, "autotile_index": 0.0, "tileset": "tile_secret", "coord": [ 2.0, 3.0 ] }, "704_416": { "coord": [ 2.0, 2.0 ], "autotile_index": 0.0, "tileset": "tile_secret", "autotile": 1.0 }, "0_256": { "coord": [ 4.0, 3.0 ], "autotile_index": 0.0, "tileset": "tile_secret", "autotile": 1.0 }, "672_-32": { "autotile": 1.0, "autotile_index": 0.0, "tileset": "tile_secret", "coord": [ 1.0, 2.0 ] }, "864_192": { "autotile": 1.0, "autotile_index": 0.0, "tileset": "tile_secret", "coord": [ 5.0, 4.0 ] }, "128_-128": { "coord": [ 2.0, 5.0 ], "autotile_index": 0.0, "tileset": "tile_secret", "autotile": 1.0 }, "1216_-64": { "coord": [ 0.0, 12.0 ], "autotile_index": 2.0, "tileset": "tile_secret", "autotile": 1.0 }, "1216_-160": { "autotile": 1.0, "autotile_index": 0.0, "tileset": "tile_secret", "coord": [ 3.0, 4.0 ] }, "32_512": { "coord": [ 3.0, 2.0 ], "autotile_index": 0.0, "tileset": "tile_secret", "autotile": 1.0 }, "928_-32": { "coord": [ 1.0, 13.0 ], "autotile_index": 2.0, "tileset": "tile_secret", "autotile": 1.0 }, "1376_288": { "coord": [ 1.0, 2.0 ], "autotile_index": 0.0, "tileset": "tile_secret", "autotile": 1.0 }, "1280_32": { "coord": [ 2.0, 13.0 ], "autotile_index": 2.0, "tileset": "tile_secret", "autotile": 1.0 }, "1216_-32": { "coord": [ 0.0, 12.0 ], "autotile_index": 2.0, "tileset": "tile_secret", "autotile": 1.0 }, "1376_480": { "coord": [ 4.0, 9.0 ], "autotile_index": 0.0, "tileset": "tile_secret", "autotile": 1.0 }, "576_480": { "coord": [ 4.0, 1.0 ], "autotile_index": 0.0, "tileset": "tile_secret", "autotile": 1.0 }, "1408_256": { "coord": [ 2.0, 3.0 ], "autotile_index": 0.0, "tileset": "tile_secret", "autotile": 1.0 }, "1024_416": { "coord": [ 1.0, 2.0 ], "autotile_index": 0.0, "tileset": "tile_secret", "autotile": 1.0 }, "544_-160": { "coord": [ 3.0, 4.0 ], "autotile_index": 0.0, "tileset": "tile_secret", "autotile": 1.0 }, "864_448": { "coord": [ 5.0, 4.0 ], "autotile_index": 0.0, "tileset": "tile_secret", "autotile": 1.0 }, "736_-96": { "autotile": 1.0, "autotile_index": 0.0, "tileset": "tile_secret", "coord": [ 3.0, 3.0 ] }, "864_-64": { "autotile": 1.0, "autotile_index": 0.0, "tileset": "tile_secret", "coord": [ 5.0, 4.0 ] }, "960_-128": { "autotile": 1.0, "autotile_index": 0.0, "tileset": "tile_secret", "coord": [ 2.0, 5.0 ] }, "928_416": { "coord": [ 1.0, 14.0 ], "autotile_index": 2.0, "tileset": "tile_secret", "autotile": 1.0 }, "1312_-128": { "coord": [ 2.0, 5.0 ], "autotile_index": 0.0, "tileset": "tile_secret", "autotile": 1.0 }, "672_32": { "autotile": 1.0, "autotile_index": 0.0, "tileset": "tile_secret", "coord": [ 1.0, 2.0 ] }, "896_384": { "coord": [ 0.0, 12.0 ], "autotile_index": 2.0, "tileset": "tile_secret", "autotile": 1.0 }, "736_224": { "autotile": 1.0, "autotile_index": 0.0, "tileset": "tile_secret", "coord": [ 2.0, 5.0 ] }, "1088_-128": { "autotile": 1.0, "autotile_index": 0.0, "tileset": "tile_secret", "coord": [ 3.0, 3.0 ] }, "1376_192": { "coord": [ 1.0, 2.0 ], "autotile_index": 0.0, "tileset": "tile_secret", "autotile": 1.0 }, "1152_352": { "coord": [ 4.0, 3.0 ], "autotile_index": 0.0, "tileset": "tile_secret", "autotile": 1.0 }, "992_480": { "coord": [ 4.0, 1.0 ], "autotile_index": 0.0, "tileset": "tile_secret", "autotile": 1.0 }, "32_352": { "coord": [ 5.0, 4.0 ], "autotile_index": 0.0, "tileset": "tile_secret", "autotile": 1.0 }, "960_128": { "coord": [ 3.0, 13.0 ], "autotile_index": 2.0, "tileset": "tile_secret", "autotile": 1.0 }, "960_-96": { "coord": [ 3.0, 11.0 ], "autotile_index": 2.0, "tileset": "tile_secret", "autotile": 1.0 }, "832_-96": { "autotile": 1.0, "autotile_index": 0.0, "tileset": "tile_secret", "coord": [ 4.0, 3.0 ] }, "544_512": { "coord": [ 3.0, 2.0 ], "autotile_index": 0.0, "tileset": "tile_secret", "autotile": 1.0 }, "1376_-160": { "coord": [ 3.0, 4.0 ], "autotile_index": 0.0, "tileset": "tile_secret", "autotile": 1.0 }, "992_-96": { "coord": [ 4.0, 11.0 ], "autotile_index": 2.0, "tileset": "tile_secret", "autotile": 1.0 }, "1376_352": { "coord": [ 1.0, 2.0 ], "autotile_index": 0.0, "tileset": "tile_secret", "autotile": 1.0 }, "1056_416": { "coord": [ 2.0, 3.0 ], "autotile_index": 0.0, "tileset": "tile_secret", "autotile": 1.0 }, "1056_32": { "autotile": 1.0, "autotile_index": 0.0, "tileset": "tile_secret", "coord": [ 2.0, 3.0 ] }, "32_480": { "coord": [ 2.0, 9.0 ], "autotile_index": 0.0, "tileset": "tile_secret", "autotile": 1.0 }, "416_-160": { "coord": [ 3.0, 4.0 ], "autotile_index": 0.0, "tileset": "tile_secret", "autotile": 1.0 }, "768_224": { "autotile": 1.0, "autotile_index": 0.0, "tileset": "tile_secret", "coord": [ 2.0, 5.0 ] }, "0_224": { "coord": [ 4.0, 3.0 ], "autotile_index": 0.0, "tileset": "tile_secret", "autotile": 1.0 }, "1024_0": { "autotile": 1.0, "autotile_index": 0.0, "tileset": "tile_secret", "coord": [ 1.0, 2.0 ] }, "960_384": { "coord": [ 3.0, 13.0 ], "autotile_index": 2.0, "tileset": "tile_secret", "autotile": 1.0 }, "1152_-160": { "autotile": 1.0, "autotile_index": 0.0, "tileset": "tile_secret", "coord": [ 1.0, 6.0 ] }, "1184_448": { "coord": [ 5.0, 4.0 ], "autotile_index": 0.0, "tileset": "tile_secret", "autotile": 1.0 }, "32_-128": { "coord": [ 2.0, 7.0 ], "autotile_index": 0.0, "tileset": "tile_secret", "autotile": 1.0 }, "1280_480": { "coord": [ 4.0, 1.0 ], "autotile_index": 0.0, "tileset": "tile_secret", "autotile": 1.0 }, "1056_192": { "coord": [ 3.0, 11.0 ], "autotile_index": 2.0, "tileset": "tile_secret", "autotile": 1.0 }, "864_384": { "coord": [ 5.0, 1.0 ], "autotile_index": 0.0, "tileset": "tile_secret", "autotile": 1.0 }, "800_256": { "coord": [ 3.0, 11.0 ], "autotile_index": 2.0, "tileset": "tile_secret", "autotile": 1.0 }, "1088_-160": { "autotile": 1.0, "autotile_index": 0.0, "tileset": "tile_secret", "coord": [ 3.0, 3.0 ] }, "768_0": { "autotile": 1.0, "autotile_index": 0.0, "tileset": "tile_secret", "coord": [ 3.0, 3.0 ] }, "1184_160": { "autotile": 1.0, "autotile_index": 0.0, "tileset": "tile_secret", "coord": [ 5.0, 5.0 ] }, "800_416": { "coord": [ 3.0, 2.0 ], "autotile_index": 0.0, "tileset": "tile_secret", "autotile": 1.0 }, "1056_-96": { "autotile": 1.0, "autotile_index": 0.0, "tileset": "tile_secret", "coord": [ 2.0, 3.0 ] }, "896_160": { "coord": [ 0.0, 12.0 ], "autotile_index": 2.0, "tileset": "tile_secret", "autotile": 1.0 }, "608_-128": { "autotile": 1.0, "autotile_index": 0.0, "tileset": "tile_secret", "coord": [ 2.0, 5.0 ] }, "192_480": { "coord": [ 4.0, 1.0 ], "autotile_index": 0.0, "tileset": "tile_secret", "autotile": 1.0 }, "704_320": { "coord": [ 1.0, 14.0 ], "autotile_index": 2.0, "tileset": "tile_secret", "autotile": 1.0 }, "736_-160": { "autotile": 1.0, "autotile_index": 0.0, "tileset": "tile_secret", "coord": [ 3.0, 3.0 ] }, "320_-160": { "coord": [ 3.0, 4.0 ], "autotile_index": 0.0, "tileset": "tile_secret", "autotile": 1.0 }, "1344_-128": { "coord": [ 2.0, 5.0 ], "autotile_index": 0.0, "tileset": "tile_secret", "autotile": 1.0 }, "736_352": { "coord": [ 1.0, 15.0 ], "autotile_index": 2.0, "tileset": "tile_secret", "autotile": 1.0 }, "736_64": { "autotile": 1.0, "autotile_index": 0.0, "tileset": "tile_secret", "coord": [ 3.0, 3.0 ] }, "800_-96": { "autotile": 1.0, "autotile_index": 0.0, "tileset": "tile_secret", "coord": [ 3.0, 3.0 ] }, "800_384": { "coord": [ 4.0, 1.0 ], "autotile_index": 0.0, "tileset": "tile_secret", "autotile": 1.0 }, "192_-128": { "coord": [ 2.0, 7.0 ], "autotile_index": 0.0, "tileset": "tile_secret", "autotile": 1.0 }, "1184_32": { "autotile": 1.0, "autotile_index": 0.0, "tileset": "tile_secret", "coord": [ 5.0, 4.0 ] }, "1088_288": { "coord": [ 4.0, 1.0 ], "autotile_index": 0.0, "tileset": "tile_secret", "autotile": 1.0 }, "32_384": { "coord": [ 5.0, 4.0 ], "autotile_index": 0.0, "tileset": "tile_secret", "autotile": 1.0 }, "672_160": { "autotile": 1.0, "autotile_index": 0.0, "tileset": "tile_secret", "coord": [ 1.0, 2.0 ] }, "864_-32": { "autotile": 1.0, "autotile_index": 0.0, "tileset": "tile_secret", "coord": [ 5.0, 4.0 ] }, "1248_192": { "coord": [ 1.0, 13.0 ], "autotile_index": 2.0, "tileset": "tile_secret", "autotile": 1.0 }, "32_0": { "coord": [ 5.0, 4.0 ], "autotile_index": 0.0, "tileset": "tile_secret", "autotile": 1.0 }, "160_512": { "coord": [ 3.0, 2.0 ], "autotile_index": 0.0, "tileset": "tile_secret", "autotile": 1.0 }, "576_-128": { "coord": [ 2.0, 5.0 ], "autotile_index": 0.0, "tileset": "tile_secret", "autotile": 1.0 }, "768_64": { "autotile": 1.0, "autotile_index": 0.0, "tileset": "tile_secret", "coord": [ 3.0, 3.0 ] }, "1024_-64": { "autotile": 1.0, "autotile_index": 0.0, "tileset": "tile_secret", "coord": [ 1.0, 2.0 ] }, "64_-128": { "coord": [ 2.0, 5.0 ], "autotile_index": 0.0, "tileset": "tile_secret", "autotile": 1.0 }, "1344_352": { "coord": [ 4.0, 14.0 ], "autotile_index": 2.0, "tileset": "tile_secret", "autotile": 1.0 }, "32_128": { "coord": [ 5.0, 4.0 ], "autotile_index": 0.0, "tileset": "tile_secret", "autotile": 1.0 }, "992_96": { "coord": [ 4.0, 14.0 ], "autotile_index": 2.0, "tileset": "tile_secret", "autotile": 1.0 }, "768_96": { "autotile": 1.0, "autotile_index": 0.0, "tileset": "tile_secret", "coord": [ 3.0, 3.0 ] }, "1152_448": { "coord": [ 4.0, 3.0 ], "autotile_index": 0.0, "tileset": "tile_secret", "autotile": 1.0 }, "1248_416": { "coord": [ 1.0, 14.0 ], "autotile_index": 2.0, "tileset": "tile_secret", "autotile": 1.0 }, "96_-128": { "coord": [ 2.0, 5.0 ], "autotile_index": 0.0, "tileset": "tile_secret", "autotile": 1.0 }, "1408_32": { "coord": [ 2.0, 3.0 ], "autotile_index": 0.0, "tileset": "tile_secret", "autotile": 1.0 }, "832_512": { "coord": [ 1.0, 10.0 ], "autotile_index": 0.0, "tileset": "tile_secret", "autotile": 1.0 }, "960_-160": { "autotile": 1.0, "autotile_index": 0.0, "tileset": "tile_secret", "coord": [ 3.0, 4.0 ] }, "672_448": { "coord": [ 1.0, 2.0 ], "autotile_index": 0.0, "tileset": "tile_secret", "autotile": 1.0 }, "1184_-96": { "autotile": 1.0, "autotile_index": 0.0, "tileset": "tile_secret", "coord": [ 5.0, 4.0 ] }, "224_-128": { "coord": [ 2.0, 5.0 ], "autotile_index": 0.0, "tileset": "tile_secret", "autotile": 1.0 }, "64_-160": { "coord": [ 3.0, 4.0 ], "autotile_index": 0.0, "tileset": "tile_secret", "autotile": 1.0 }, "928_64": { "coord": [ 1.0, 13.0 ], "autotile_index": 2.0, "tileset": "tile_secret", "autotile": 1.0 }, "1088_224": { "coord": [ 6.0, 2.0 ], "autotile_index": 2.0, "tileset": "tile_secret", "autotile": 1.0 }, "1152_256": { "coord": [ 1.0, 15.0 ], "autotile_index": 2.0, "tileset": "tile_secret", "autotile": 1.0 }, "32_288": { "coord": [ 5.0, 4.0 ], "autotile_index": 0.0, "tileset": "tile_secret", "autotile": 1.0 }, "512_512": { "coord": [ 3.0, 2.0 ], "autotile_index": 0.0, "tileset": "tile_secret", "autotile": 1.0 }, "1056_128": { "autotile": 1.0, "autotile_index": 0.0, "tileset": "tile_secret", "coord": [ 2.0, 4.0 ] }, "736_288": { "coord": [ 2.0, 12.0 ], "autotile_index": 2.0, "tileset": "tile_secret", "autotile": 1.0 }, "704_-96": { "autotile": 1.0, "autotile_index": 0.0, "tileset": "tile_secret", "coord": [ 2.0, 3.0 ] }, "32_320": { "coord": [ 5.0, 4.0 ], "autotile_index": 0.0, "tileset": "tile_secret", "autotile": 1.0 }, "32_416": { "coord": [ 5.0, 4.0 ], "autotile_index": 0.0, "tileset": "tile_secret", "autotile": 1.0 }, "864_128": { "autotile": 1.0, "autotile_index": 0.0, "tileset": "tile_secret", "coord": [ 5.0, 4.0 ] }, "1216_448": { "coord": [ 0.0, 15.0 ], "autotile_index": 2.0, "tileset": "tile_secret", "autotile": 1.0 }, "1312_256": { "coord": [ 3.0, 13.0 ], "autotile_index": 2.0, "tileset": "tile_secret", "autotile": 1.0 }, "1088_-32": { "autotile": 1.0, "autotile_index": 0.0, "tileset": "tile_secret", "coord": [ 3.0, 3.0 ] }, "384_-128": { "coord": [ 2.0, 5.0 ], "autotile_index": 0.0, "tileset": "tile_secret", "autotile": 1.0 }, "1184_64": { "autotile": 1.0, "autotile_index": 0.0, "tileset": "tile_secret", "coord": [ 5.0, 4.0 ] }, "1408_0": { "coord": [ 2.0, 3.0 ], "autotile_index": 0.0, "tileset": "tile_secret", "autotile": 1.0 }, "480_-160": { "coord": [ 3.0, 4.0 ], "autotile_index": 0.0, "tileset": "tile_secret", "autotile": 1.0 }, "1344_160": { "coord": [ 4.0, 14.0 ], "autotile_index": 2.0, "tileset": "tile_secret", "autotile": 1.0 }, "672_512": { "coord": [ 3.0, 2.0 ], "autotile_index": 0.0, "tileset": "tile_secret", "autotile": 1.0 }, "832_64": { "autotile": 1.0, "autotile_index": 0.0, "tileset": "tile_secret", "coord": [ 4.0, 3.0 ] }, "768_-32": { "autotile": 1.0, "autotile_index": 0.0, "tileset": "tile_secret", "coord": [ 3.0, 3.0 ] }, "1152_224": { "coord": [ 6.0, 2.0 ], "autotile_index": 2.0, "tileset": "tile_secret", "autotile": 1.0 }, "0_288": { "coord": [ 4.0, 3.0 ], "autotile_index": 0.0, "tileset": "tile_secret", "autotile": 1.0 }, "768_32": { "autotile": 1.0, "autotile_index": 0.0, "tileset": "tile_secret", "coord": [ 3.0, 3.0 ] }, "928_288": { "coord": [ 9.0, 15.0 ], "autotile_index": 2.0, "tileset": "tile_secret", "autotile": 1.0 }, "1248_0": { "coord": [ 1.0, 13.0 ], "autotile_index": 2.0, "tileset": "tile_secret", "autotile": 1.0 }, "1216_256": { "coord": [ 8.0, 12.0 ], "autotile_index": 2.0, "tileset": "tile_secret", "autotile": 1.0 }, "928_32": { "coord": [ 1.0, 13.0 ], "autotile_index": 2.0, "tileset": "tile_secret", "autotile": 1.0 }, "1408_448": { "coord": [ 2.0, 3.0 ], "autotile_index": 0.0, "tileset": "tile_secret", "autotile": 1.0 }, "320_512": { "coord": [ 3.0, 2.0 ], "autotile_index": 0.0, "tileset": "tile_secret", "autotile": 1.0 }, "960_-64": { "coord": [ 3.0, 12.0 ], "autotile_index": 2.0, "tileset": "tile_secret", "autotile": 1.0 }, "224_-160": { "coord": [ 3.0, 4.0 ], "autotile_index": 0.0, "tileset": "tile_secret", "autotile": 1.0 }, "1344_448": { "coord": [ 4.0, 15.0 ], "autotile_index": 2.0, "tileset": "tile_secret", "autotile": 1.0 }, "544_-128": { "coord": [ 2.0, 5.0 ], "autotile_index": 0.0, "tileset": "tile_secret", "autotile": 1.0 }, "1280_96": { "coord": [ 2.0, 13.0 ], "autotile_index": 2.0, "tileset": "tile_secret", "autotile": 1.0 }, "384_480": { "coord": [ 4.0, 1.0 ], "autotile_index": 0.0, "tileset": "tile_secret", "autotile": 1.0 }, "1056_352": { "coord": [ 2.0, 3.0 ], "autotile_index": 0.0, "tileset": "tile_secret", "autotile": 1.0 }, "352_-128": { "coord": [ 2.0, 5.0 ], "autotile_index": 0.0, "tileset": "tile_secret", "autotile": 1.0 }, "1184_-128": { "autotile": 1.0, "autotile_index": 0.0, "tileset": "tile_secret", "coord": [ 2.0, 7.0 ] }, "1216_160": { "coord": [ 0.0, 12.0 ], "autotile_index": 2.0, "tileset": "tile_secret", "autotile": 1.0 }, "1088_480": { "coord": [ 3.0, 3.0 ], "autotile_index": 0.0, "tileset": "tile_secret", "autotile": 1.0 }, "1152_480": { "coord": [ 4.0, 3.0 ], "autotile_index": 0.0, "tileset": "tile_secret", "autotile": 1.0 }, "928_352": { "coord": [ 1.0, 13.0 ], "autotile_index": 2.0, "tileset": "tile_secret", "autotile": 1.0 }, "1440_160": { "coord": [ 0.0, 0.0 ], "autotile_index": 0.0, "tileset": "tile_secret", "autotile": 1.0 }, "1216_0": { "coord": [ 0.0, 12.0 ], "autotile_index": 2.0, "tileset": "tile_secret", "autotile": 1.0 }, "1184_320": { "coord": [ 5.0, 4.0 ], "autotile_index": 0.0, "tileset": "tile_secret", "autotile": 1.0 }, "864_96": { "autotile": 1.0, "autotile_index": 0.0, "tileset": "tile_secret", "coord": [ 5.0, 4.0 ] }, "864_64": { "autotile": 1.0, "autotile_index": 0.0, "tileset": "tile_secret", "coord": [ 5.0, 4.0 ] }, "1088_512": { "coord": [ 3.0, 3.0 ], "autotile_index": 0.0, "tileset": "tile_secret", "autotile": 1.0 }, "800_480": { "coord": [ 3.0, 3.0 ], "autotile_index": 0.0, "tileset": "tile_secret", "autotile": 1.0 }, "1088_160": { "autotile": 1.0, "autotile_index": 0.0, "tileset": "tile_secret", "coord": [ 2.0, 5.0 ] }, "928_0": { "coord": [ 1.0, 13.0 ], "autotile_index": 2.0, "tileset": "tile_secret", "autotile": 1.0 }, "1152_32": { "autotile": 1.0, "autotile_index": 0.0, "tileset": "tile_secret", "coord": [ 4.0, 3.0 ] }, "896_512": { "coord": [ 3.0, 2.0 ], "autotile_index": 0.0, "tileset": "tile_secret", "autotile": 1.0 }, "1280_512": { "coord": [ 3.0, 2.0 ], "autotile_index": 0.0, "tileset": "tile_secret", "autotile": 1.0 }, "896_-128": { "autotile": 1.0, "autotile_index": 0.0, "tileset": "tile_secret", "coord": [ 2.0, 5.0 ] }, "1088_416": { "coord": [ 3.0, 3.0 ], "autotile_index": 0.0, "tileset": "tile_secret", "autotile": 1.0 }, "1216_32": { "coord": [ 0.0, 12.0 ], "autotile_index": 2.0, "tileset": "tile_secret", "autotile": 1.0 }, "32_-160": { "coord": [ 3.0, 4.0 ], "autotile_index": 0.0, "tileset": "tile_secret", "autotile": 1.0 }, "320_-192": { "coord": [ 0.0, 0.0 ], "autotile_index": 0.0, "tileset": "tile_secret", "autotile": 1.0 }, "1376_64": { "coord": [ 1.0, 2.0 ], "autotile_index": 0.0, "tileset": "tile_secret", "autotile": 1.0 }, "864_-96": { "autotile": 1.0, "autotile_index": 0.0, "tileset": "tile_secret", "coord": [ 5.0, 4.0 ] }, "864_160": { "autotile": 1.0, "autotile_index": 0.0, "tileset": "tile_secret", "coord": [ 5.0, 4.0 ] }, "800_-160": { "autotile": 1.0, "autotile_index": 0.0, "tileset": "tile_secret", "coord": [ 3.0, 3.0 ] }, "1152_0": { "autotile": 1.0, "autotile_index": 0.0, "tileset": "tile_secret", "coord": [ 4.0, 3.0 ] }, "1408_192": { "coord": [ 2.0, 3.0 ], "autotile_index": 0.0, "tileset": "tile_secret", "autotile": 1.0 }, "960_64": { "coord": [ 3.0, 13.0 ], "autotile_index": 2.0, "tileset": "tile_secret", "autotile": 1.0 }, "1248_384": { "coord": [ 1.0, 13.0 ], "autotile_index": 2.0, "tileset": "tile_secret", "autotile": 1.0 }, "1216_384": { "coord": [ 0.0, 12.0 ], "autotile_index": 2.0, "tileset": "tile_secret", "autotile": 1.0 }, "992_-160": { "autotile": 1.0, "autotile_index": 0.0, "tileset": "tile_secret", "coord": [ 3.0, 4.0 ] }, "832_-32": { "autotile": 1.0, "autotile_index": 0.0, "tileset": "tile_secret", "coord": [ 4.0, 3.0 ] }, "1280_-160": { "coord": [ 3.0, 4.0 ], "autotile_index": 0.0, "tileset": "tile_secret", "autotile": 1.0 }, "1312_352": { "coord": [ 3.0, 13.0 ], "autotile_index": 2.0, "tileset": "tile_secret", "autotile": 1.0 }, "1088_384": { "coord": [ 3.0, 3.0 ], "autotile_index": 0.0, "tileset": "tile_secret", "autotile": 1.0 }, "1120_-160": { "autotile": 1.0, "autotile_index": 0.0, "tileset": "tile_secret", "coord": [ 3.0, 3.0 ] }, "0_352": { "coord": [ 4.0, 3.0 ], "autotile_index": 0.0, "tileset": "tile_secret", "autotile": 1.0 }, "672_192": { "autotile": 1.0, "autotile_index": 0.0, "tileset": "tile_secret", "coord": [ 1.0, 2.0 ] }, "1408_-96": { "coord": [ 2.0, 3.0 ], "autotile_index": 0.0, "tileset": "tile_secret", "autotile": 1.0 }, "1280_288": { "coord": [ 2.0, 13.0 ], "autotile_index": 2.0, "tileset": "tile_secret", "autotile": 1.0 }, "1088_32": { "autotile": 1.0, "autotile_index": 0.0, "tileset": "tile_secret", "coord": [ 3.0, 3.0 ] }, "1344_192": { "coord": [ 4.0, 14.0 ], "autotile_index": 2.0, "tileset": "tile_secret", "autotile": 1.0 }, "32_-32": { "coord": [ 5.0, 4.0 ], "autotile_index": 0.0, "tileset": "tile_secret", "autotile": 1.0 }, "0_320": { "coord": [ 4.0, 3.0 ], "autotile_index": 0.0, "tileset": "tile_secret", "autotile": 1.0 }, "896_480": { "coord": [ 4.0, 1.0 ], "autotile_index": 0.0, "tileset": "tile_secret", "autotile": 1.0 }, "704_288": { "coord": [ 1.0, 12.0 ], "autotile_index": 2.0, "tileset": "tile_secret", "autotile": 1.0 }, "864_32": { "autotile": 1.0, "autotile_index": 0.0, "tileset": "tile_secret", "coord": [ 5.0, 4.0 ] }, "1088_352": { "coord": [ 3.0, 3.0 ], "autotile_index": 0.0, "tileset": "tile_secret", "autotile": 1.0 }, "672_96": { "autotile": 1.0, "autotile_index": 0.0, "tileset": "tile_secret", "coord": [ 1.0, 2.0 ] }, "864_224": { "autotile": 1.0, "autotile_index": 0.0, "tileset": "tile_secret", "coord": [ 5.0, 5.0 ] }, "1152_-96": { "autotile": 1.0, "autotile_index": 0.0, "tileset": "tile_secret", "coord": [ 4.0, 3.0 ] }, "800_160": { "autotile": 1.0, "autotile_index": 0.0, "tileset": "tile_secret", "coord": [ 3.0, 3.0 ] }, "288_-160": { "coord": [ 3.0, 4.0 ], "autotile_index": 0.0, "tileset": "tile_secret", "autotile": 1.0 }, "1120_96": { "autotile": 1.0, "autotile_index": 0.0, "tileset": "tile_secret", "coord": [ 3.0, 3.0 ] }, "1440_480": { "coord": [ 0.0, 0.0 ], "autotile_index": 0.0, "tileset": "tile_secret", "autotile": 1.0 }, "0_32": { "coord": [ 4.0, 3.0 ], "autotile_index": 0.0, "tileset": "tile_secret", "autotile": 1.0 }, "1024_448": { "coord": [ 1.0, 2.0 ], "autotile_index": 0.0, "tileset": "tile_secret", "autotile": 1.0 }, "704_96": { "autotile": 1.0, "autotile_index": 0.0, "tileset": "tile_secret", "coord": [ 2.0, 3.0 ] }, "1056_224": { "coord": [ 6.0, 2.0 ], "autotile_index": 2.0, "tileset": "tile_secret", "autotile": 1.0 }, "352_512": { "coord": [ 3.0, 2.0 ], "autotile_index": 0.0, "tileset": "tile_secret", "autotile": 1.0 }, "800_64": { "autotile": 1.0, "autotile_index": 0.0, "tileset": "tile_secret", "coord": [ 3.0, 3.0 ] }, "1024_160": { "autotile": 1.0, "autotile_index": 0.0, "tileset": "tile_secret", "coord": [ 1.0, 5.0 ] }, "1120_256": { "coord": [ 1.0, 15.0 ], "autotile_index": 2.0, "tileset": "tile_secret", "autotile": 1.0 } } }, "backgrounds": { "5": { "x": 0.0, "scroll_x": 0.69999999999999995559107901499374, "tile_y": 1.0, "hspeed": 1.0, "scroll_y": 0.69999999999999995559107901499374, "panic_sprite": -1.0, "y": 0.0, "sprite": "bg_secret", "tile_x": 1.0, "vspeed": 1.0, "image_speed": 0.0 } }, "properties": { "song": "event:\/music\/w3\/golfsecret", "roomX": 0.0, "levelWidth": 1440.0, "roomY": -160.0, "levelHeight": 540.0, "songTransitionTime": 100.0 } }