{ "editorVersion": 5.0, "instances": [ { "layer": 0.0, "deleted": 0.0, "variables": { "x": 640.0, "flipX": 1.0, "y": 369.0, "flipY": 0.0 }, "object": 769.0 }, { "layer": 0.0, "deleted": 0.0, "variables": { "x": 992.0, "y": 384.0, "targetRoom": "Escape 1", "image_xscale": 1.0, "image_yscale": 1.0, "flipX": 1.0, "flipY": 0.0 }, "object": 795.0 }, { "layer": 0.0, "deleted": 0.0, "variables": { "x": 128.0, "y": 384.0, "targetRoom": "5", "image_xscale": 1.0, "image_yscale": 1.0, "flipX": 1.0, "flipY": 0.0 }, "object": 795.0 }, { "layer": 0.0, "deleted": 0.0, "variables": { "x": 480.0, "flipX": 0.0, "y": 448.0, "flipY": 0.0 }, "object": 748.0 }, { "layer": 0.0, "deleted": 0.0, "variables": { "x": 160.0, "flipX": 0.0, "y": 224.0, "flipY": 0.0 }, "object": 804.0 }, { "layer": 0.0, "deleted": 0.0, "variables": { "x": 0.0, "flipX": 0.0, "y": 0.0, "flipY": 0.0 }, "object": 517.0 }, { "layer": 0.0, "deleted": 0.0, "variables": { "x": 0.0, "flipX": 0.0, "y": 32.0, "flipY": 0.0 }, "object": 517.0 }, { "layer": 0.0, "deleted": 0.0, "variables": { "x": 0.0, "flipX": 0.0, "y": 64.0, "flipY": 0.0 }, "object": 517.0 }, { "layer": 0.0, "deleted": 0.0, "variables": { "x": 0.0, "flipX": 0.0, "y": 96.0, "flipY": 0.0 }, "object": 517.0 }, { "layer": 0.0, "deleted": 0.0, "variables": { "x": 0.0, "flipX": 0.0, "y": 128.0, "flipY": 0.0 }, "object": 517.0 }, { "layer": 0.0, "deleted": 0.0, "variables": { "x": 0.0, "flipX": 0.0, "y": 160.0, "flipY": 0.0 }, "object": 517.0 }, { "layer": 0.0, "deleted": 0.0, "variables": { "x": 0.0, "flipX": 0.0, "y": 192.0, "flipY": 0.0 }, "object": 517.0 }, { "layer": 0.0, "deleted": 0.0, "variables": { "x": 0.0, "flipX": 0.0, "y": 224.0, "flipY": 0.0 }, "object": 517.0 }, { "layer": 0.0, "deleted": 0.0, "variables": { "x": 0.0, "flipX": 0.0, "y": 256.0, "flipY": 0.0 }, "object": 517.0 }, { "layer": 0.0, "deleted": 0.0, "variables": { "x": 0.0, "flipX": 0.0, "y": 288.0, "flipY": 0.0 }, "object": 517.0 }, { "layer": 0.0, "deleted": 0.0, "variables": { "x": 0.0, "flipX": 0.0, "y": 320.0, "flipY": 0.0 }, "object": 517.0 }, { "layer": 0.0, "deleted": 0.0, "variables": { "x": 0.0, "flipX": 0.0, "y": 352.0, "flipY": 0.0 }, "object": 517.0 }, { "layer": 0.0, "deleted": 0.0, "variables": { "x": 0.0, "flipX": 0.0, "y": 384.0, "flipY": 0.0 }, "object": 517.0 }, { "layer": 0.0, "deleted": 0.0, "variables": { "x": 0.0, "flipX": 0.0, "y": 416.0, "flipY": 0.0 }, "object": 517.0 }, { "layer": 0.0, "deleted": 0.0, "variables": { "x": 0.0, "flipX": 0.0, "y": 448.0, "flipY": 0.0 }, "object": 517.0 }, { "layer": 0.0, "deleted": 0.0, "variables": { "x": 0.0, "flipX": 0.0, "y": 480.0, "flipY": 0.0 }, "object": 517.0 }, { "layer": 0.0, "deleted": 0.0, "variables": { "x": 32.0, "flipX": 0.0, "y": 480.0, "flipY": 0.0 }, "object": 517.0 }, { "layer": 0.0, "deleted": 0.0, "variables": { "x": 64.0, "flipX": 0.0, "y": 480.0, "flipY": 0.0 }, "object": 517.0 }, { "layer": 0.0, "deleted": 0.0, "variables": { "x": 96.0, "flipX": 0.0, "y": 480.0, "flipY": 0.0 }, "object": 517.0 }, { "layer": 0.0, "deleted": 0.0, "variables": { "x": 128.0, "flipX": 0.0, "y": 480.0, "flipY": 0.0 }, "object": 517.0 }, { "layer": 0.0, "deleted": 0.0, "variables": { "x": 160.0, "flipX": 0.0, "y": 480.0, "flipY": 0.0 }, "object": 517.0 }, { "layer": 0.0, "deleted": 0.0, "variables": { "x": 192.0, "flipX": 0.0, "y": 480.0, "flipY": 0.0 }, "object": 517.0 }, { "layer": 0.0, "deleted": 0.0, "variables": { "x": 224.0, "flipX": 0.0, "y": 480.0, "flipY": 0.0 }, "object": 517.0 }, { "layer": 0.0, "deleted": 0.0, "variables": { "x": 256.0, "flipX": 0.0, "y": 480.0, "flipY": 0.0 }, "object": 517.0 }, { "layer": 0.0, "deleted": 0.0, "variables": { "x": 288.0, "flipX": 0.0, "y": 480.0, "flipY": 0.0 }, "object": 517.0 }, { "layer": 0.0, "deleted": 0.0, "variables": { "x": 320.0, "flipX": 0.0, "y": 480.0, "flipY": 0.0 }, "object": 517.0 }, { "layer": 0.0, "deleted": 0.0, "variables": { "x": 352.0, "flipX": 0.0, "y": 480.0, "flipY": 0.0 }, "object": 517.0 }, { "layer": 0.0, "deleted": 0.0, "variables": { "x": 384.0, "flipX": 0.0, "y": 480.0, "flipY": 0.0 }, "object": 517.0 }, { "layer": 0.0, "deleted": 0.0, "variables": { "x": 416.0, "flipX": 0.0, "y": 480.0, "flipY": 0.0 }, "object": 517.0 }, { "layer": 0.0, "deleted": 0.0, "variables": { "x": 448.0, "flipX": 0.0, "y": 480.0, "flipY": 0.0 }, "object": 517.0 }, { "layer": 0.0, "deleted": 0.0, "variables": { "x": 480.0, "flipX": 0.0, "y": 480.0, "flipY": 0.0 }, "object": 517.0 }, { "layer": 0.0, "deleted": 0.0, "variables": { "x": 512.0, "flipX": 0.0, "y": 480.0, "flipY": 0.0 }, "object": 517.0 }, { "layer": 0.0, "deleted": 0.0, "variables": { "x": 544.0, "flipX": 0.0, "y": 480.0, "flipY": 0.0 }, "object": 517.0 }, { "layer": 0.0, "deleted": 0.0, "variables": { "x": 576.0, "flipX": 0.0, "y": 480.0, "flipY": 0.0 }, "object": 517.0 }, { "layer": 0.0, "deleted": 0.0, "variables": { "x": 608.0, "flipX": 0.0, "y": 480.0, "flipY": 0.0 }, "object": 517.0 }, { "layer": 0.0, "deleted": 0.0, "variables": { "x": 640.0, "flipX": 0.0, "y": 480.0, "flipY": 0.0 }, "object": 517.0 }, { "layer": 0.0, "deleted": 0.0, "variables": { "x": 672.0, "flipX": 0.0, "y": 480.0, "flipY": 0.0 }, "object": 517.0 }, { "layer": 0.0, "deleted": 0.0, "variables": { "x": 704.0, "flipX": 0.0, "y": 480.0, "flipY": 0.0 }, "object": 517.0 }, { "layer": 0.0, "deleted": 0.0, "variables": { "x": 736.0, "flipX": 0.0, "y": 480.0, "flipY": 0.0 }, "object": 517.0 }, { "layer": 0.0, "deleted": 0.0, "variables": { "x": 768.0, "flipX": 0.0, "y": 480.0, "flipY": 0.0 }, "object": 517.0 }, { "layer": 0.0, "deleted": 0.0, "variables": { "x": 800.0, "flipX": 0.0, "y": 480.0, "flipY": 0.0 }, "object": 517.0 }, { "layer": 0.0, "deleted": 0.0, "variables": { "x": 832.0, "flipX": 0.0, "y": 480.0, "flipY": 0.0 }, "object": 517.0 }, { "layer": 0.0, "deleted": 0.0, "variables": { "x": 864.0, "flipX": 0.0, "y": 480.0, "flipY": 0.0 }, "object": 517.0 }, { "layer": 0.0, "deleted": 0.0, "variables": { "x": 896.0, "flipX": 0.0, "y": 480.0, "flipY": 0.0 }, "object": 517.0 }, { "layer": 0.0, "deleted": 0.0, "variables": { "x": 928.0, "flipX": 0.0, "y": 480.0, "flipY": 0.0 }, "object": 517.0 }, { "layer": 0.0, "deleted": 0.0, "variables": { "x": 960.0, "flipX": 0.0, "y": 480.0, "flipY": 0.0 }, "object": 517.0 }, { "layer": 0.0, "deleted": 0.0, "variables": { "x": 992.0, "flipX": 0.0, "y": 480.0, "flipY": 0.0 }, "object": 517.0 }, { "layer": 0.0, "deleted": 0.0, "variables": { "x": 1024.0, "flipX": 0.0, "y": 480.0, "flipY": 0.0 }, "object": 517.0 }, { "layer": 0.0, "deleted": 0.0, "variables": { "x": 1056.0, "flipX": 0.0, "y": 480.0, "flipY": 0.0 }, "object": 517.0 }, { "layer": 0.0, "deleted": 0.0, "variables": { "x": 1088.0, "flipX": 0.0, "y": 480.0, "flipY": 0.0 }, "object": 517.0 }, { "layer": 0.0, "deleted": 0.0, "variables": { "x": 1120.0, "flipX": 0.0, "y": 480.0, "flipY": 0.0 }, "object": 517.0 }, { "layer": 0.0, "deleted": 0.0, "variables": { "x": 1152.0, "flipX": 0.0, "y": 480.0, "flipY": 0.0 }, "object": 517.0 }, { "layer": 0.0, "deleted": 0.0, "variables": { "x": 1184.0, "flipX": 0.0, "y": 480.0, "flipY": 0.0 }, "object": 517.0 }, { "layer": 0.0, "deleted": 0.0, "variables": { "x": 1184.0, "flipX": 0.0, "y": 448.0, "flipY": 0.0 }, "object": 517.0 }, { "layer": 0.0, "deleted": 0.0, "variables": { "x": 1184.0, "flipX": 0.0, "y": 416.0, "flipY": 0.0 }, "object": 517.0 }, { "layer": 0.0, "deleted": 0.0, "variables": { "x": 1184.0, "flipX": 0.0, "y": 384.0, "flipY": 0.0 }, "object": 517.0 }, { "layer": 0.0, "deleted": 0.0, "variables": { "x": 1184.0, "flipX": 0.0, "y": 352.0, "flipY": 0.0 }, "object": 517.0 }, { "layer": 0.0, "deleted": 0.0, "variables": { "x": 1184.0, "flipX": 0.0, "y": 320.0, "flipY": 0.0 }, "object": 517.0 }, { "layer": 0.0, "deleted": 0.0, "variables": { "x": 1184.0, "flipX": 0.0, "y": 288.0, "flipY": 0.0 }, "object": 517.0 }, { "layer": 0.0, "deleted": 0.0, "variables": { "x": 1184.0, "flipX": 0.0, "y": 256.0, "flipY": 0.0 }, "object": 517.0 }, { "layer": 0.0, "deleted": 0.0, "variables": { "x": 1184.0, "flipX": 0.0, "y": 224.0, "flipY": 0.0 }, "object": 517.0 }, { "layer": 0.0, "deleted": 0.0, "variables": { "x": 1184.0, "flipX": 0.0, "y": 192.0, "flipY": 0.0 }, "object": 517.0 }, { "layer": 0.0, "deleted": 0.0, "variables": { "x": 1184.0, "flipX": 0.0, "y": 160.0, "flipY": 0.0 }, "object": 517.0 }, { "layer": 0.0, "deleted": 0.0, "variables": { "x": 1184.0, "flipX": 0.0, "y": 128.0, "flipY": 0.0 }, "object": 517.0 }, { "layer": 0.0, "deleted": 0.0, "variables": { "x": 1184.0, "flipX": 0.0, "y": 96.0, "flipY": 0.0 }, "object": 517.0 }, { "layer": 0.0, "deleted": 0.0, "variables": { "x": 1184.0, "flipX": 0.0, "y": 64.0, "flipY": 0.0 }, "object": 517.0 }, { "layer": 0.0, "deleted": 0.0, "variables": { "x": 1184.0, "flipX": 0.0, "y": 32.0, "flipY": 0.0 }, "object": 517.0 }, { "layer": 0.0, "deleted": 0.0, "variables": { "x": 1184.0, "flipX": 0.0, "y": 0.0, "flipY": 0.0 }, "object": 517.0 }, { "layer": 0.0, "deleted": 0.0, "variables": { "x": 1152.0, "flipX": 0.0, "y": 0.0, "flipY": 0.0 }, "object": 517.0 }, { "layer": 0.0, "deleted": 0.0, "variables": { "x": 1120.0, "flipX": 0.0, "y": 0.0, "flipY": 0.0 }, "object": 517.0 }, { "layer": 0.0, "deleted": 0.0, "variables": { "x": 1088.0, "flipX": 0.0, "y": 0.0, "flipY": 0.0 }, "object": 517.0 }, { "layer": 0.0, "deleted": 0.0, "variables": { "x": 1056.0, "flipX": 0.0, "y": 0.0, "flipY": 0.0 }, "object": 517.0 }, { "layer": 0.0, "deleted": 0.0, "variables": { "x": 1024.0, "flipX": 0.0, "y": 0.0, "flipY": 0.0 }, "object": 517.0 }, { "layer": 0.0, "deleted": 0.0, "variables": { "x": 992.0, "flipX": 0.0, "y": 0.0, "flipY": 0.0 }, "object": 517.0 }, { "layer": 0.0, "deleted": 0.0, "variables": { "x": 960.0, "flipX": 0.0, "y": 0.0, "flipY": 0.0 }, "object": 517.0 }, { "layer": 0.0, "deleted": 0.0, "variables": { "x": 928.0, "flipX": 0.0, "y": 0.0, "flipY": 0.0 }, "object": 517.0 }, { "layer": 0.0, "deleted": 0.0, "variables": { "x": 896.0, "flipX": 0.0, "y": 0.0, "flipY": 0.0 }, "object": 517.0 }, { "layer": 0.0, "deleted": 0.0, "variables": { "x": 864.0, "flipX": 0.0, "y": 0.0, "flipY": 0.0 }, "object": 517.0 }, { "layer": 0.0, "deleted": 0.0, "variables": { "x": 832.0, "flipX": 0.0, "y": 0.0, "flipY": 0.0 }, "object": 517.0 }, { "layer": 0.0, "deleted": 0.0, "variables": { "x": 800.0, "flipX": 0.0, "y": 0.0, "flipY": 0.0 }, "object": 517.0 }, { "layer": 0.0, "deleted": 0.0, "variables": { "x": 768.0, "flipX": 0.0, "y": 0.0, "flipY": 0.0 }, "object": 517.0 }, { "layer": 0.0, "deleted": 0.0, "variables": { "x": 736.0, "flipX": 0.0, "y": 0.0, "flipY": 0.0 }, "object": 517.0 }, { "layer": 0.0, "deleted": 0.0, "variables": { "x": 704.0, "flipX": 0.0, "y": 0.0, "flipY": 0.0 }, "object": 517.0 }, { "layer": 0.0, "deleted": 0.0, "variables": { "x": 672.0, "flipX": 0.0, "y": 0.0, "flipY": 0.0 }, "object": 517.0 }, { "layer": 0.0, "deleted": 0.0, "variables": { "x": 672.0, "flipX": 0.0, "y": 32.0, "flipY": 0.0 }, "object": 517.0 }, { "layer": 0.0, "deleted": 0.0, "variables": { "x": 672.0, "flipX": 0.0, "y": 64.0, "flipY": 0.0 }, "object": 517.0 }, { "layer": 0.0, "deleted": 0.0, "variables": { "x": 672.0, "flipX": 0.0, "y": 96.0, "flipY": 0.0 }, "object": 517.0 }, { "layer": 0.0, "deleted": 0.0, "variables": { "x": 672.0, "flipX": 0.0, "y": 128.0, "flipY": 0.0 }, "object": 517.0 }, { "layer": 0.0, "deleted": 0.0, "variables": { "x": 672.0, "flipX": 0.0, "y": 160.0, "flipY": 0.0 }, "object": 517.0 }, { "layer": 0.0, "deleted": 0.0, "variables": { "x": 672.0, "flipX": 0.0, "y": 192.0, "flipY": 0.0 }, "object": 517.0 }, { "layer": 0.0, "deleted": 0.0, "variables": { "x": 672.0, "flipX": 0.0, "y": 224.0, "flipY": 0.0 }, "object": 517.0 }, { "layer": 0.0, "deleted": 0.0, "variables": { "x": 640.0, "flipX": 0.0, "y": 224.0, "flipY": 0.0 }, "object": 517.0 }, { "layer": 0.0, "deleted": 0.0, "variables": { "x": 608.0, "flipX": 0.0, "y": 224.0, "flipY": 0.0 }, "object": 517.0 }, { "layer": 0.0, "deleted": 0.0, "variables": { "x": 576.0, "flipX": 0.0, "y": 224.0, "flipY": 0.0 }, "object": 517.0 }, { "layer": 0.0, "deleted": 0.0, "variables": { "x": 576.0, "flipX": 0.0, "y": 192.0, "flipY": 0.0 }, "object": 517.0 }, { "layer": 0.0, "deleted": 0.0, "variables": { "x": 576.0, "flipX": 0.0, "y": 160.0, "flipY": 0.0 }, "object": 517.0 }, { "layer": 0.0, "deleted": 0.0, "variables": { "x": 576.0, "flipX": 0.0, "y": 128.0, "flipY": 0.0 }, "object": 517.0 }, { "layer": 0.0, "deleted": 0.0, "variables": { "x": 576.0, "flipX": 0.0, "y": 96.0, "flipY": 0.0 }, "object": 517.0 }, { "layer": 0.0, "deleted": 0.0, "variables": { "x": 576.0, "flipX": 0.0, "y": 64.0, "flipY": 0.0 }, "object": 517.0 }, { "layer": 0.0, "deleted": 0.0, "variables": { "x": 576.0, "flipX": 0.0, "y": 32.0, "flipY": 0.0 }, "object": 517.0 }, { "layer": 0.0, "deleted": 0.0, "variables": { "x": 576.0, "flipX": 0.0, "y": 0.0, "flipY": 0.0 }, "object": 517.0 }, { "layer": 0.0, "deleted": 0.0, "variables": { "x": 544.0, "flipX": 0.0, "y": 0.0, "flipY": 0.0 }, "object": 517.0 }, { "layer": 0.0, "deleted": 0.0, "variables": { "x": 512.0, "flipX": 0.0, "y": 0.0, "flipY": 0.0 }, "object": 517.0 }, { "layer": 0.0, "deleted": 0.0, "variables": { "x": 480.0, "flipX": 0.0, "y": 0.0, "flipY": 0.0 }, "object": 517.0 }, { "layer": 0.0, "deleted": 0.0, "variables": { "x": 448.0, "flipX": 0.0, "y": 0.0, "flipY": 0.0 }, "object": 517.0 }, { "layer": 0.0, "deleted": 0.0, "variables": { "x": 416.0, "flipX": 0.0, "y": 0.0, "flipY": 0.0 }, "object": 517.0 }, { "layer": 0.0, "deleted": 0.0, "variables": { "x": 384.0, "flipX": 0.0, "y": 0.0, "flipY": 0.0 }, "object": 517.0 }, { "layer": 0.0, "deleted": 0.0, "variables": { "x": 352.0, "flipX": 0.0, "y": 0.0, "flipY": 0.0 }, "object": 517.0 }, { "layer": 0.0, "deleted": 0.0, "variables": { "x": 320.0, "flipX": 0.0, "y": 0.0, "flipY": 0.0 }, "object": 517.0 }, { "layer": 0.0, "deleted": 0.0, "variables": { "x": 288.0, "flipX": 0.0, "y": 0.0, "flipY": 0.0 }, "object": 517.0 }, { "layer": 0.0, "deleted": 0.0, "variables": { "x": 256.0, "flipX": 0.0, "y": 0.0, "flipY": 0.0 }, "object": 517.0 }, { "layer": 0.0, "deleted": 0.0, "variables": { "x": 224.0, "flipX": 0.0, "y": 0.0, "flipY": 0.0 }, "object": 517.0 }, { "layer": 0.0, "deleted": 0.0, "variables": { "x": 192.0, "flipX": 0.0, "y": 0.0, "flipY": 0.0 }, "object": 517.0 }, { "layer": 0.0, "deleted": 0.0, "variables": { "x": 160.0, "flipX": 0.0, "y": 0.0, "flipY": 0.0 }, "object": 517.0 }, { "layer": 0.0, "deleted": 0.0, "variables": { "x": 128.0, "flipX": 0.0, "y": 0.0, "flipY": 0.0 }, "object": 517.0 }, { "layer": 0.0, "deleted": 0.0, "variables": { "x": 96.0, "flipX": 0.0, "y": 0.0, "flipY": 0.0 }, "object": 517.0 }, { "layer": 0.0, "deleted": 0.0, "variables": { "x": 64.0, "flipX": 0.0, "y": 0.0, "flipY": 0.0 }, "object": 517.0 }, { "layer": 0.0, "deleted": 0.0, "variables": { "x": 32.0, "flipX": 0.0, "y": 0.0, "flipY": 0.0 }, "object": 517.0 }, { "layer": 0.0, "deleted": 0.0, "variables": { "x": 160.0, "flipX": 0.0, "y": 448.0, "flipY": 0.0 }, "object": 805.0 }, { "layer": 0.0, "deleted": 0.0, "variables": { "x": 704.0, "flipX": 0.0, "y": 160.0, "flipY": 0.0 }, "object": 746.0 }, { "layer": 0.0, "deleted": 0.0, "variables": { "x": 768.0, "flipX": 0.0, "y": 160.0, "flipY": 0.0 }, "object": 746.0 }, { "layer": 0.0, "deleted": 0.0, "variables": { "x": 832.0, "flipX": 0.0, "y": 160.0, "flipY": 0.0 }, "object": 746.0 }, { "layer": 0.0, "deleted": 0.0, "variables": { "x": 896.0, "flipX": 0.0, "y": 160.0, "flipY": 0.0 }, "object": 746.0 }, { "layer": 0.0, "deleted": 0.0, "variables": { "x": 896.0, "flipX": 0.0, "y": 224.0, "flipY": 0.0 }, "object": 746.0 }, { "layer": 0.0, "deleted": 0.0, "variables": { "x": 896.0, "flipX": 0.0, "y": 288.0, "flipY": 0.0 }, "object": 746.0 }, { "layer": 0.0, "deleted": 0.0, "variables": { "x": 896.0, "flipX": 0.0, "y": 352.0, "flipY": 0.0 }, "object": 746.0 }, { "layer": 0.0, "deleted": 0.0, "variables": { "x": 896.0, "flipX": 0.0, "y": 416.0, "flipY": 0.0 }, "object": 746.0 }, { "layer": 0.0, "deleted": 0.0, "variables": { "x": 1024.0, "flipX": 0.0, "y": 448.0, "flipY": 0.0 }, "object": 806.0 }, { "layer": 0.0, "deleted": 0.0, "variables": { "x": 768.0, "flipX": 0.0, "y": 416.0, "flipY": 0.0 }, "object": 317.0 }, { "layer": 0.0, "deleted": 0.0, "variables": { "x": 768.0, "flipX": 0.0, "y": 416.0, "flipY": 0.0 }, "object": 317.0 } ], "tile_data": { "5": { "-32_256": { "coord": [ 0.0, 0.0 ], "autotile_index": 0.0, "tileset": "spr_warprops", "autotile": 1.0 }, "416_480": { "coord": [ 2.0, 37.0 ], "autotile_index": 0.0, "tileset": "spr_warprops", "autotile": 1.0 }, "1216_480": { "coord": [ 0.0, 0.0 ], "autotile_index": 0.0, "tileset": "spr_warprops", "autotile": 1.0 }, "544_480": { "coord": [ 4.0, 37.0 ], "autotile_index": 0.0, "tileset": "spr_warprops", "autotile": 1.0 }, "320_-32": { "coord": [ 0.0, 0.0 ], "autotile_index": 0.0, "tileset": "spr_warprops", "autotile": 1.0 }, "544_512": { "coord": [ 3.0, 38.0 ], "autotile_index": 0.0, "tileset": "spr_warprops", "autotile": 1.0 }, "640_96": { "coord": [ 4.0, 39.0 ], "autotile_index": 0.0, "tileset": "spr_warprops", "autotile": 1.0 }, "0_320": { "coord": [ 5.0, 38.0 ], "autotile_index": 0.0, "tileset": "spr_warprops", "autotile": 1.0 }, "896_480": { "coord": [ 3.0, 37.0 ], "autotile_index": 0.0, "tileset": "spr_warprops", "autotile": 1.0 }, "1216_448": { "coord": [ 0.0, 0.0 ], "autotile_index": 0.0, "tileset": "spr_warprops", "autotile": 1.0 }, "0_512": { "coord": [ 3.0, 38.0 ], "autotile_index": 0.0, "tileset": "spr_warprops", "autotile": 1.0 }, "1216_224": { "coord": [ 0.0, 0.0 ], "autotile_index": 0.0, "tileset": "spr_warprops", "autotile": 1.0 }, "384_512": { "coord": [ 3.0, 38.0 ], "autotile_index": 0.0, "tileset": "spr_warprops", "autotile": 1.0 }, "96_-32": { "coord": [ 0.0, 0.0 ], "autotile_index": 0.0, "tileset": "spr_warprops", "autotile": 1.0 }, "1184_160": { "coord": [ 1.0, 39.0 ], "autotile_index": 0.0, "tileset": "spr_warprops", "autotile": 1.0 }, "576_480": { "coord": [ 4.0, 37.0 ], "autotile_index": 0.0, "tileset": "spr_warprops", "autotile": 1.0 }, "1216_288": { "coord": [ 0.0, 0.0 ], "autotile_index": 0.0, "tileset": "spr_warprops", "autotile": 1.0 }, "-32_384": { "coord": [ 0.0, 0.0 ], "autotile_index": 0.0, "tileset": "spr_warprops", "autotile": 1.0 }, "-32_64": { "coord": [ 0.0, 0.0 ], "autotile_index": 0.0, "tileset": "spr_warprops", "autotile": 1.0 }, "672_64": { "coord": [ 5.0, 38.0 ], "autotile_index": 0.0, "tileset": "spr_warprops", "autotile": 1.0 }, "768_0": { "coord": [ 2.0, 40.0 ], "autotile_index": 0.0, "tileset": "spr_warprops", "autotile": 1.0 }, "256_512": { "coord": [ 3.0, 38.0 ], "autotile_index": 0.0, "tileset": "spr_warprops", "autotile": 1.0 }, "672_-32": { "coord": [ 0.0, 0.0 ], "autotile_index": 0.0, "tileset": "spr_warprops", "autotile": 1.0 }, "-32_512": { "coord": [ 0.0, 0.0 ], "autotile_index": 0.0, "tileset": "spr_warprops", "autotile": 1.0 }, "256_-32": { "coord": [ 0.0, 0.0 ], "autotile_index": 0.0, "tileset": "spr_warprops", "autotile": 1.0 }, "448_0": { "coord": [ 3.0, 40.0 ], "autotile_index": 0.0, "tileset": "spr_warprops", "autotile": 1.0 }, "1152_-32": { "coord": [ 0.0, 0.0 ], "autotile_index": 0.0, "tileset": "spr_warprops", "autotile": 1.0 }, "1088_512": { "coord": [ 3.0, 38.0 ], "autotile_index": 0.0, "tileset": "spr_warprops", "autotile": 1.0 }, "1120_0": { "coord": [ 2.0, 40.0 ], "autotile_index": 0.0, "tileset": "spr_warprops", "autotile": 1.0 }, "992_512": { "coord": [ 3.0, 38.0 ], "autotile_index": 0.0, "tileset": "spr_warprops", "autotile": 1.0 }, "928_-32": { "coord": [ 0.0, 0.0 ], "autotile_index": 0.0, "tileset": "spr_warprops", "autotile": 1.0 }, "608_512": { "coord": [ 3.0, 38.0 ], "autotile_index": 0.0, "tileset": "spr_warprops", "autotile": 1.0 }, "32_544": { "coord": [ 0.0, 0.0 ], "autotile_index": 0.0, "tileset": "spr_warprops", "autotile": 1.0 }, "448_-32": { "coord": [ 0.0, 0.0 ], "autotile_index": 0.0, "tileset": "spr_warprops", "autotile": 1.0 }, "1216_320": { "coord": [ 0.0, 0.0 ], "autotile_index": 0.0, "tileset": "spr_warprops", "autotile": 1.0 }, "1184_288": { "coord": [ 1.0, 39.0 ], "autotile_index": 0.0, "tileset": "spr_warprops", "autotile": 1.0 }, "704_0": { "coord": [ 4.0, 40.0 ], "autotile_index": 0.0, "tileset": "spr_warprops", "autotile": 1.0 }, "1184_0": { "coord": [ 3.0, 42.0 ], "autotile_index": 0.0, "tileset": "spr_warprops", "autotile": 1.0 }, "864_0": { "coord": [ 4.0, 40.0 ], "autotile_index": 0.0, "tileset": "spr_warprops", "autotile": 1.0 }, "0_544": { "coord": [ 0.0, 0.0 ], "autotile_index": 0.0, "tileset": "spr_warprops", "autotile": 1.0 }, "672_224": { "coord": [ 5.0, 40.0 ], "autotile_index": 0.0, "tileset": "spr_warprops", "autotile": 1.0 }, "256_480": { "coord": [ 3.0, 37.0 ], "autotile_index": 0.0, "tileset": "spr_warprops", "autotile": 1.0 }, "64_512": { "coord": [ 3.0, 38.0 ], "autotile_index": 0.0, "tileset": "spr_warprops", "autotile": 1.0 }, "352_512": { "coord": [ 3.0, 38.0 ], "autotile_index": 0.0, "tileset": "spr_warprops", "autotile": 1.0 }, "576_512": { "coord": [ 3.0, 38.0 ], "autotile_index": 0.0, "tileset": "spr_warprops", "autotile": 1.0 }, "160_-32": { "coord": [ 0.0, 0.0 ], "autotile_index": 0.0, "tileset": "spr_warprops", "autotile": 1.0 }, "768_-32": { "coord": [ 0.0, 0.0 ], "autotile_index": 0.0, "tileset": "spr_warprops", "autotile": 1.0 }, "1184_512": { "coord": [ 3.0, 38.0 ], "autotile_index": 0.0, "tileset": "spr_warprops", "autotile": 1.0 }, "256_0": { "coord": [ 3.0, 40.0 ], "autotile_index": 0.0, "tileset": "spr_warprops", "autotile": 1.0 }, "1024_480": { "coord": [ 3.0, 37.0 ], "autotile_index": 0.0, "tileset": "spr_warprops", "autotile": 1.0 }, "160_0": { "coord": [ 2.0, 40.0 ], "autotile_index": 0.0, "tileset": "spr_warprops", "autotile": 1.0 }, "384_-32": { "coord": [ 0.0, 0.0 ], "autotile_index": 0.0, "tileset": "spr_warprops", "autotile": 1.0 }, "1088_480": { "coord": [ 4.0, 37.0 ], "autotile_index": 0.0, "tileset": "spr_warprops", "autotile": 1.0 }, "576_64": { "coord": [ 1.0, 39.0 ], "autotile_index": 0.0, "tileset": "spr_warprops", "autotile": 1.0 }, "608_128": { "coord": [ 2.0, 39.0 ], "autotile_index": 0.0, "tileset": "spr_warprops", "autotile": 1.0 }, "1216_192": { "coord": [ 0.0, 0.0 ], "autotile_index": 0.0, "tileset": "spr_warprops", "autotile": 1.0 }, "0_416": { "coord": [ 5.0, 38.0 ], "autotile_index": 0.0, "tileset": "spr_warprops", "autotile": 1.0 }, "1248_96": { "coord": [ 0.0, 0.0 ], "autotile_index": 0.0, "tileset": "spr_warprops", "autotile": 1.0 }, "1184_-32": { "coord": [ 0.0, 0.0 ], "autotile_index": 0.0, "tileset": "spr_warprops", "autotile": 1.0 }, "-32_448": { "coord": [ 0.0, 0.0 ], "autotile_index": 0.0, "tileset": "spr_warprops", "autotile": 1.0 }, "896_544": { "coord": [ 0.0, 0.0 ], "autotile_index": 0.0, "tileset": "spr_warprops", "autotile": 1.0 }, "0_64": { "coord": [ 5.0, 38.0 ], "autotile_index": 0.0, "tileset": "spr_warprops", "autotile": 1.0 }, "608_192": { "coord": [ 2.0, 39.0 ], "autotile_index": 0.0, "tileset": "spr_warprops", "autotile": 1.0 }, "64_480": { "coord": [ 4.0, 37.0 ], "autotile_index": 0.0, "tileset": "spr_warprops", "autotile": 1.0 }, "736_480": { "coord": [ 4.0, 37.0 ], "autotile_index": 0.0, "tileset": "spr_warprops", "autotile": 1.0 }, "64_0": { "coord": [ 4.0, 40.0 ], "autotile_index": 0.0, "tileset": "spr_warprops", "autotile": 1.0 }, "416_512": { "coord": [ 3.0, 38.0 ], "autotile_index": 0.0, "tileset": "spr_warprops", "autotile": 1.0 }, "640_512": { "coord": [ 3.0, 38.0 ], "autotile_index": 0.0, "tileset": "spr_warprops", "autotile": 1.0 }, "544_-32": { "coord": [ 0.0, 0.0 ], "autotile_index": 0.0, "tileset": "spr_warprops", "autotile": 1.0 }, "576_-32": { "coord": [ 0.0, 0.0 ], "autotile_index": 0.0, "tileset": "spr_warprops", "autotile": 1.0 }, "1248_64": { "coord": [ 0.0, 0.0 ], "autotile_index": 0.0, "tileset": "spr_warprops", "autotile": 1.0 }, "1088_-32": { "coord": [ 0.0, 0.0 ], "autotile_index": 0.0, "tileset": "spr_warprops", "autotile": 1.0 }, "800_544": { "coord": [ 0.0, 0.0 ], "autotile_index": 0.0, "tileset": "spr_warprops", "autotile": 1.0 }, "512_480": { "coord": [ 3.0, 37.0 ], "autotile_index": 0.0, "tileset": "spr_warprops", "autotile": 1.0 }, "1184_128": { "coord": [ 1.0, 39.0 ], "autotile_index": 0.0, "tileset": "spr_warprops", "autotile": 1.0 }, "-32_480": { "coord": [ 0.0, 0.0 ], "autotile_index": 0.0, "tileset": "spr_warprops", "autotile": 1.0 }, "1184_320": { "coord": [ 1.0, 39.0 ], "autotile_index": 0.0, "tileset": "spr_warprops", "autotile": 1.0 }, "1216_128": { "coord": [ 0.0, 0.0 ], "autotile_index": 0.0, "tileset": "spr_warprops", "autotile": 1.0 }, "704_512": { "coord": [ 3.0, 38.0 ], "autotile_index": 0.0, "tileset": "spr_warprops", "autotile": 1.0 }, "672_160": { "coord": [ 5.0, 38.0 ], "autotile_index": 0.0, "tileset": "spr_warprops", "autotile": 1.0 }, "128_480": { "coord": [ 3.0, 37.0 ], "autotile_index": 0.0, "tileset": "spr_warprops", "autotile": 1.0 }, "352_-32": { "coord": [ 0.0, 0.0 ], "autotile_index": 0.0, "tileset": "spr_warprops", "autotile": 1.0 }, "0_160": { "coord": [ 5.0, 38.0 ], "autotile_index": 0.0, "tileset": "spr_warprops", "autotile": 1.0 }, "992_-32": { "coord": [ 0.0, 0.0 ], "autotile_index": 0.0, "tileset": "spr_warprops", "autotile": 1.0 }, "608_32": { "coord": [ 2.0, 39.0 ], "autotile_index": 0.0, "tileset": "spr_warprops", "autotile": 1.0 }, "128_0": { "coord": [ 3.0, 40.0 ], "autotile_index": 0.0, "tileset": "spr_warprops", "autotile": 1.0 }, "864_480": { "coord": [ 3.0, 37.0 ], "autotile_index": 0.0, "tileset": "spr_warprops", "autotile": 1.0 }, "384_480": { "coord": [ 4.0, 37.0 ], "autotile_index": 0.0, "tileset": "spr_warprops", "autotile": 1.0 }, "672_128": { "coord": [ 5.0, 39.0 ], "autotile_index": 0.0, "tileset": "spr_warprops", "autotile": 1.0 }, "320_512": { "coord": [ 3.0, 38.0 ], "autotile_index": 0.0, "tileset": "spr_warprops", "autotile": 1.0 }, "832_0": { "coord": [ 3.0, 40.0 ], "autotile_index": 0.0, "tileset": "spr_warprops", "autotile": 1.0 }, "0_96": { "coord": [ 5.0, 38.0 ], "autotile_index": 0.0, "tileset": "spr_warprops", "autotile": 1.0 }, "704_-32": { "coord": [ 0.0, 0.0 ], "autotile_index": 0.0, "tileset": "spr_warprops", "autotile": 1.0 }, "1184_192": { "coord": [ 1.0, 39.0 ], "autotile_index": 0.0, "tileset": "spr_warprops", "autotile": 1.0 }, "672_512": { "coord": [ 3.0, 38.0 ], "autotile_index": 0.0, "tileset": "spr_warprops", "autotile": 1.0 }, "640_-32": { "coord": [ 0.0, 0.0 ], "autotile_index": 0.0, "tileset": "spr_warprops", "autotile": 1.0 }, "-32_0": { "coord": [ 0.0, 0.0 ], "autotile_index": 0.0, "tileset": "spr_warprops", "autotile": 1.0 }, "-32_32": { "coord": [ 0.0, 0.0 ], "autotile_index": 0.0, "tileset": "spr_warprops", "autotile": 1.0 }, "576_0": { "coord": [ 3.0, 42.0 ], "autotile_index": 0.0, "tileset": "spr_warprops", "autotile": 1.0 }, "352_480": { "coord": [ 3.0, 37.0 ], "autotile_index": 0.0, "tileset": "spr_warprops", "autotile": 1.0 }, "960_0": { "coord": [ 2.0, 40.0 ], "autotile_index": 0.0, "tileset": "spr_warprops", "autotile": 1.0 }, "672_32": { "coord": [ 5.0, 39.0 ], "autotile_index": 0.0, "tileset": "spr_warprops", "autotile": 1.0 }, "192_-32": { "coord": [ 0.0, 0.0 ], "autotile_index": 0.0, "tileset": "spr_warprops", "autotile": 1.0 }, "832_480": { "coord": [ 3.0, 37.0 ], "autotile_index": 0.0, "tileset": "spr_warprops", "autotile": 1.0 }, "800_512": { "coord": [ 3.0, 38.0 ], "autotile_index": 0.0, "tileset": "spr_warprops", "autotile": 1.0 }, "416_-32": { "coord": [ 0.0, 0.0 ], "autotile_index": 0.0, "tileset": "spr_warprops", "autotile": 1.0 }, "0_352": { "coord": [ 5.0, 38.0 ], "autotile_index": 0.0, "tileset": "spr_warprops", "autotile": 1.0 }, "1152_480": { "coord": [ 3.0, 37.0 ], "autotile_index": 0.0, "tileset": "spr_warprops", "autotile": 1.0 }, "1056_-32": { "coord": [ 0.0, 0.0 ], "autotile_index": 0.0, "tileset": "spr_warprops", "autotile": 1.0 }, "96_0": { "coord": [ 2.0, 40.0 ], "autotile_index": 0.0, "tileset": "spr_warprops", "autotile": 1.0 }, "864_-32": { "coord": [ 0.0, 0.0 ], "autotile_index": 0.0, "tileset": "spr_warprops", "autotile": 1.0 }, "224_480": { "coord": [ 3.0, 37.0 ], "autotile_index": 0.0, "tileset": "spr_warprops", "autotile": 1.0 }, "864_512": { "coord": [ 3.0, 38.0 ], "autotile_index": 0.0, "tileset": "spr_warprops", "autotile": 1.0 }, "832_512": { "coord": [ 3.0, 38.0 ], "autotile_index": 0.0, "tileset": "spr_warprops", "autotile": 1.0 }, "384_0": { "coord": [ 3.0, 40.0 ], "autotile_index": 0.0, "tileset": "spr_warprops", "autotile": 1.0 }, "1216_96": { "coord": [ 0.0, 0.0 ], "autotile_index": 0.0, "tileset": "spr_warprops", "autotile": 1.0 }, "288_0": { "coord": [ 3.0, 40.0 ], "autotile_index": 0.0, "tileset": "spr_warprops", "autotile": 1.0 }, "1216_64": { "coord": [ 0.0, 0.0 ], "autotile_index": 0.0, "tileset": "spr_warprops", "autotile": 1.0 }, "-32_352": { "coord": [ 0.0, 0.0 ], "autotile_index": 0.0, "tileset": "spr_warprops", "autotile": 1.0 }, "1024_0": { "coord": [ 3.0, 40.0 ], "autotile_index": 0.0, "tileset": "spr_warprops", "autotile": 1.0 }, "1184_384": { "coord": [ 1.0, 39.0 ], "autotile_index": 0.0, "tileset": "spr_warprops", "autotile": 1.0 }, "608_64": { "coord": [ 2.0, 39.0 ], "autotile_index": 0.0, "tileset": "spr_warprops", "autotile": 1.0 }, "448_480": { "coord": [ 2.0, 37.0 ], "autotile_index": 0.0, "tileset": "spr_warprops", "autotile": 1.0 }, "1216_160": { "coord": [ 0.0, 0.0 ], "autotile_index": 0.0, "tileset": "spr_warprops", "autotile": 1.0 }, "0_288": { "coord": [ 5.0, 38.0 ], "autotile_index": 0.0, "tileset": "spr_warprops", "autotile": 1.0 }, "736_-32": { "coord": [ 0.0, 0.0 ], "autotile_index": 0.0, "tileset": "spr_warprops", "autotile": 1.0 }, "800_480": { "coord": [ 3.0, 37.0 ], "autotile_index": 0.0, "tileset": "spr_warprops", "autotile": 1.0 }, "96_480": { "coord": [ 2.0, 37.0 ], "autotile_index": 0.0, "tileset": "spr_warprops", "autotile": 1.0 }, "640_128": { "coord": [ 4.0, 39.0 ], "autotile_index": 0.0, "tileset": "spr_warprops", "autotile": 1.0 }, "288_512": { "coord": [ 3.0, 38.0 ], "autotile_index": 0.0, "tileset": "spr_warprops", "autotile": 1.0 }, "1152_0": { "coord": [ 3.0, 40.0 ], "autotile_index": 0.0, "tileset": "spr_warprops", "autotile": 1.0 }, "800_-32": { "coord": [ 0.0, 0.0 ], "autotile_index": 0.0, "tileset": "spr_warprops", "autotile": 1.0 }, "224_512": { "coord": [ 3.0, 38.0 ], "autotile_index": 0.0, "tileset": "spr_warprops", "autotile": 1.0 }, "96_512": { "coord": [ 3.0, 38.0 ], "autotile_index": 0.0, "tileset": "spr_warprops", "autotile": 1.0 }, "1248_128": { "coord": [ 0.0, 0.0 ], "autotile_index": 0.0, "tileset": "spr_warprops", "autotile": 1.0 }, "640_0": { "coord": [ 4.0, 39.0 ], "autotile_index": 0.0, "tileset": "spr_warprops", "autotile": 1.0 }, "0_256": { "coord": [ 5.0, 38.0 ], "autotile_index": 0.0, "tileset": "spr_warprops", "autotile": 1.0 }, "832_544": { "coord": [ 0.0, 0.0 ], "autotile_index": 0.0, "tileset": "spr_warprops", "autotile": 1.0 }, "224_0": { "coord": [ 4.0, 40.0 ], "autotile_index": 0.0, "tileset": "spr_warprops", "autotile": 1.0 }, "864_544": { "coord": [ 0.0, 0.0 ], "autotile_index": 0.0, "tileset": "spr_warprops", "autotile": 1.0 }, "288_-32": { "coord": [ 0.0, 0.0 ], "autotile_index": 0.0, "tileset": "spr_warprops", "autotile": 1.0 }, "1216_256": { "coord": [ 0.0, 0.0 ], "autotile_index": 0.0, "tileset": "spr_warprops", "autotile": 1.0 }, "608_480": { "coord": [ 2.0, 37.0 ], "autotile_index": 0.0, "tileset": "spr_warprops", "autotile": 1.0 }, "672_0": { "coord": [ 0.0, 42.0 ], "autotile_index": 0.0, "tileset": "spr_warprops", "autotile": 1.0 }, "288_480": { "coord": [ 2.0, 37.0 ], "autotile_index": 0.0, "tileset": "spr_warprops", "autotile": 1.0 }, "640_192": { "coord": [ 4.0, 39.0 ], "autotile_index": 0.0, "tileset": "spr_warprops", "autotile": 1.0 }, "0_384": { "coord": [ 5.0, 38.0 ], "autotile_index": 0.0, "tileset": "spr_warprops", "autotile": 1.0 }, "1120_-32": { "coord": [ 0.0, 0.0 ], "autotile_index": 0.0, "tileset": "spr_warprops", "autotile": 1.0 }, "0_128": { "coord": [ 5.0, 38.0 ], "autotile_index": 0.0, "tileset": "spr_warprops", "autotile": 1.0 }, "1088_0": { "coord": [ 2.0, 40.0 ], "autotile_index": 0.0, "tileset": "spr_warprops", "autotile": 1.0 }, "960_-32": { "coord": [ 0.0, 0.0 ], "autotile_index": 0.0, "tileset": "spr_warprops", "autotile": 1.0 }, "640_480": { "coord": [ 2.0, 37.0 ], "autotile_index": 0.0, "tileset": "spr_warprops", "autotile": 1.0 }, "992_480": { "coord": [ 3.0, 37.0 ], "autotile_index": 0.0, "tileset": "spr_warprops", "autotile": 1.0 }, "512_-32": { "coord": [ 0.0, 0.0 ], "autotile_index": 0.0, "tileset": "spr_warprops", "autotile": 1.0 }, "640_224": { "coord": [ 4.0, 40.0 ], "autotile_index": 0.0, "tileset": "spr_warprops", "autotile": 1.0 }, "1216_352": { "coord": [ 0.0, 0.0 ], "autotile_index": 0.0, "tileset": "spr_warprops", "autotile": 1.0 }, "32_-32": { "coord": [ 0.0, 0.0 ], "autotile_index": 0.0, "tileset": "spr_warprops", "autotile": 1.0 }, "896_-32": { "coord": [ 0.0, 0.0 ], "autotile_index": 0.0, "tileset": "spr_warprops", "autotile": 1.0 }, "576_160": { "coord": [ 1.0, 39.0 ], "autotile_index": 0.0, "tileset": "spr_warprops", "autotile": 1.0 }, "1056_480": { "coord": [ 4.0, 37.0 ], "autotile_index": 0.0, "tileset": "spr_warprops", "autotile": 1.0 }, "832_-32": { "coord": [ 0.0, 0.0 ], "autotile_index": 0.0, "tileset": "spr_warprops", "autotile": 1.0 }, "896_0": { "coord": [ 4.0, 40.0 ], "autotile_index": 0.0, "tileset": "spr_warprops", "autotile": 1.0 }, "1184_480": { "coord": [ 3.0, 45.0 ], "autotile_index": 0.0, "tileset": "spr_warprops", "autotile": 1.0 }, "1184_256": { "coord": [ 1.0, 38.0 ], "autotile_index": 0.0, "tileset": "spr_warprops", "autotile": 1.0 }, "192_0": { "coord": [ 2.0, 40.0 ], "autotile_index": 0.0, "tileset": "spr_warprops", "autotile": 1.0 }, "-32_96": { "coord": [ 0.0, 0.0 ], "autotile_index": 0.0, "tileset": "spr_warprops", "autotile": 1.0 }, "672_96": { "coord": [ 5.0, 39.0 ], "autotile_index": 0.0, "tileset": "spr_warprops", "autotile": 1.0 }, "224_-32": { "coord": [ 0.0, 0.0 ], "autotile_index": 0.0, "tileset": "spr_warprops", "autotile": 1.0 }, "768_512": { "coord": [ 3.0, 38.0 ], "autotile_index": 0.0, "tileset": "spr_warprops", "autotile": 1.0 }, "608_160": { "coord": [ 2.0, 39.0 ], "autotile_index": 0.0, "tileset": "spr_warprops", "autotile": 1.0 }, "608_0": { "coord": [ 2.0, 39.0 ], "autotile_index": 0.0, "tileset": "spr_warprops", "autotile": 1.0 }, "512_512": { "coord": [ 3.0, 38.0 ], "autotile_index": 0.0, "tileset": "spr_warprops", "autotile": 1.0 }, "0_480": { "coord": [ 0.0, 45.0 ], "autotile_index": 0.0, "tileset": "spr_warprops", "autotile": 1.0 }, "928_480": { "coord": [ 3.0, 37.0 ], "autotile_index": 0.0, "tileset": "spr_warprops", "autotile": 1.0 }, "320_0": { "coord": [ 2.0, 40.0 ], "autotile_index": 0.0, "tileset": "spr_warprops", "autotile": 1.0 }, "-32_320": { "coord": [ 0.0, 0.0 ], "autotile_index": 0.0, "tileset": "spr_warprops", "autotile": 1.0 }, "1216_32": { "coord": [ 0.0, 0.0 ], "autotile_index": 0.0, "tileset": "spr_warprops", "autotile": 1.0 }, "1184_96": { "coord": [ 1.0, 38.0 ], "autotile_index": 0.0, "tileset": "spr_warprops", "autotile": 1.0 }, "1024_512": { "coord": [ 3.0, 38.0 ], "autotile_index": 0.0, "tileset": "spr_warprops", "autotile": 1.0 }, "1216_384": { "coord": [ 0.0, 0.0 ], "autotile_index": 0.0, "tileset": "spr_warprops", "autotile": 1.0 }, "-32_288": { "coord": [ 0.0, 0.0 ], "autotile_index": 0.0, "tileset": "spr_warprops", "autotile": 1.0 }, "1216_-32": { "coord": [ 0.0, 0.0 ], "autotile_index": 0.0, "tileset": "spr_warprops", "autotile": 1.0 }, "1024_-32": { "coord": [ 0.0, 0.0 ], "autotile_index": 0.0, "tileset": "spr_warprops", "autotile": 1.0 }, "640_32": { "coord": [ 4.0, 39.0 ], "autotile_index": 0.0, "tileset": "spr_warprops", "autotile": 1.0 }, "32_480": { "coord": [ 2.0, 37.0 ], "autotile_index": 0.0, "tileset": "spr_warprops", "autotile": 1.0 }, "352_0": { "coord": [ 3.0, 40.0 ], "autotile_index": 0.0, "tileset": "spr_warprops", "autotile": 1.0 }, "160_480": { "coord": [ 2.0, 37.0 ], "autotile_index": 0.0, "tileset": "spr_warprops", "autotile": 1.0 }, "960_512": { "coord": [ 3.0, 38.0 ], "autotile_index": 0.0, "tileset": "spr_warprops", "autotile": 1.0 }, "-32_128": { "coord": [ 0.0, 0.0 ], "autotile_index": 0.0, "tileset": "spr_warprops", "autotile": 1.0 }, "576_96": { "coord": [ 1.0, 39.0 ], "autotile_index": 0.0, "tileset": "spr_warprops", "autotile": 1.0 }, "736_512": { "coord": [ 3.0, 38.0 ], "autotile_index": 0.0, "tileset": "spr_warprops", "autotile": 1.0 }, "1184_64": { "coord": [ 1.0, 39.0 ], "autotile_index": 0.0, "tileset": "spr_warprops", "autotile": 1.0 }, "1184_416": { "coord": [ 1.0, 39.0 ], "autotile_index": 0.0, "tileset": "spr_warprops", "autotile": 1.0 }, "1056_512": { "coord": [ 3.0, 38.0 ], "autotile_index": 0.0, "tileset": "spr_warprops", "autotile": 1.0 }, "1184_224": { "coord": [ 1.0, 39.0 ], "autotile_index": 0.0, "tileset": "spr_warprops", "autotile": 1.0 }, "960_480": { "coord": [ 3.0, 37.0 ], "autotile_index": 0.0, "tileset": "spr_warprops", "autotile": 1.0 }, "928_544": { "coord": [ 0.0, 0.0 ], "autotile_index": 0.0, "tileset": "spr_warprops", "autotile": 1.0 }, "608_96": { "coord": [ 2.0, 39.0 ], "autotile_index": 0.0, "tileset": "spr_warprops", "autotile": 1.0 }, "0_448": { "coord": [ 5.0, 38.0 ], "autotile_index": 0.0, "tileset": "spr_warprops", "autotile": 1.0 }, "512_0": { "coord": [ 3.0, 40.0 ], "autotile_index": 0.0, "tileset": "spr_warprops", "autotile": 1.0 }, "0_32": { "coord": [ 5.0, 39.0 ], "autotile_index": 0.0, "tileset": "spr_warprops", "autotile": 1.0 }, "672_480": { "coord": [ 4.0, 37.0 ], "autotile_index": 0.0, "tileset": "spr_warprops", "autotile": 1.0 }, "0_224": { "coord": [ 5.0, 38.0 ], "autotile_index": 0.0, "tileset": "spr_warprops", "autotile": 1.0 }, "128_-32": { "coord": [ 0.0, 0.0 ], "autotile_index": 0.0, "tileset": "spr_warprops", "autotile": 1.0 }, "1120_480": { "coord": [ 2.0, 37.0 ], "autotile_index": 0.0, "tileset": "spr_warprops", "autotile": 1.0 }, "576_32": { "coord": [ 1.0, 39.0 ], "autotile_index": 0.0, "tileset": "spr_warprops", "autotile": 1.0 }, "160_512": { "coord": [ 3.0, 38.0 ], "autotile_index": 0.0, "tileset": "spr_warprops", "autotile": 1.0 }, "1056_0": { "coord": [ 4.0, 40.0 ], "autotile_index": 0.0, "tileset": "spr_warprops", "autotile": 1.0 }, "896_512": { "coord": [ 3.0, 38.0 ], "autotile_index": 0.0, "tileset": "spr_warprops", "autotile": 1.0 }, "416_0": { "coord": [ 3.0, 40.0 ], "autotile_index": 0.0, "tileset": "spr_warprops", "autotile": 1.0 }, "576_192": { "coord": [ 1.0, 39.0 ], "autotile_index": 0.0, "tileset": "spr_warprops", "autotile": 1.0 }, "1152_512": { "coord": [ 3.0, 38.0 ], "autotile_index": 0.0, "tileset": "spr_warprops", "autotile": 1.0 }, "768_480": { "coord": [ 3.0, 37.0 ], "autotile_index": 0.0, "tileset": "spr_warprops", "autotile": 1.0 }, "1248_32": { "coord": [ 0.0, 0.0 ], "autotile_index": 0.0, "tileset": "spr_warprops", "autotile": 1.0 }, "800_0": { "coord": [ 4.0, 40.0 ], "autotile_index": 0.0, "tileset": "spr_warprops", "autotile": 1.0 }, "-32_416": { "coord": [ 0.0, 0.0 ], "autotile_index": 0.0, "tileset": "spr_warprops", "autotile": 1.0 }, "1184_32": { "coord": [ 1.0, 39.0 ], "autotile_index": 0.0, "tileset": "spr_warprops", "autotile": 1.0 }, "608_-32": { "coord": [ 0.0, 0.0 ], "autotile_index": 0.0, "tileset": "spr_warprops", "autotile": 1.0 }, "0_192": { "coord": [ 5.0, 38.0 ], "autotile_index": 0.0, "tileset": "spr_warprops", "autotile": 1.0 }, "64_-32": { "coord": [ 0.0, 0.0 ], "autotile_index": 0.0, "tileset": "spr_warprops", "autotile": 1.0 }, "192_480": { "coord": [ 3.0, 37.0 ], "autotile_index": 0.0, "tileset": "spr_warprops", "autotile": 1.0 }, "480_480": { "coord": [ 3.0, 37.0 ], "autotile_index": 0.0, "tileset": "spr_warprops", "autotile": 1.0 }, "32_0": { "coord": [ 2.0, 40.0 ], "autotile_index": 0.0, "tileset": "spr_warprops", "autotile": 1.0 }, "1216_416": { "coord": [ 0.0, 0.0 ], "autotile_index": 0.0, "tileset": "spr_warprops", "autotile": 1.0 }, "928_512": { "coord": [ 3.0, 38.0 ], "autotile_index": 0.0, "tileset": "spr_warprops", "autotile": 1.0 }, "1184_448": { "coord": [ 1.0, 39.0 ], "autotile_index": 0.0, "tileset": "spr_warprops", "autotile": 1.0 }, "480_-32": { "coord": [ 0.0, 0.0 ], "autotile_index": 0.0, "tileset": "spr_warprops", "autotile": 1.0 }, "448_512": { "coord": [ 3.0, 38.0 ], "autotile_index": 0.0, "tileset": "spr_warprops", "autotile": 1.0 }, "128_512": { "coord": [ 3.0, 38.0 ], "autotile_index": 0.0, "tileset": "spr_warprops", "autotile": 1.0 }, "928_0": { "coord": [ 2.0, 40.0 ], "autotile_index": 0.0, "tileset": "spr_warprops", "autotile": 1.0 }, "704_480": { "coord": [ 4.0, 37.0 ], "autotile_index": 0.0, "tileset": "spr_warprops", "autotile": 1.0 }, "-32_192": { "coord": [ 0.0, 0.0 ], "autotile_index": 0.0, "tileset": "spr_warprops", "autotile": 1.0 }, "1216_0": { "coord": [ 0.0, 0.0 ], "autotile_index": 0.0, "tileset": "spr_warprops", "autotile": 1.0 }, "-32_224": { "coord": [ 0.0, 0.0 ], "autotile_index": 0.0, "tileset": "spr_warprops", "autotile": 1.0 }, "992_0": { "coord": [ 2.0, 40.0 ], "autotile_index": 0.0, "tileset": "spr_warprops", "autotile": 1.0 }, "192_512": { "coord": [ 3.0, 38.0 ], "autotile_index": 0.0, "tileset": "spr_warprops", "autotile": 1.0 }, "1184_352": { "coord": [ 1.0, 39.0 ], "autotile_index": 0.0, "tileset": "spr_warprops", "autotile": 1.0 }, "640_160": { "coord": [ 4.0, 39.0 ], "autotile_index": 0.0, "tileset": "spr_warprops", "autotile": 1.0 }, "1120_512": { "coord": [ 3.0, 38.0 ], "autotile_index": 0.0, "tileset": "spr_warprops", "autotile": 1.0 }, "736_0": { "coord": [ 2.0, 40.0 ], "autotile_index": 0.0, "tileset": "spr_warprops", "autotile": 1.0 }, "640_64": { "coord": [ 4.0, 39.0 ], "autotile_index": 0.0, "tileset": "spr_warprops", "autotile": 1.0 }, "0_0": { "coord": [ 0.0, 42.0 ], "autotile_index": 0.0, "tileset": "spr_warprops", "autotile": 1.0 }, "32_512": { "coord": [ 3.0, 38.0 ], "autotile_index": 0.0, "tileset": "spr_warprops", "autotile": 1.0 }, "608_224": { "coord": [ 2.0, 40.0 ], "autotile_index": 0.0, "tileset": "spr_warprops", "autotile": 1.0 }, "320_480": { "coord": [ 4.0, 37.0 ], "autotile_index": 0.0, "tileset": "spr_warprops", "autotile": 1.0 }, "672_192": { "coord": [ 5.0, 38.0 ], "autotile_index": 0.0, "tileset": "spr_warprops", "autotile": 1.0 }, "544_0": { "coord": [ 4.0, 40.0 ], "autotile_index": 0.0, "tileset": "spr_warprops", "autotile": 1.0 }, "480_0": { "coord": [ 2.0, 40.0 ], "autotile_index": 0.0, "tileset": "spr_warprops", "autotile": 1.0 }, "1248_160": { "coord": [ 0.0, 0.0 ], "autotile_index": 0.0, "tileset": "spr_warprops", "autotile": 1.0 }, "480_512": { "coord": [ 3.0, 38.0 ], "autotile_index": 0.0, "tileset": "spr_warprops", "autotile": 1.0 }, "-32_160": { "coord": [ 0.0, 0.0 ], "autotile_index": 0.0, "tileset": "spr_warprops", "autotile": 1.0 }, "576_128": { "coord": [ 1.0, 39.0 ], "autotile_index": 0.0, "tileset": "spr_warprops", "autotile": 1.0 }, "576_224": { "coord": [ 1.0, 40.0 ], "autotile_index": 0.0, "tileset": "spr_warprops", "autotile": 1.0 } } }, "backgrounds": { "5": { "x": 11.0, "scroll_x": 0.75, "tile_y": 1.0, "hspeed": 0.0, "scroll_y": 0.75, "panic_sprite": -1.0, "y": 6.0, "sprite": "bg_warterrain", "tile_x": 1.0, "vspeed": 0.0, "image_speed": 15.0 }, "6": { "x": 0.0, "scroll_x": 0.010000000000000000208166817117217, "tile_y": 1.0, "hspeed": 0.0, "scroll_y": 0.010000000000000000208166817117217, "panic_sprite": -1.0, "y": 0.0, "sprite": "bg_war1", "tile_x": 1.0, "vspeed": 0.0, "image_speed": 15.0 } }, "properties": { "song": "", "roomX": 0.0, "levelWidth": 1216.0, "roomY": 0.0, "levelHeight": 540.0, "songTransitionTime": 100.0 } }