{ "editorVersion": 5.0, "instances": [ { "layer": 0.0, "deleted": 0.0, "variables": { "x": 320.0, "flipX": 0.0, "y": 416.0, "flipY": 0.0 }, "object": 517.0 }, { "layer": 0.0, "deleted": 1.0, "variables": { "x": 352.0, "flipX": 0.0, "y": 288.0, "flipY": 0.0 }, "object": 770.0 }, { "layer": 0.0, "deleted": 0.0, "variables": { "x": 32.0, "flipX": 0.0, "y": 0.0, "flipY": 0.0 }, "object": 517.0 }, { "layer": 0.0, "deleted": 0.0, "variables": { "x": 32.0, "flipX": 0.0, "y": 32.0, "flipY": 0.0 }, "object": 517.0 }, { "layer": 0.0, "deleted": 0.0, "variables": { "x": 32.0, "flipX": 0.0, "y": 64.0, "flipY": 0.0 }, "object": 517.0 }, { "layer": 0.0, "deleted": 0.0, "variables": { "x": 32.0, "flipX": 0.0, "y": 96.0, "flipY": 0.0 }, "object": 517.0 }, { "layer": 0.0, "deleted": 0.0, "variables": { "x": 32.0, "flipX": 0.0, "y": 128.0, "flipY": 0.0 }, "object": 517.0 }, { "layer": 0.0, "deleted": 0.0, "variables": { "x": 32.0, "flipX": 0.0, "y": 160.0, "flipY": 0.0 }, "object": 517.0 }, { "layer": 0.0, "deleted": 0.0, "variables": { "x": 32.0, "flipX": 0.0, "y": 192.0, "flipY": 0.0 }, "object": 517.0 }, { "layer": 0.0, "deleted": 0.0, "variables": { "x": 32.0, "flipX": 0.0, "y": 224.0, "flipY": 0.0 }, "object": 517.0 }, { "layer": 0.0, "deleted": 0.0, "variables": { "x": 32.0, "flipX": 0.0, "y": 256.0, "flipY": 0.0 }, "object": 517.0 }, { "layer": 0.0, "deleted": 0.0, "variables": { "x": 32.0, "flipX": 0.0, "y": 288.0, "flipY": 0.0 }, "object": 517.0 }, { "layer": 0.0, "deleted": 0.0, "variables": { "x": 32.0, "flipX": 0.0, "y": 320.0, "flipY": 0.0 }, "object": 517.0 }, { "layer": 0.0, "deleted": 0.0, "variables": { "x": 32.0, "flipX": 0.0, "y": 352.0, "flipY": 0.0 }, "object": 517.0 }, { "layer": 0.0, "deleted": 0.0, "variables": { "x": 32.0, "flipX": 0.0, "y": 384.0, "flipY": 0.0 }, "object": 517.0 }, { "layer": 0.0, "deleted": 0.0, "variables": { "x": 32.0, "flipX": 0.0, "y": 416.0, "flipY": 0.0 }, "object": 517.0 }, { "layer": 0.0, "deleted": 0.0, "variables": { "x": 64.0, "flipX": 0.0, "y": 416.0, "flipY": 0.0 }, "object": 517.0 }, { "layer": 0.0, "deleted": 0.0, "variables": { "x": 96.0, "flipX": 0.0, "y": 416.0, "flipY": 0.0 }, "object": 517.0 }, { "layer": 0.0, "deleted": 0.0, "variables": { "x": 128.0, "flipX": 0.0, "y": 416.0, "flipY": 0.0 }, "object": 517.0 }, { "layer": 0.0, "deleted": 0.0, "variables": { "x": 160.0, "flipX": 0.0, "y": 416.0, "flipY": 0.0 }, "object": 517.0 }, { "layer": 0.0, "deleted": 0.0, "variables": { "x": 192.0, "flipX": 0.0, "y": 416.0, "flipY": 0.0 }, "object": 517.0 }, { "layer": 0.0, "deleted": 0.0, "variables": { "x": 224.0, "flipX": 0.0, "y": 416.0, "flipY": 0.0 }, "object": 517.0 }, { "layer": 0.0, "deleted": 0.0, "variables": { "x": 256.0, "flipX": 0.0, "y": 416.0, "flipY": 0.0 }, "object": 517.0 }, { "layer": 0.0, "deleted": 0.0, "variables": { "x": 288.0, "flipX": 0.0, "y": 416.0, "flipY": 0.0 }, "object": 517.0 }, { "layer": 0.0, "deleted": 0.0, "variables": { "x": 800.0, "flipX": 0.0, "y": 352.0, "flipY": 0.0 }, "object": 752.0 }, { "layer": 0.0, "deleted": 0.0, "variables": { "x": 352.0, "flipX": 0.0, "y": 416.0, "flipY": 0.0 }, "object": 517.0 }, { "layer": 0.0, "deleted": 0.0, "variables": { "x": 384.0, "flipX": 0.0, "y": 416.0, "flipY": 0.0 }, "object": 517.0 }, { "layer": 0.0, "deleted": 0.0, "variables": { "x": 416.0, "flipX": 0.0, "y": 416.0, "flipY": 0.0 }, "object": 517.0 }, { "layer": 0.0, "deleted": 0.0, "variables": { "x": 448.0, "flipX": 0.0, "y": 416.0, "flipY": 0.0 }, "object": 517.0 }, { "layer": 0.0, "deleted": 0.0, "variables": { "x": 480.0, "flipX": 0.0, "y": 416.0, "flipY": 0.0 }, "object": 517.0 }, { "layer": 0.0, "deleted": 0.0, "variables": { "x": 512.0, "flipX": 0.0, "y": 416.0, "flipY": 0.0 }, "object": 517.0 }, { "layer": 0.0, "deleted": 0.0, "variables": { "x": 544.0, "flipX": 0.0, "y": 416.0, "flipY": 0.0 }, "object": 517.0 }, { "layer": 0.0, "deleted": 0.0, "variables": { "x": 576.0, "flipX": 0.0, "y": 416.0, "flipY": 0.0 }, "object": 517.0 }, { "layer": 0.0, "deleted": 0.0, "variables": { "x": 608.0, "flipX": 0.0, "y": 416.0, "flipY": 0.0 }, "object": 517.0 }, { "layer": 0.0, "deleted": 0.0, "variables": { "x": 640.0, "y": 416.0, "image_xscale": 1.0, "image_yscale": 1.0, "flipX": 0.0, "flipY": 0.0 }, "object": 517.0 }, { "layer": 0.0, "deleted": 0.0, "variables": { "x": 672.0, "flipX": 0.0, "y": 416.0, "flipY": 0.0 }, "object": 517.0 }, { "layer": 0.0, "deleted": 0.0, "variables": { "x": 704.0, "flipX": 0.0, "y": 416.0, "flipY": 0.0 }, "object": 517.0 }, { "layer": 0.0, "deleted": 0.0, "variables": { "x": 736.0, "flipX": 0.0, "y": 416.0, "flipY": 0.0 }, "object": 517.0 }, { "layer": 0.0, "deleted": 0.0, "variables": { "x": 768.0, "flipX": 0.0, "y": 416.0, "flipY": 0.0 }, "object": 517.0 }, { "layer": 0.0, "deleted": 0.0, "variables": { "x": 800.0, "flipX": 0.0, "y": 416.0, "flipY": 0.0 }, "object": 517.0 }, { "layer": 0.0, "deleted": 0.0, "variables": { "x": 832.0, "flipX": 0.0, "y": 416.0, "flipY": 0.0 }, "object": 517.0 }, { "layer": 0.0, "deleted": 0.0, "variables": { "x": 864.0, "flipX": 0.0, "y": 416.0, "flipY": 0.0 }, "object": 517.0 }, { "layer": 0.0, "deleted": 0.0, "variables": { "x": 896.0, "flipX": 0.0, "y": 416.0, "flipY": 0.0 }, "object": 517.0 }, { "layer": 0.0, "deleted": 0.0, "variables": { "x": 928.0, "flipX": 0.0, "y": 416.0, "flipY": 0.0 }, "object": 517.0 }, { "layer": 0.0, "deleted": 0.0, "variables": { "x": 960.0, "flipX": 0.0, "y": 416.0, "flipY": 0.0 }, "object": 517.0 }, { "layer": 0.0, "deleted": 0.0, "variables": { "x": 992.0, "flipX": 0.0, "y": 416.0, "flipY": 0.0 }, "object": 517.0 }, { "layer": 0.0, "deleted": 0.0, "variables": { "x": 1024.0, "flipX": 0.0, "y": 416.0, "flipY": 0.0 }, "object": 517.0 }, { "layer": 0.0, "deleted": 0.0, "variables": { "x": 1056.0, "flipX": 0.0, "y": 416.0, "flipY": 0.0 }, "object": 517.0 }, { "layer": 0.0, "deleted": 0.0, "variables": { "x": 1088.0, "flipX": 0.0, "y": 416.0, "flipY": 0.0 }, "object": 517.0 }, { "layer": 0.0, "deleted": 0.0, "variables": { "x": 1120.0, "flipX": 0.0, "y": 416.0, "flipY": 0.0 }, "object": 517.0 }, { "layer": 0.0, "deleted": 0.0, "variables": { "x": 1152.0, "flipX": 0.0, "y": 416.0, "flipY": 0.0 }, "object": 517.0 }, { "layer": 0.0, "deleted": 0.0, "variables": { "x": 1184.0, "flipX": 0.0, "y": 416.0, "flipY": 0.0 }, "object": 517.0 }, { "layer": 0.0, "deleted": 0.0, "variables": { "x": 1216.0, "flipX": 0.0, "y": 416.0, "flipY": 0.0 }, "object": 517.0 }, { "layer": 0.0, "deleted": 0.0, "variables": { "x": 1248.0, "flipX": 0.0, "y": 416.0, "flipY": 0.0 }, "object": 517.0 }, { "layer": 0.0, "deleted": 0.0, "variables": { "x": 1280.0, "flipX": 0.0, "y": 416.0, "flipY": 0.0 }, "object": 517.0 }, { "layer": 0.0, "deleted": 0.0, "variables": { "x": 1312.0, "flipX": 0.0, "y": 416.0, "flipY": 0.0 }, "object": 517.0 }, { "layer": 0.0, "deleted": 0.0, "variables": { "x": 1344.0, "flipX": 0.0, "y": 416.0, "flipY": 0.0 }, "object": 517.0 }, { "layer": 0.0, "deleted": 0.0, "variables": { "x": 1376.0, "flipX": 0.0, "y": 416.0, "flipY": 0.0 }, "object": 517.0 }, { "layer": 0.0, "deleted": 0.0, "variables": { "x": 1408.0, "flipX": 0.0, "y": 416.0, "flipY": 0.0 }, "object": 517.0 }, { "layer": 0.0, "deleted": 0.0, "variables": { "x": 1376.0, "y": 224.0, "targetRoom": "1", "image_xscale": 2.0, "image_yscale": 3.0, "flipX": 0.0, "flipY": 0.0, "targetDoor": "B" }, "object": 801.0 }, { "layer": 0.0, "deleted": 0.0, "variables": { "x": 1280.0, "flipX": 0.0, "y": 224.0, "flipY": 0.0 }, "object": 517.0 }, { "layer": 0.0, "deleted": 0.0, "variables": { "x": 1280.0, "flipX": 0.0, "y": 192.0, "flipY": 0.0 }, "object": 517.0 }, { "layer": 0.0, "deleted": 0.0, "variables": { "x": 1280.0, "flipX": 0.0, "y": 160.0, "flipY": 0.0 }, "object": 517.0 }, { "layer": 0.0, "deleted": 0.0, "variables": { "x": 1280.0, "flipX": 0.0, "y": 128.0, "flipY": 0.0 }, "object": 517.0 }, { "layer": 0.0, "deleted": 0.0, "variables": { "x": 1280.0, "flipX": 0.0, "y": 96.0, "flipY": 0.0 }, "object": 517.0 }, { "layer": 0.0, "deleted": 0.0, "variables": { "x": 1280.0, "flipX": 0.0, "y": 64.0, "flipY": 0.0 }, "object": 517.0 }, { "layer": 0.0, "deleted": 0.0, "variables": { "x": 1280.0, "flipX": 0.0, "y": 32.0, "flipY": 0.0 }, "object": 517.0 }, { "layer": 0.0, "deleted": 0.0, "variables": { "x": 1280.0, "flipX": 0.0, "y": 0.0, "flipY": 0.0 }, "object": 517.0 }, { "layer": 0.0, "deleted": 0.0, "variables": { "x": 1248.0, "flipX": 0.0, "y": 0.0, "flipY": 0.0 }, "object": 517.0 }, { "layer": 0.0, "deleted": 0.0, "variables": { "x": 1216.0, "flipX": 0.0, "y": 0.0, "flipY": 0.0 }, "object": 517.0 }, { "layer": 0.0, "deleted": 0.0, "variables": { "x": 1184.0, "flipX": 0.0, "y": 0.0, "flipY": 0.0 }, "object": 517.0 }, { "layer": 0.0, "deleted": 0.0, "variables": { "x": 1152.0, "flipX": 0.0, "y": 0.0, "flipY": 0.0 }, "object": 517.0 }, { "layer": 0.0, "deleted": 0.0, "variables": { "x": 1120.0, "flipX": 0.0, "y": 0.0, "flipY": 0.0 }, "object": 517.0 }, { "layer": 0.0, "deleted": 0.0, "variables": { "x": 1088.0, "flipX": 0.0, "y": 0.0, "flipY": 0.0 }, "object": 517.0 }, { "layer": 0.0, "deleted": 0.0, "variables": { "x": 1056.0, "flipX": 0.0, "y": -32.0, "flipY": 0.0 }, "object": 517.0 }, { "layer": 0.0, "deleted": 0.0, "variables": { "x": 1088.0, "flipX": 0.0, "y": -32.0, "flipY": 0.0 }, "object": 517.0 }, { "layer": 0.0, "deleted": 0.0, "variables": { "x": 1024.0, "flipX": 0.0, "y": -32.0, "flipY": 0.0 }, "object": 517.0 }, { "layer": 0.0, "deleted": 0.0, "variables": { "x": 992.0, "flipX": 0.0, "y": -32.0, "flipY": 0.0 }, "object": 517.0 }, { "layer": 0.0, "deleted": 0.0, "variables": { "x": 960.0, "flipX": 0.0, "y": -32.0, "flipY": 0.0 }, "object": 517.0 }, { "layer": 0.0, "deleted": 0.0, "variables": { "x": 928.0, "flipX": 0.0, "y": -32.0, "flipY": 0.0 }, "object": 517.0 }, { "layer": 0.0, "deleted": 0.0, "variables": { "x": 896.0, "flipX": 0.0, "y": -32.0, "flipY": 0.0 }, "object": 517.0 }, { "layer": 0.0, "deleted": 0.0, "variables": { "x": 864.0, "flipX": 0.0, "y": -32.0, "flipY": 0.0 }, "object": 517.0 }, { "layer": 0.0, "deleted": 0.0, "variables": { "x": 832.0, "flipX": 0.0, "y": -32.0, "flipY": 0.0 }, "object": 517.0 }, { "layer": 0.0, "deleted": 0.0, "variables": { "x": 832.0, "flipX": 0.0, "y": 0.0, "flipY": 0.0 }, "object": 517.0 }, { "layer": 0.0, "deleted": 0.0, "variables": { "x": 800.0, "flipX": 0.0, "y": 0.0, "flipY": 0.0 }, "object": 517.0 }, { "layer": 0.0, "deleted": 0.0, "variables": { "x": 768.0, "flipX": 0.0, "y": 0.0, "flipY": 0.0 }, "object": 517.0 }, { "layer": 0.0, "deleted": 0.0, "variables": { "x": 736.0, "flipX": 0.0, "y": 0.0, "flipY": 0.0 }, "object": 517.0 }, { "layer": 0.0, "deleted": 0.0, "variables": { "x": 736.0, "flipX": 0.0, "y": 32.0, "flipY": 0.0 }, "object": 517.0 }, { "layer": 0.0, "deleted": 0.0, "variables": { "x": 736.0, "flipX": 0.0, "y": 64.0, "flipY": 0.0 }, "object": 517.0 }, { "layer": 0.0, "deleted": 0.0, "variables": { "x": 704.0, "flipX": 0.0, "y": 64.0, "flipY": 0.0 }, "object": 517.0 }, { "layer": 0.0, "deleted": 0.0, "variables": { "x": 704.0, "flipX": 0.0, "y": 96.0, "flipY": 0.0 }, "object": 517.0 }, { "layer": 0.0, "deleted": 0.0, "variables": { "x": 704.0, "flipX": 0.0, "y": 128.0, "flipY": 0.0 }, "object": 517.0 }, { "layer": 0.0, "deleted": 0.0, "variables": { "x": 704.0, "flipX": 0.0, "y": 160.0, "flipY": 0.0 }, "object": 517.0 }, { "layer": 0.0, "deleted": 0.0, "variables": { "x": 704.0, "flipX": 0.0, "y": 192.0, "flipY": 0.0 }, "object": 517.0 }, { "layer": 0.0, "deleted": 0.0, "variables": { "x": 704.0, "flipX": 0.0, "y": 224.0, "flipY": 0.0 }, "object": 517.0 }, { "layer": 0.0, "deleted": 0.0, "variables": { "x": 1440.0, "flipX": 0.0, "y": 416.0, "flipY": 0.0 }, "object": 517.0 }, { "layer": 0.0, "deleted": 0.0, "variables": { "x": 1440.0, "flipX": 0.0, "y": 384.0, "flipY": 0.0 }, "object": 517.0 }, { "layer": 0.0, "deleted": 0.0, "variables": { "x": 608.0, "flipX": 0.0, "y": 224.0, "flipY": 0.0 }, "object": 517.0 }, { "layer": 0.0, "deleted": 0.0, "variables": { "x": 608.0, "flipX": 0.0, "y": 192.0, "flipY": 0.0 }, "object": 517.0 }, { "layer": 0.0, "deleted": 0.0, "variables": { "x": 608.0, "flipX": 0.0, "y": 160.0, "flipY": 0.0 }, "object": 517.0 }, { "layer": 0.0, "deleted": 0.0, "variables": { "x": 608.0, "flipX": 0.0, "y": 128.0, "flipY": 0.0 }, "object": 517.0 }, { "layer": 0.0, "deleted": 0.0, "variables": { "x": 608.0, "flipX": 0.0, "y": 96.0, "flipY": 0.0 }, "object": 517.0 }, { "layer": 0.0, "deleted": 0.0, "variables": { "x": 608.0, "flipX": 0.0, "y": 64.0, "flipY": 0.0 }, "object": 517.0 }, { "layer": 0.0, "deleted": 0.0, "variables": { "x": 608.0, "flipX": 0.0, "y": 32.0, "flipY": 0.0 }, "object": 517.0 }, { "layer": 0.0, "deleted": 0.0, "variables": { "x": 608.0, "flipX": 0.0, "y": 0.0, "flipY": 0.0 }, "object": 517.0 }, { "layer": 0.0, "deleted": 0.0, "variables": { "x": 576.0, "flipX": 0.0, "y": 0.0, "flipY": 0.0 }, "object": 517.0 }, { "layer": 0.0, "deleted": 0.0, "variables": { "x": 544.0, "flipX": 0.0, "y": 0.0, "flipY": 0.0 }, "object": 517.0 }, { "layer": 0.0, "deleted": 0.0, "variables": { "x": 512.0, "flipX": 0.0, "y": 0.0, "flipY": 0.0 }, "object": 517.0 }, { "layer": 0.0, "deleted": 0.0, "variables": { "x": 480.0, "flipX": 0.0, "y": 0.0, "flipY": 0.0 }, "object": 517.0 }, { "layer": 0.0, "deleted": 0.0, "variables": { "x": 448.0, "flipX": 0.0, "y": 0.0, "flipY": 0.0 }, "object": 517.0 }, { "layer": 0.0, "deleted": 0.0, "variables": { "x": 416.0, "flipX": 0.0, "y": 0.0, "flipY": 0.0 }, "object": 517.0 }, { "layer": 0.0, "deleted": 0.0, "variables": { "x": 384.0, "flipX": 0.0, "y": 0.0, "flipY": 0.0 }, "object": 517.0 }, { "layer": 0.0, "deleted": 0.0, "variables": { "x": 352.0, "y": 0.0, "image_xscale": 1.0, "image_yscale": 1.0, "flipX": 0.0, "flipY": 0.0 }, "object": 517.0 }, { "layer": 0.0, "deleted": 0.0, "variables": { "x": 320.0, "flipX": 0.0, "y": 0.0, "flipY": 0.0 }, "object": 517.0 }, { "layer": 0.0, "deleted": 0.0, "variables": { "x": 288.0, "flipX": 0.0, "y": 0.0, "flipY": 0.0 }, "object": 517.0 }, { "layer": 0.0, "deleted": 0.0, "variables": { "x": 256.0, "flipX": 0.0, "y": 0.0, "flipY": 0.0 }, "object": 517.0 }, { "layer": 0.0, "deleted": 0.0, "variables": { "x": 224.0, "flipX": 0.0, "y": 0.0, "flipY": 0.0 }, "object": 517.0 }, { "layer": 0.0, "deleted": 0.0, "variables": { "x": 192.0, "flipX": 0.0, "y": 0.0, "flipY": 0.0 }, "object": 517.0 }, { "layer": 0.0, "deleted": 0.0, "variables": { "x": 160.0, "flipX": 0.0, "y": 0.0, "flipY": 0.0 }, "object": 517.0 }, { "layer": 0.0, "deleted": 0.0, "variables": { "x": 128.0, "flipX": 0.0, "y": 0.0, "flipY": 0.0 }, "object": 517.0 }, { "layer": 0.0, "deleted": 0.0, "variables": { "x": 96.0, "flipX": 0.0, "y": 0.0, "flipY": 0.0 }, "object": 517.0 }, { "layer": 0.0, "deleted": 0.0, "variables": { "x": 64.0, "flipX": 0.0, "y": 0.0, "flipY": 0.0 }, "object": 517.0 }, { "layer": 0.0, "deleted": 0.0, "variables": { "x": 608.0, "y": 352.0, "image_xscale": 1.0, "image_yscale": 1.0, "flipX": 0.0, "flipY": 0.0 }, "object": 317.0 }, { "layer": 0.0, "deleted": 0.0, "variables": { "x": 704.0, "flipX": 0.0, "y": 320.0, "flipY": 0.0 }, "object": 517.0 }, { "layer": 0.0, "deleted": 0.0, "variables": { "x": 672.0, "flipX": 0.0, "y": 320.0, "flipY": 0.0 }, "object": 517.0 }, { "layer": 0.0, "deleted": 0.0, "variables": { "x": 640.0, "flipX": 0.0, "y": 320.0, "flipY": 0.0 }, "object": 517.0 }, { "layer": 0.0, "deleted": 0.0, "variables": { "x": 608.0, "flipX": 0.0, "y": 320.0, "flipY": 0.0 }, "object": 517.0 }, { "layer": 0.0, "deleted": 0.0, "variables": { "x": 608.0, "flipX": 0.0, "y": 288.0, "flipY": 0.0 }, "object": 517.0 }, { "layer": 0.0, "deleted": 0.0, "variables": { "x": 608.0, "flipX": 0.0, "y": 256.0, "flipY": 0.0 }, "object": 517.0 }, { "layer": 0.0, "deleted": 0.0, "variables": { "x": 1312.0, "flipX": 0.0, "y": 384.0, "flipY": 0.0 }, "object": 805.0 }, { "layer": 0.0, "deleted": 0.0, "variables": { "x": 704.0, "flipX": 0.0, "y": 288.0, "flipY": 0.0 }, "object": 517.0 }, { "layer": 0.0, "deleted": 0.0, "variables": { "x": 704.0, "flipX": 0.0, "y": 256.0, "flipY": 0.0 }, "object": 517.0 }, { "layer": 0.0, "deleted": 0.0, "variables": { "x": 1440.0, "flipX": 0.0, "y": 352.0, "flipY": 0.0 }, "object": 517.0 }, { "layer": 0.0, "deleted": 0.0, "variables": { "x": 1440.0, "flipX": 0.0, "y": 320.0, "flipY": 0.0 }, "object": 517.0 }, { "layer": 0.0, "deleted": 0.0, "variables": { "x": 1440.0, "flipX": 0.0, "y": 288.0, "flipY": 0.0 }, "object": 517.0 }, { "layer": 0.0, "deleted": 0.0, "variables": { "x": 1408.0, "flipX": 0.0, "y": 192.0, "flipY": 0.0 }, "object": 517.0 }, { "layer": 0.0, "deleted": 0.0, "variables": { "x": 1376.0, "flipX": 0.0, "y": 192.0, "flipY": 0.0 }, "object": 517.0 }, { "layer": 0.0, "deleted": 0.0, "variables": { "x": 1344.0, "flipX": 0.0, "y": 192.0, "flipY": 0.0 }, "object": 517.0 }, { "layer": 0.0, "deleted": 0.0, "variables": { "x": 1440.0, "flipX": 0.0, "y": 224.0, "flipY": 0.0 }, "object": 517.0 }, { "layer": 0.0, "deleted": 0.0, "variables": { "x": 1440.0, "flipX": 0.0, "y": 256.0, "flipY": 0.0 }, "object": 517.0 }, { "layer": 0.0, "deleted": 1.0, "variables": { "x": 944.0, "y": 352.0 }, "object": 804.0 }, { "layer": 0.0, "deleted": 0.0, "variables": { "x": 1312.0, "flipX": 0.0, "y": 224.0, "flipY": 0.0 }, "object": 517.0 }, { "layer": 0.0, "deleted": 0.0, "variables": { "x": 1344.0, "flipX": 0.0, "y": 224.0, "flipY": 0.0 }, "object": 517.0 }, { "layer": 0.0, "deleted": 1.0, "variables": { "x": 928.0, "y": 256.0, "image_xscale": 1.0, "image_yscale": 1.0, "flipX": 0.0, "flipY": 0.0 }, "object": 770.0 }, { "layer": 0.0, "deleted": 1.0, "variables": { "x": 1152.0, "flipX": 0.0, "y": 384.0, "flipY": 0.0 }, "object": 752.0 }, { "layer": 0.0, "deleted": 1.0, "variables": { "x": 1152.0, "flipX": 0.0, "y": 352.0, "flipY": 0.0 }, "object": 752.0 }, { "layer": 0.0, "deleted": 1.0, "variables": { "x": 832.0, "flipX": 0.0, "y": 352.0, "flipY": 0.0 }, "object": 752.0 }, { "layer": 0.0, "deleted": 1.0, "variables": { "x": 1184.0, "flipX": 0.0, "y": 320.0, "flipY": 0.0 }, "object": 752.0 }, { "layer": 0.0, "deleted": 0.0, "variables": { "x": 128.0, "y": 320.0, "targetRoom": "Escape 1", "image_xscale": 1.0, "image_yscale": 1.0, "flipX": 0.0, "flipY": 0.0 }, "object": 440.0 }, { "layer": 0.0, "deleted": 0.0, "variables": { "x": 960.0, "flipX": 0.0, "y": 352.0, "flipY": 0.0 }, "object": 752.0 }, { "layer": 0.0, "deleted": 0.0, "variables": { "x": 1184.0, "flipX": 0.0, "y": 352.0, "flipY": 0.0 }, "object": 752.0 }, { "layer": 0.0, "deleted": 0.0, "variables": { "x": 896.0, "flipX": 0.0, "y": 352.0, "flipY": 0.0 }, "object": 752.0 }, { "layer": 0.0, "deleted": 0.0, "variables": { "x": 864.0, "flipX": 0.0, "y": 352.0, "flipY": 0.0 }, "object": 752.0 }, { "layer": 0.0, "deleted": 0.0, "variables": { "x": 320.0, "flipX": 0.0, "y": 288.0, "flipY": 0.0 }, "object": 770.0 }, { "layer": 0.0, "deleted": 0.0, "variables": { "x": 304.0, "y": 384.0 }, "object": 804.0 } ], "tile_data": { "5": { "1216_480": { "coord": [ 8.0, 6.0 ], "autotile_index": 0.0, "tileset": "tile_castle", "autotile": 1.0 }, "1312_-64": { "coord": [ 0.0, 0.0 ], "autotile_index": 0.0, "tileset": "tile_castle", "autotile": 1.0 }, "256_448": { "coord": [ 5.0, 2.0 ], "autotile_index": 0.0, "tileset": "tile_castle", "autotile": 1.0 }, "544_480": { "coord": [ 8.0, 6.0 ], "autotile_index": 0.0, "tileset": "tile_castle", "autotile": 1.0 }, "320_-32": { "coord": [ 4.0, 6.0 ], "autotile_index": 0.0, "tileset": "tile_castle", "autotile": 1.0 }, "1280_-64": { "coord": [ 8.0, 6.0 ], "autotile_index": 0.0, "tileset": "tile_castle", "autotile": 1.0 }, "1344_96": { "coord": [ 0.0, 0.0 ], "autotile_index": 0.0, "tileset": "tile_castle", "autotile": 1.0 }, "640_320": { "coord": [ 3.0, 7.0 ], "autotile_index": 0.0, "tileset": "tile_castle", "autotile": 1.0 }, "160_416": { "coord": [ 5.0, 1.0 ], "autotile_index": 0.0, "tileset": "tile_castle", "autotile": 1.0 }, "0_320": { "coord": [ 6.0, 5.0 ], "autotile_index": 0.0, "tileset": "tile_castle", "autotile": 1.0 }, "896_480": { "coord": [ 8.0, 6.0 ], "autotile_index": 0.0, "tileset": "tile_castle", "autotile": 1.0 }, "0_512": { "coord": [ 8.0, 6.0 ], "autotile_index": 0.0, "tileset": "tile_castle", "autotile": 1.0 }, "352_544": { "coord": [ 0.0, 0.0 ], "autotile_index": 0.0, "tileset": "tile_castle", "autotile": 1.0 }, "736_448": { "coord": [ 5.0, 2.0 ], "autotile_index": 0.0, "tileset": "tile_castle", "autotile": 1.0 }, "576_480": { "coord": [ 8.0, 6.0 ], "autotile_index": 0.0, "tileset": "tile_castle", "autotile": 1.0 }, "128_-128": { "coord": [ 0.0, 0.0 ], "autotile_index": 0.0, "tileset": "tile_castle", "autotile": 1.0 }, "672_64": { "coord": [ 6.0, 5.0 ], "autotile_index": 0.0, "tileset": "tile_castle", "autotile": 1.0 }, "640_-128": { "coord": [ 0.0, 0.0 ], "autotile_index": 0.0, "tileset": "tile_castle", "autotile": 1.0 }, "672_256": { "coord": [ 6.0, 5.0 ], "autotile_index": 0.0, "tileset": "tile_castle", "autotile": 1.0 }, "672_-32": { "coord": [ 8.0, 6.0 ], "autotile_index": 0.0, "tileset": "tile_castle", "autotile": 1.0 }, "288_448": { "coord": [ 5.0, 2.0 ], "autotile_index": 0.0, "tileset": "tile_castle", "autotile": 1.0 }, "-32_512": { "coord": [ 0.0, 0.0 ], "autotile_index": 0.0, "tileset": "tile_castle", "autotile": 1.0 }, "1088_-64": { "coord": [ 4.0, 6.0 ], "autotile_index": 0.0, "tileset": "tile_castle", "autotile": 1.0 }, "448_544": { "coord": [ 0.0, 0.0 ], "autotile_index": 0.0, "tileset": "tile_castle", "autotile": 1.0 }, "1312_64": { "coord": [ 0.0, 0.0 ], "autotile_index": 0.0, "tileset": "tile_castle", "autotile": 1.0 }, "1312_0": { "coord": [ 0.0, 0.0 ], "autotile_index": 0.0, "tileset": "tile_castle", "autotile": 1.0 }, "672_288": { "coord": [ 6.0, 6.0 ], "autotile_index": 0.0, "tileset": "tile_castle", "autotile": 1.0 }, "992_512": { "coord": [ 8.0, 6.0 ], "autotile_index": 0.0, "tileset": "tile_castle", "autotile": 1.0 }, "864_-64": { "coord": [ 4.0, 6.0 ], "autotile_index": 0.0, "tileset": "tile_castle", "autotile": 1.0 }, "448_-32": { "coord": [ 4.0, 6.0 ], "autotile_index": 0.0, "tileset": "tile_castle", "autotile": 1.0 }, "704_0": { "coord": [ 6.0, 5.0 ], "autotile_index": 0.0, "tileset": "tile_castle", "autotile": 1.0 }, "1184_0": { "coord": [ 3.0, 7.0 ], "autotile_index": 0.0, "tileset": "tile_castle", "autotile": 1.0 }, "1344_160": { "coord": [ 0.0, 0.0 ], "autotile_index": 0.0, "tileset": "tile_castle", "autotile": 1.0 }, "1088_448": { "coord": [ 5.0, 2.0 ], "autotile_index": 0.0, "tileset": "tile_castle", "autotile": 1.0 }, "32_224": { "coord": [ 7.0, 2.0 ], "autotile_index": 0.0, "tileset": "tile_castle", "autotile": 1.0 }, "672_-96": { "coord": [ 8.0, 6.0 ], "autotile_index": 0.0, "tileset": "tile_castle", "autotile": 1.0 }, "896_416": { "coord": [ 3.0, 1.0 ], "autotile_index": 0.0, "tileset": "tile_castle", "autotile": 1.0 }, "576_-64": { "coord": [ 8.0, 6.0 ], "autotile_index": 0.0, "tileset": "tile_castle", "autotile": 1.0 }, "1280_96": { "coord": [ 1.0, 3.0 ], "autotile_index": 0.0, "tileset": "tile_castle", "autotile": 1.0 }, "320_448": { "coord": [ 5.0, 2.0 ], "autotile_index": 0.0, "tileset": "tile_castle", "autotile": 1.0 }, "160_-32": { "coord": [ 4.0, 6.0 ], "autotile_index": 0.0, "tileset": "tile_castle", "autotile": 1.0 }, "64_416": { "coord": [ 5.0, 1.0 ], "autotile_index": 0.0, "tileset": "tile_castle", "autotile": 1.0 }, "1120_416": { "coord": [ 3.0, 1.0 ], "autotile_index": 0.0, "tileset": "tile_castle", "autotile": 1.0 }, "1248_-64": { "coord": [ 8.0, 6.0 ], "autotile_index": 0.0, "tileset": "tile_castle", "autotile": 1.0 }, "1024_480": { "coord": [ 8.0, 6.0 ], "autotile_index": 0.0, "tileset": "tile_castle", "autotile": 1.0 }, "160_0": { "coord": [ 4.0, 7.0 ], "autotile_index": 0.0, "tileset": "tile_castle", "autotile": 1.0 }, "608_128": { "coord": [ 1.0, 5.0 ], "autotile_index": 0.0, "tileset": "tile_castle", "autotile": 1.0 }, "352_-64": { "coord": [ 8.0, 6.0 ], "autotile_index": 0.0, "tileset": "tile_castle", "autotile": 1.0 }, "1184_-32": { "coord": [ 4.0, 6.0 ], "autotile_index": 0.0, "tileset": "tile_castle", "autotile": 1.0 }, "-32_448": { "coord": [ 0.0, 0.0 ], "autotile_index": 0.0, "tileset": "tile_castle", "autotile": 1.0 }, "0_64": { "coord": [ 6.0, 5.0 ], "autotile_index": 0.0, "tileset": "tile_castle", "autotile": 1.0 }, "608_192": { "coord": [ 1.0, 2.0 ], "autotile_index": 0.0, "tileset": "tile_castle", "autotile": 1.0 }, "640_288": { "coord": [ 2.0, 6.0 ], "autotile_index": 0.0, "tileset": "tile_castle", "autotile": 1.0 }, "1344_64": { "coord": [ 0.0, 0.0 ], "autotile_index": 0.0, "tileset": "tile_castle", "autotile": 1.0 }, "608_448": { "coord": [ 5.0, 2.0 ], "autotile_index": 0.0, "tileset": "tile_castle", "autotile": 1.0 }, "480_416": { "coord": [ 5.0, 1.0 ], "autotile_index": 0.0, "tileset": "tile_castle", "autotile": 1.0 }, "1056_-64": { "coord": [ 4.0, 6.0 ], "autotile_index": 0.0, "tileset": "tile_castle", "autotile": 1.0 }, "704_-64": { "coord": [ 8.0, 6.0 ], "autotile_index": 0.0, "tileset": "tile_castle", "autotile": 1.0 }, "640_512": { "coord": [ 8.0, 6.0 ], "autotile_index": 0.0, "tileset": "tile_castle", "autotile": 1.0 }, "32_352": { "coord": [ 7.0, 5.0 ], "autotile_index": 0.0, "tileset": "tile_castle", "autotile": 1.0 }, "160_448": { "coord": [ 5.0, 2.0 ], "autotile_index": 0.0, "tileset": "tile_castle", "autotile": 1.0 }, "576_-32": { "coord": [ 4.0, 6.0 ], "autotile_index": 0.0, "tileset": "tile_castle", "autotile": 1.0 }, "1248_0": { "coord": [ 4.0, 7.0 ], "autotile_index": 0.0, "tileset": "tile_castle", "autotile": 1.0 }, "32_64": { "coord": [ 7.0, 5.0 ], "autotile_index": 0.0, "tileset": "tile_castle", "autotile": 1.0 }, "512_480": { "coord": [ 8.0, 6.0 ], "autotile_index": 0.0, "tileset": "tile_castle", "autotile": 1.0 }, "608_320": { "coord": [ 1.0, 7.0 ], "autotile_index": 0.0, "tileset": "tile_castle", "autotile": 1.0 }, "1312_-96": { "coord": [ 0.0, 0.0 ], "autotile_index": 0.0, "tileset": "tile_castle", "autotile": 1.0 }, "672_160": { "coord": [ 6.0, 5.0 ], "autotile_index": 0.0, "tileset": "tile_castle", "autotile": 1.0 }, "128_480": { "coord": [ 8.0, 6.0 ], "autotile_index": 0.0, "tileset": "tile_castle", "autotile": 1.0 }, "352_-32": { "coord": [ 4.0, 6.0 ], "autotile_index": 0.0, "tileset": "tile_castle", "autotile": 1.0 }, "0_160": { "coord": [ 6.0, 5.0 ], "autotile_index": 0.0, "tileset": "tile_castle", "autotile": 1.0 }, "992_-32": { "coord": [ 2.0, 7.0 ], "autotile_index": 0.0, "tileset": "tile_castle", "autotile": 1.0 }, "128_0": { "coord": [ 3.0, 7.0 ], "autotile_index": 0.0, "tileset": "tile_castle", "autotile": 1.0 }, "544_544": { "coord": [ 0.0, 0.0 ], "autotile_index": 0.0, "tileset": "tile_castle", "autotile": 1.0 }, "928_448": { "coord": [ 5.0, 2.0 ], "autotile_index": 0.0, "tileset": "tile_castle", "autotile": 1.0 }, "672_128": { "coord": [ 6.0, 5.0 ], "autotile_index": 0.0, "tileset": "tile_castle", "autotile": 1.0 }, "320_512": { "coord": [ 8.0, 6.0 ], "autotile_index": 0.0, "tileset": "tile_castle", "autotile": 1.0 }, "832_0": { "coord": [ 7.0, 7.0 ], "autotile_index": 0.0, "tileset": "tile_castle", "autotile": 1.0 }, "352_448": { "coord": [ 5.0, 2.0 ], "autotile_index": 0.0, "tileset": "tile_castle", "autotile": 1.0 }, "704_-32": { "coord": [ 10.0, 1.0 ], "autotile_index": 0.0, "tileset": "tile_castle", "autotile": 1.0 }, "1344_224": { "coord": [ 0.0, 0.0 ], "autotile_index": 0.0, "tileset": "tile_castle", "autotile": 1.0 }, "32_192": { "coord": [ 7.0, 3.0 ], "autotile_index": 0.0, "tileset": "tile_castle", "autotile": 1.0 }, "672_32": { "coord": [ 10.0, 1.0 ], "autotile_index": 0.0, "tileset": "tile_castle", "autotile": 1.0 }, "32_288": { "coord": [ 7.0, 2.0 ], "autotile_index": 0.0, "tileset": "tile_castle", "autotile": 1.0 }, "192_-32": { "coord": [ 4.0, 6.0 ], "autotile_index": 0.0, "tileset": "tile_castle", "autotile": 1.0 }, "1056_-96": { "coord": [ 8.0, 6.0 ], "autotile_index": 0.0, "tileset": "tile_castle", "autotile": 1.0 }, "672_-64": { "coord": [ 8.0, 6.0 ], "autotile_index": 0.0, "tileset": "tile_castle", "autotile": 1.0 }, "1216_-64": { "coord": [ 8.0, 6.0 ], "autotile_index": 0.0, "tileset": "tile_castle", "autotile": 1.0 }, "736_-96": { "coord": [ 8.0, 6.0 ], "autotile_index": 0.0, "tileset": "tile_castle", "autotile": 1.0 }, "416_-32": { "coord": [ 4.0, 6.0 ], "autotile_index": 0.0, "tileset": "tile_castle", "autotile": 1.0 }, "1280_448": { "coord": [ 5.0, 2.0 ], "autotile_index": 0.0, "tileset": "tile_castle", "autotile": 1.0 }, "608_288": { "coord": [ 1.0, 2.0 ], "autotile_index": 0.0, "tileset": "tile_castle", "autotile": 1.0 }, "1056_-32": { "coord": [ 3.0, 7.0 ], "autotile_index": 0.0, "tileset": "tile_castle", "autotile": 1.0 }, "224_480": { "coord": [ 8.0, 6.0 ], "autotile_index": 0.0, "tileset": "tile_castle", "autotile": 1.0 }, "864_512": { "coord": [ 8.0, 6.0 ], "autotile_index": 0.0, "tileset": "tile_castle", "autotile": 1.0 }, "832_512": { "coord": [ 8.0, 6.0 ], "autotile_index": 0.0, "tileset": "tile_castle", "autotile": 1.0 }, "576_544": { "coord": [ 0.0, 0.0 ], "autotile_index": 0.0, "tileset": "tile_castle", "autotile": 1.0 }, "288_0": { "coord": [ 2.0, 7.0 ], "autotile_index": 0.0, "tileset": "tile_castle", "autotile": 1.0 }, "1280_-32": { "coord": [ 4.0, 6.0 ], "autotile_index": 0.0, "tileset": "tile_castle", "autotile": 1.0 }, "992_416": { "coord": [ 3.0, 1.0 ], "autotile_index": 0.0, "tileset": "tile_castle", "autotile": 1.0 }, "704_256": { "coord": [ 7.0, 2.0 ], "autotile_index": 0.0, "tileset": "tile_castle", "autotile": 1.0 }, "0_-96": { "coord": [ 8.0, 6.0 ], "autotile_index": 0.0, "tileset": "tile_castle", "autotile": 1.0 }, "1024_-64": { "coord": [ 4.0, 6.0 ], "autotile_index": 0.0, "tileset": "tile_castle", "autotile": 1.0 }, "800_480": { "coord": [ 8.0, 6.0 ], "autotile_index": 0.0, "tileset": "tile_castle", "autotile": 1.0 }, "96_480": { "coord": [ 8.0, 6.0 ], "autotile_index": 0.0, "tileset": "tile_castle", "autotile": 1.0 }, "32_160": { "coord": [ 7.0, 5.0 ], "autotile_index": 0.0, "tileset": "tile_castle", "autotile": 1.0 }, "384_544": { "coord": [ 0.0, 0.0 ], "autotile_index": 0.0, "tileset": "tile_castle", "autotile": 1.0 }, "704_224": { "coord": [ 7.0, 5.0 ], "autotile_index": 0.0, "tileset": "tile_castle", "autotile": 1.0 }, "288_512": { "coord": [ 8.0, 6.0 ], "autotile_index": 0.0, "tileset": "tile_castle", "autotile": 1.0 }, "128_-64": { "coord": [ 8.0, 6.0 ], "autotile_index": 0.0, "tileset": "tile_castle", "autotile": 1.0 }, "1152_0": { "coord": [ 2.0, 7.0 ], "autotile_index": 0.0, "tileset": "tile_castle", "autotile": 1.0 }, "32_96": { "coord": [ 7.0, 2.0 ], "autotile_index": 0.0, "tileset": "tile_castle", "autotile": 1.0 }, "800_-32": { "coord": [ 6.0, 6.0 ], "autotile_index": 0.0, "tileset": "tile_castle", "autotile": 1.0 }, "224_512": { "coord": [ 8.0, 6.0 ], "autotile_index": 0.0, "tileset": "tile_castle", "autotile": 1.0 }, "640_0": { "coord": [ 2.0, 5.0 ], "autotile_index": 0.0, "tileset": "tile_castle", "autotile": 1.0 }, "0_256": { "coord": [ 6.0, 5.0 ], "autotile_index": 0.0, "tileset": "tile_castle", "autotile": 1.0 }, "288_-32": { "coord": [ 4.0, 6.0 ], "autotile_index": 0.0, "tileset": "tile_castle", "autotile": 1.0 }, "1248_512": { "coord": [ 8.0, 6.0 ], "autotile_index": 0.0, "tileset": "tile_castle", "autotile": 1.0 }, "1312_416": { "coord": [ 0.0, 0.0 ], "autotile_index": 0.0, "tileset": "tile_castle", "autotile": 1.0 }, "672_0": { "coord": [ 8.0, 6.0 ], "autotile_index": 0.0, "tileset": "tile_castle", "autotile": 1.0 }, "0_384": { "coord": [ 6.0, 5.0 ], "autotile_index": 0.0, "tileset": "tile_castle", "autotile": 1.0 }, "1120_-32": { "coord": [ 2.0, 6.0 ], "autotile_index": 0.0, "tileset": "tile_castle", "autotile": 1.0 }, "0_128": { "coord": [ 6.0, 5.0 ], "autotile_index": 0.0, "tileset": "tile_castle", "autotile": 1.0 }, "960_-32": { "coord": [ 4.0, 7.0 ], "autotile_index": 0.0, "tileset": "tile_castle", "autotile": 1.0 }, "1312_160": { "coord": [ 0.0, 0.0 ], "autotile_index": 0.0, "tileset": "tile_castle", "autotile": 1.0 }, "32_416": { "coord": [ 11.0, 4.0 ], "autotile_index": 0.0, "tileset": "tile_castle", "autotile": 1.0 }, "1152_-64": { "coord": [ 8.0, 6.0 ], "autotile_index": 0.0, "tileset": "tile_castle", "autotile": 1.0 }, "384_-64": { "coord": [ 8.0, 6.0 ], "autotile_index": 0.0, "tileset": "tile_castle", "autotile": 1.0 }, "64_448": { "coord": [ 5.0, 2.0 ], "autotile_index": 0.0, "tileset": "tile_castle", "autotile": 1.0 }, "928_416": { "coord": [ 5.0, 1.0 ], "autotile_index": 0.0, "tileset": "tile_castle", "autotile": 1.0 }, "640_224": { "coord": [ 2.0, 5.0 ], "autotile_index": 0.0, "tileset": "tile_castle", "autotile": 1.0 }, "1056_480": { "coord": [ 8.0, 6.0 ], "autotile_index": 0.0, "tileset": "tile_castle", "autotile": 1.0 }, "832_-32": { "coord": [ 11.0, 2.0 ], "autotile_index": 0.0, "tileset": "tile_castle", "autotile": 1.0 }, "192_0": { "coord": [ 2.0, 7.0 ], "autotile_index": 0.0, "tileset": "tile_castle", "autotile": 1.0 }, "1216_-96": { "coord": [ 8.0, 6.0 ], "autotile_index": 0.0, "tileset": "tile_castle", "autotile": 1.0 }, "160_-64": { "coord": [ 8.0, 6.0 ], "autotile_index": 0.0, "tileset": "tile_castle", "autotile": 1.0 }, "224_448": { "coord": [ 5.0, 2.0 ], "autotile_index": 0.0, "tileset": "tile_castle", "autotile": 1.0 }, "448_-96": { "coord": [ 8.0, 6.0 ], "autotile_index": 0.0, "tileset": "tile_castle", "autotile": 1.0 }, "768_512": { "coord": [ 8.0, 6.0 ], "autotile_index": 0.0, "tileset": "tile_castle", "autotile": 1.0 }, "128_416": { "coord": [ 2.0, 1.0 ], "autotile_index": 0.0, "tileset": "tile_castle", "autotile": 1.0 }, "608_160": { "coord": [ 1.0, 3.0 ], "autotile_index": 0.0, "tileset": "tile_castle", "autotile": 1.0 }, "960_416": { "coord": [ 5.0, 1.0 ], "autotile_index": 0.0, "tileset": "tile_castle", "autotile": 1.0 }, "1312_128": { "coord": [ 0.0, 0.0 ], "autotile_index": 0.0, "tileset": "tile_castle", "autotile": 1.0 }, "1248_-32": { "coord": [ 4.0, 6.0 ], "autotile_index": 0.0, "tileset": "tile_castle", "autotile": 1.0 }, "928_480": { "coord": [ 8.0, 6.0 ], "autotile_index": 0.0, "tileset": "tile_castle", "autotile": 1.0 }, "320_0": { "coord": [ 4.0, 7.0 ], "autotile_index": 0.0, "tileset": "tile_castle", "autotile": 1.0 }, "32_448": { "coord": [ 5.0, 2.0 ], "autotile_index": 0.0, "tileset": "tile_castle", "autotile": 1.0 }, "768_-96": { "coord": [ 8.0, 6.0 ], "autotile_index": 0.0, "tileset": "tile_castle", "autotile": 1.0 }, "0_-64": { "coord": [ 8.0, 6.0 ], "autotile_index": 0.0, "tileset": "tile_castle", "autotile": 1.0 }, "1024_512": { "coord": [ 8.0, 6.0 ], "autotile_index": 0.0, "tileset": "tile_castle", "autotile": 1.0 }, "32_384": { "coord": [ 7.0, 2.0 ], "autotile_index": 0.0, "tileset": "tile_castle", "autotile": 1.0 }, "832_416": { "coord": [ 3.0, 1.0 ], "autotile_index": 0.0, "tileset": "tile_castle", "autotile": 1.0 }, "32_128": { "coord": [ 7.0, 5.0 ], "autotile_index": 0.0, "tileset": "tile_castle", "autotile": 1.0 }, "1024_-32": { "coord": [ 2.0, 7.0 ], "autotile_index": 0.0, "tileset": "tile_castle", "autotile": 1.0 }, "320_-96": { "coord": [ 8.0, 6.0 ], "autotile_index": 0.0, "tileset": "tile_castle", "autotile": 1.0 }, "544_416": { "coord": [ 5.0, 1.0 ], "autotile_index": 0.0, "tileset": "tile_castle", "autotile": 1.0 }, "640_32": { "coord": [ 2.0, 5.0 ], "autotile_index": 0.0, "tileset": "tile_castle", "autotile": 1.0 }, "768_-64": { "coord": [ 8.0, 6.0 ], "autotile_index": 0.0, "tileset": "tile_castle", "autotile": 1.0 }, "640_448": { "coord": [ 5.0, 2.0 ], "autotile_index": 0.0, "tileset": "tile_castle", "autotile": 1.0 }, "-32_-96": { "coord": [ 0.0, 0.0 ], "autotile_index": 0.0, "tileset": "tile_castle", "autotile": 1.0 }, "32_480": { "coord": [ 8.0, 6.0 ], "autotile_index": 0.0, "tileset": "tile_castle", "autotile": 1.0 }, "160_480": { "coord": [ 8.0, 6.0 ], "autotile_index": 0.0, "tileset": "tile_castle", "autotile": 1.0 }, "480_-64": { "coord": [ 8.0, 6.0 ], "autotile_index": 0.0, "tileset": "tile_castle", "autotile": 1.0 }, "960_-96": { "coord": [ 8.0, 6.0 ], "autotile_index": 0.0, "tileset": "tile_castle", "autotile": 1.0 }, "928_-64": { "coord": [ 4.0, 6.0 ], "autotile_index": 0.0, "tileset": "tile_castle", "autotile": 1.0 }, "800_-96": { "coord": [ 8.0, 6.0 ], "autotile_index": 0.0, "tileset": "tile_castle", "autotile": 1.0 }, "1184_416": { "coord": [ 5.0, 1.0 ], "autotile_index": 0.0, "tileset": "tile_castle", "autotile": 1.0 }, "1056_512": { "coord": [ 8.0, 6.0 ], "autotile_index": 0.0, "tileset": "tile_castle", "autotile": 1.0 }, "608_96": { "coord": [ 1.0, 5.0 ], "autotile_index": 0.0, "tileset": "tile_castle", "autotile": 1.0 }, "0_448": { "coord": [ 10.0, 5.0 ], "autotile_index": 0.0, "tileset": "tile_castle", "autotile": 1.0 }, "288_416": { "coord": [ 2.0, 1.0 ], "autotile_index": 0.0, "tileset": "tile_castle", "autotile": 1.0 }, "736_32": { "coord": [ 7.0, 3.0 ], "autotile_index": 0.0, "tileset": "tile_castle", "autotile": 1.0 }, "544_-64": { "coord": [ 8.0, 6.0 ], "autotile_index": 0.0, "tileset": "tile_castle", "autotile": 1.0 }, "96_416": { "coord": [ 5.0, 1.0 ], "autotile_index": 0.0, "tileset": "tile_castle", "autotile": 1.0 }, "448_576": { "coord": [ 0.0, 0.0 ], "autotile_index": 0.0, "tileset": "tile_castle", "autotile": 1.0 }, "672_448": { "coord": [ 5.0, 2.0 ], "autotile_index": 0.0, "tileset": "tile_castle", "autotile": 1.0 }, "640_-64": { "coord": [ 8.0, 6.0 ], "autotile_index": 0.0, "tileset": "tile_castle", "autotile": 1.0 }, "224_-96": { "coord": [ 8.0, 6.0 ], "autotile_index": 0.0, "tileset": "tile_castle", "autotile": 1.0 }, "672_480": { "coord": [ 8.0, 6.0 ], "autotile_index": 0.0, "tileset": "tile_castle", "autotile": 1.0 }, "704_-128": { "coord": [ 0.0, 0.0 ], "autotile_index": 0.0, "tileset": "tile_castle", "autotile": 1.0 }, "128_-32": { "coord": [ 4.0, 6.0 ], "autotile_index": 0.0, "tileset": "tile_castle", "autotile": 1.0 }, "1120_480": { "coord": [ 8.0, 6.0 ], "autotile_index": 0.0, "tileset": "tile_castle", "autotile": 1.0 }, "896_512": { "coord": [ 8.0, 6.0 ], "autotile_index": 0.0, "tileset": "tile_castle", "autotile": 1.0 }, "416_0": { "coord": [ 2.0, 7.0 ], "autotile_index": 0.0, "tileset": "tile_castle", "autotile": 1.0 }, "800_0": { "coord": [ 4.0, 7.0 ], "autotile_index": 0.0, "tileset": "tile_castle", "autotile": 1.0 }, "-32_416": { "coord": [ 0.0, 0.0 ], "autotile_index": 0.0, "tileset": "tile_castle", "autotile": 1.0 }, "608_-32": { "coord": [ 4.0, 6.0 ], "autotile_index": 0.0, "tileset": "tile_castle", "autotile": 1.0 }, "0_192": { "coord": [ 6.0, 5.0 ], "autotile_index": 0.0, "tileset": "tile_castle", "autotile": 1.0 }, "192_480": { "coord": [ 8.0, 6.0 ], "autotile_index": 0.0, "tileset": "tile_castle", "autotile": 1.0 }, "480_480": { "coord": [ 8.0, 6.0 ], "autotile_index": 0.0, "tileset": "tile_castle", "autotile": 1.0 }, "32_0": { "coord": [ 11.0, 2.0 ], "autotile_index": 0.0, "tileset": "tile_castle", "autotile": 1.0 }, "576_-96": { "coord": [ 8.0, 6.0 ], "autotile_index": 0.0, "tileset": "tile_castle", "autotile": 1.0 }, "928_512": { "coord": [ 8.0, 6.0 ], "autotile_index": 0.0, "tileset": "tile_castle", "autotile": 1.0 }, "1184_448": { "coord": [ 5.0, 2.0 ], "autotile_index": 0.0, "tileset": "tile_castle", "autotile": 1.0 }, "1248_448": { "coord": [ 5.0, 2.0 ], "autotile_index": 0.0, "tileset": "tile_castle", "autotile": 1.0 }, "704_64": { "coord": [ 11.0, 2.0 ], "autotile_index": 0.0, "tileset": "tile_castle", "autotile": 1.0 }, "384_576": { "coord": [ 0.0, 0.0 ], "autotile_index": 0.0, "tileset": "tile_castle", "autotile": 1.0 }, "192_-96": { "coord": [ 8.0, 6.0 ], "autotile_index": 0.0, "tileset": "tile_castle", "autotile": 1.0 }, "192_416": { "coord": [ 3.0, 1.0 ], "autotile_index": 0.0, "tileset": "tile_castle", "autotile": 1.0 }, "1216_0": { "coord": [ 2.0, 7.0 ], "autotile_index": 0.0, "tileset": "tile_castle", "autotile": 1.0 }, "1184_-64": { "coord": [ 8.0, 6.0 ], "autotile_index": 0.0, "tileset": "tile_castle", "autotile": 1.0 }, "768_416": { "coord": [ 2.0, 1.0 ], "autotile_index": 0.0, "tileset": "tile_castle", "autotile": 1.0 }, "192_512": { "coord": [ 8.0, 6.0 ], "autotile_index": 0.0, "tileset": "tile_castle", "autotile": 1.0 }, "1344_128": { "coord": [ 0.0, 0.0 ], "autotile_index": 0.0, "tileset": "tile_castle", "autotile": 1.0 }, "1120_-96": { "coord": [ 8.0, 6.0 ], "autotile_index": 0.0, "tileset": "tile_castle", "autotile": 1.0 }, "736_0": { "coord": [ 11.0, 2.0 ], "autotile_index": 0.0, "tileset": "tile_castle", "autotile": 1.0 }, "640_64": { "coord": [ 2.0, 5.0 ], "autotile_index": 0.0, "tileset": "tile_castle", "autotile": 1.0 }, "704_448": { "coord": [ 5.0, 2.0 ], "autotile_index": 0.0, "tileset": "tile_castle", "autotile": 1.0 }, "32_512": { "coord": [ 8.0, 6.0 ], "autotile_index": 0.0, "tileset": "tile_castle", "autotile": 1.0 }, "768_448": { "coord": [ 5.0, 2.0 ], "autotile_index": 0.0, "tileset": "tile_castle", "autotile": 1.0 }, "608_224": { "coord": [ 1.0, 5.0 ], "autotile_index": 0.0, "tileset": "tile_castle", "autotile": 1.0 }, "544_0": { "coord": [ 4.0, 7.0 ], "autotile_index": 0.0, "tileset": "tile_castle", "autotile": 1.0 }, "416_544": { "coord": [ 0.0, 0.0 ], "autotile_index": 0.0, "tileset": "tile_castle", "autotile": 1.0 }, "704_288": { "coord": [ 7.0, 2.0 ], "autotile_index": 0.0, "tileset": "tile_castle", "autotile": 1.0 }, "224_416": { "coord": [ 2.0, 1.0 ], "autotile_index": 0.0, "tileset": "tile_castle", "autotile": 1.0 }, "480_512": { "coord": [ 8.0, 6.0 ], "autotile_index": 0.0, "tileset": "tile_castle", "autotile": 1.0 }, "608_256": { "coord": [ 1.0, 2.0 ], "autotile_index": 0.0, "tileset": "tile_castle", "autotile": 1.0 }, "320_416": { "coord": [ 2.0, 1.0 ], "autotile_index": 0.0, "tileset": "tile_castle", "autotile": 1.0 }, "416_480": { "coord": [ 8.0, 6.0 ], "autotile_index": 0.0, "tileset": "tile_castle", "autotile": 1.0 }, "960_-64": { "coord": [ 4.0, 6.0 ], "autotile_index": 0.0, "tileset": "tile_castle", "autotile": 1.0 }, "608_-64": { "coord": [ 8.0, 6.0 ], "autotile_index": 0.0, "tileset": "tile_castle", "autotile": 1.0 }, "1056_448": { "coord": [ 5.0, 2.0 ], "autotile_index": 0.0, "tileset": "tile_castle", "autotile": 1.0 }, "1184_-96": { "coord": [ 8.0, 6.0 ], "autotile_index": 0.0, "tileset": "tile_castle", "autotile": 1.0 }, "416_-64": { "coord": [ 8.0, 6.0 ], "autotile_index": 0.0, "tileset": "tile_castle", "autotile": 1.0 }, "96_-64": { "coord": [ 8.0, 6.0 ], "autotile_index": 0.0, "tileset": "tile_castle", "autotile": 1.0 }, "256_-96": { "coord": [ 8.0, 6.0 ], "autotile_index": 0.0, "tileset": "tile_castle", "autotile": 1.0 }, "352_416": { "coord": [ 3.0, 1.0 ], "autotile_index": 0.0, "tileset": "tile_castle", "autotile": 1.0 }, "544_512": { "coord": [ 8.0, 6.0 ], "autotile_index": 0.0, "tileset": "tile_castle", "autotile": 1.0 }, "640_96": { "coord": [ 2.0, 5.0 ], "autotile_index": 0.0, "tileset": "tile_castle", "autotile": 1.0 }, "1216_448": { "coord": [ 5.0, 2.0 ], "autotile_index": 0.0, "tileset": "tile_castle", "autotile": 1.0 }, "1024_-96": { "coord": [ 8.0, 6.0 ], "autotile_index": 0.0, "tileset": "tile_castle", "autotile": 1.0 }, "288_-96": { "coord": [ 8.0, 6.0 ], "autotile_index": 0.0, "tileset": "tile_castle", "autotile": 1.0 }, "384_512": { "coord": [ 8.0, 6.0 ], "autotile_index": 0.0, "tileset": "tile_castle", "autotile": 1.0 }, "96_-32": { "coord": [ 4.0, 6.0 ], "autotile_index": 0.0, "tileset": "tile_castle", "autotile": 1.0 }, "-32_384": { "coord": [ 0.0, 0.0 ], "autotile_index": 0.0, "tileset": "tile_castle", "autotile": 1.0 }, "1280_0": { "coord": [ 13.0, 2.0 ], "autotile_index": 0.0, "tileset": "tile_castle", "autotile": 1.0 }, "1280_192": { "coord": [ 1.0, 3.0 ], "autotile_index": 0.0, "tileset": "tile_castle", "autotile": 1.0 }, "768_0": { "coord": [ 3.0, 7.0 ], "autotile_index": 0.0, "tileset": "tile_castle", "autotile": 1.0 }, "0_-32": { "coord": [ 10.0, 1.0 ], "autotile_index": 0.0, "tileset": "tile_castle", "autotile": 1.0 }, "480_-96": { "coord": [ 8.0, 6.0 ], "autotile_index": 0.0, "tileset": "tile_castle", "autotile": 1.0 }, "256_512": { "coord": [ 8.0, 6.0 ], "autotile_index": 0.0, "tileset": "tile_castle", "autotile": 1.0 }, "256_-32": { "coord": [ 4.0, 6.0 ], "autotile_index": 0.0, "tileset": "tile_castle", "autotile": 1.0 }, "448_0": { "coord": [ 2.0, 7.0 ], "autotile_index": 0.0, "tileset": "tile_castle", "autotile": 1.0 }, "1152_-32": { "coord": [ 4.0, 6.0 ], "autotile_index": 0.0, "tileset": "tile_castle", "autotile": 1.0 }, "1088_512": { "coord": [ 8.0, 6.0 ], "autotile_index": 0.0, "tileset": "tile_castle", "autotile": 1.0 }, "864_416": { "coord": [ 5.0, 1.0 ], "autotile_index": 0.0, "tileset": "tile_castle", "autotile": 1.0 }, "1120_0": { "coord": [ 2.0, 7.0 ], "autotile_index": 0.0, "tileset": "tile_castle", "autotile": 1.0 }, "928_-32": { "coord": [ 4.0, 7.0 ], "autotile_index": 0.0, "tileset": "tile_castle", "autotile": 1.0 }, "928_-96": { "coord": [ 8.0, 6.0 ], "autotile_index": 0.0, "tileset": "tile_castle", "autotile": 1.0 }, "608_512": { "coord": [ 8.0, 6.0 ], "autotile_index": 0.0, "tileset": "tile_castle", "autotile": 1.0 }, "96_-128": { "coord": [ 0.0, 0.0 ], "autotile_index": 0.0, "tileset": "tile_castle", "autotile": 1.0 }, "32_320": { "coord": [ 7.0, 2.0 ], "autotile_index": 0.0, "tileset": "tile_castle", "autotile": 1.0 }, "256_416": { "coord": [ 3.0, 1.0 ], "autotile_index": 0.0, "tileset": "tile_castle", "autotile": 1.0 }, "288_-64": { "coord": [ 8.0, 6.0 ], "autotile_index": 0.0, "tileset": "tile_castle", "autotile": 1.0 }, "672_224": { "coord": [ 6.0, 5.0 ], "autotile_index": 0.0, "tileset": "tile_castle", "autotile": 1.0 }, "256_480": { "coord": [ 8.0, 6.0 ], "autotile_index": 0.0, "tileset": "tile_castle", "autotile": 1.0 }, "64_512": { "coord": [ 8.0, 6.0 ], "autotile_index": 0.0, "tileset": "tile_castle", "autotile": 1.0 }, "32_-96": { "coord": [ 8.0, 6.0 ], "autotile_index": 0.0, "tileset": "tile_castle", "autotile": 1.0 }, "352_512": { "coord": [ 8.0, 6.0 ], "autotile_index": 0.0, "tileset": "tile_castle", "autotile": 1.0 }, "576_448": { "coord": [ 5.0, 2.0 ], "autotile_index": 0.0, "tileset": "tile_castle", "autotile": 1.0 }, "704_96": { "coord": [ 7.0, 3.0 ], "autotile_index": 0.0, "tileset": "tile_castle", "autotile": 1.0 }, "576_512": { "coord": [ 8.0, 6.0 ], "autotile_index": 0.0, "tileset": "tile_castle", "autotile": 1.0 }, "768_-32": { "coord": [ 4.0, 6.0 ], "autotile_index": 0.0, "tileset": "tile_castle", "autotile": 1.0 }, "1184_512": { "coord": [ 8.0, 6.0 ], "autotile_index": 0.0, "tileset": "tile_castle", "autotile": 1.0 }, "256_0": { "coord": [ 4.0, 7.0 ], "autotile_index": 0.0, "tileset": "tile_castle", "autotile": 1.0 }, "384_-32": { "coord": [ 4.0, 6.0 ], "autotile_index": 0.0, "tileset": "tile_castle", "autotile": 1.0 }, "1088_480": { "coord": [ 8.0, 6.0 ], "autotile_index": 0.0, "tileset": "tile_castle", "autotile": 1.0 }, "0_416": { "coord": [ 6.0, 5.0 ], "autotile_index": 0.0, "tileset": "tile_castle", "autotile": 1.0 }, "992_448": { "coord": [ 5.0, 2.0 ], "autotile_index": 0.0, "tileset": "tile_castle", "autotile": 1.0 }, "416_448": { "coord": [ 5.0, 2.0 ], "autotile_index": 0.0, "tileset": "tile_castle", "autotile": 1.0 }, "128_-96": { "coord": [ 8.0, 6.0 ], "autotile_index": 0.0, "tileset": "tile_castle", "autotile": 1.0 }, "32_-64": { "coord": [ 8.0, 6.0 ], "autotile_index": 0.0, "tileset": "tile_castle", "autotile": 1.0 }, "64_480": { "coord": [ 8.0, 6.0 ], "autotile_index": 0.0, "tileset": "tile_castle", "autotile": 1.0 }, "-32_-128": { "coord": [ 0.0, 0.0 ], "autotile_index": 0.0, "tileset": "tile_castle", "autotile": 1.0 }, "736_480": { "coord": [ 8.0, 6.0 ], "autotile_index": 0.0, "tileset": "tile_castle", "autotile": 1.0 }, "736_416": { "coord": [ 5.0, 1.0 ], "autotile_index": 0.0, "tileset": "tile_castle", "autotile": 1.0 }, "64_0": { "coord": [ 3.0, 7.0 ], "autotile_index": 0.0, "tileset": "tile_castle", "autotile": 1.0 }, "448_448": { "coord": [ 5.0, 2.0 ], "autotile_index": 0.0, "tileset": "tile_castle", "autotile": 1.0 }, "416_512": { "coord": [ 8.0, 6.0 ], "autotile_index": 0.0, "tileset": "tile_castle", "autotile": 1.0 }, "544_-32": { "coord": [ 4.0, 6.0 ], "autotile_index": 0.0, "tileset": "tile_castle", "autotile": 1.0 }, "704_-96": { "coord": [ 8.0, 6.0 ], "autotile_index": 0.0, "tileset": "tile_castle", "autotile": 1.0 }, "640_-96": { "coord": [ 8.0, 6.0 ], "autotile_index": 0.0, "tileset": "tile_castle", "autotile": 1.0 }, "1088_-32": { "coord": [ 13.0, 2.0 ], "autotile_index": 0.0, "tileset": "tile_castle", "autotile": 1.0 }, "416_576": { "coord": [ 0.0, 0.0 ], "autotile_index": 0.0, "tileset": "tile_castle", "autotile": 1.0 }, "-32_480": { "coord": [ 0.0, 0.0 ], "autotile_index": 0.0, "tileset": "tile_castle", "autotile": 1.0 }, "480_448": { "coord": [ 5.0, 2.0 ], "autotile_index": 0.0, "tileset": "tile_castle", "autotile": 1.0 }, "704_416": { "coord": [ 5.0, 1.0 ], "autotile_index": 0.0, "tileset": "tile_castle", "autotile": 1.0 }, "704_512": { "coord": [ 8.0, 6.0 ], "autotile_index": 0.0, "tileset": "tile_castle", "autotile": 1.0 }, "512_416": { "coord": [ 3.0, 1.0 ], "autotile_index": 0.0, "tileset": "tile_castle", "autotile": 1.0 }, "544_-96": { "coord": [ 8.0, 6.0 ], "autotile_index": 0.0, "tileset": "tile_castle", "autotile": 1.0 }, "192_-64": { "coord": [ 8.0, 6.0 ], "autotile_index": 0.0, "tileset": "tile_castle", "autotile": 1.0 }, "736_-128": { "coord": [ 0.0, 0.0 ], "autotile_index": 0.0, "tileset": "tile_castle", "autotile": 1.0 }, "1152_416": { "coord": [ 5.0, 1.0 ], "autotile_index": 0.0, "tileset": "tile_castle", "autotile": 1.0 }, "608_32": { "coord": [ 1.0, 2.0 ], "autotile_index": 0.0, "tileset": "tile_castle", "autotile": 1.0 }, "864_480": { "coord": [ 8.0, 6.0 ], "autotile_index": 0.0, "tileset": "tile_castle", "autotile": 1.0 }, "384_480": { "coord": [ 8.0, 6.0 ], "autotile_index": 0.0, "tileset": "tile_castle", "autotile": 1.0 }, "800_448": { "coord": [ 5.0, 2.0 ], "autotile_index": 0.0, "tileset": "tile_castle", "autotile": 1.0 }, "736_-64": { "coord": [ 8.0, 6.0 ], "autotile_index": 0.0, "tileset": "tile_castle", "autotile": 1.0 }, "0_96": { "coord": [ 6.0, 5.0 ], "autotile_index": 0.0, "tileset": "tile_castle", "autotile": 1.0 }, "1120_448": { "coord": [ 5.0, 2.0 ], "autotile_index": 0.0, "tileset": "tile_castle", "autotile": 1.0 }, "672_512": { "coord": [ 8.0, 6.0 ], "autotile_index": 0.0, "tileset": "tile_castle", "autotile": 1.0 }, "640_-32": { "coord": [ 14.0, 1.0 ], "autotile_index": 0.0, "tileset": "tile_castle", "autotile": 1.0 }, "576_0": { "coord": [ 4.0, 7.0 ], "autotile_index": 0.0, "tileset": "tile_castle", "autotile": 1.0 }, "352_480": { "coord": [ 8.0, 6.0 ], "autotile_index": 0.0, "tileset": "tile_castle", "autotile": 1.0 }, "704_192": { "coord": [ 7.0, 3.0 ], "autotile_index": 0.0, "tileset": "tile_castle", "autotile": 1.0 }, "1312_96": { "coord": [ 0.0, 0.0 ], "autotile_index": 0.0, "tileset": "tile_castle", "autotile": 1.0 }, "832_480": { "coord": [ 8.0, 6.0 ], "autotile_index": 0.0, "tileset": "tile_castle", "autotile": 1.0 }, "1344_192": { "coord": [ 0.0, 0.0 ], "autotile_index": 0.0, "tileset": "tile_castle", "autotile": 1.0 }, "800_512": { "coord": [ 8.0, 6.0 ], "autotile_index": 0.0, "tileset": "tile_castle", "autotile": 1.0 }, "1280_32": { "coord": [ 1.0, 5.0 ], "autotile_index": 0.0, "tileset": "tile_castle", "autotile": 1.0 }, "0_352": { "coord": [ 6.0, 5.0 ], "autotile_index": 0.0, "tileset": "tile_castle", "autotile": 1.0 }, "1152_480": { "coord": [ 8.0, 6.0 ], "autotile_index": 0.0, "tileset": "tile_castle", "autotile": 1.0 }, "992_-96": { "coord": [ 8.0, 6.0 ], "autotile_index": 0.0, "tileset": "tile_castle", "autotile": 1.0 }, "96_0": { "coord": [ 2.0, 7.0 ], "autotile_index": 0.0, "tileset": "tile_castle", "autotile": 1.0 }, "864_-32": { "coord": [ 3.0, 7.0 ], "autotile_index": 0.0, "tileset": "tile_castle", "autotile": 1.0 }, "384_0": { "coord": [ 3.0, 7.0 ], "autotile_index": 0.0, "tileset": "tile_castle", "autotile": 1.0 }, "512_-96": { "coord": [ 8.0, 6.0 ], "autotile_index": 0.0, "tileset": "tile_castle", "autotile": 1.0 }, "512_448": { "coord": [ 5.0, 2.0 ], "autotile_index": 0.0, "tileset": "tile_castle", "autotile": 1.0 }, "-32_352": { "coord": [ 0.0, 0.0 ], "autotile_index": 0.0, "tileset": "tile_castle", "autotile": 1.0 }, "608_64": { "coord": [ 1.0, 5.0 ], "autotile_index": 0.0, "tileset": "tile_castle", "autotile": 1.0 }, "448_480": { "coord": [ 8.0, 6.0 ], "autotile_index": 0.0, "tileset": "tile_castle", "autotile": 1.0 }, "0_288": { "coord": [ 6.0, 5.0 ], "autotile_index": 0.0, "tileset": "tile_castle", "autotile": 1.0 }, "736_-32": { "coord": [ 4.0, 6.0 ], "autotile_index": 0.0, "tileset": "tile_castle", "autotile": 1.0 }, "1280_64": { "coord": [ 1.0, 2.0 ], "autotile_index": 0.0, "tileset": "tile_castle", "autotile": 1.0 }, "800_416": { "coord": [ 5.0, 1.0 ], "autotile_index": 0.0, "tileset": "tile_castle", "autotile": 1.0 }, "640_128": { "coord": [ 2.0, 5.0 ], "autotile_index": 0.0, "tileset": "tile_castle", "autotile": 1.0 }, "32_32": { "coord": [ 7.0, 5.0 ], "autotile_index": 0.0, "tileset": "tile_castle", "autotile": 1.0 }, "800_-64": { "coord": [ 10.0, 1.0 ], "autotile_index": 0.0, "tileset": "tile_castle", "autotile": 1.0 }, "448_-64": { "coord": [ 8.0, 6.0 ], "autotile_index": 0.0, "tileset": "tile_castle", "autotile": 1.0 }, "0_-128": { "coord": [ 0.0, 0.0 ], "autotile_index": 0.0, "tileset": "tile_castle", "autotile": 1.0 }, "896_-64": { "coord": [ 4.0, 6.0 ], "autotile_index": 0.0, "tileset": "tile_castle", "autotile": 1.0 }, "704_32": { "coord": [ 6.0, 6.0 ], "autotile_index": 0.0, "tileset": "tile_castle", "autotile": 1.0 }, "672_320": { "coord": [ 4.0, 7.0 ], "autotile_index": 0.0, "tileset": "tile_castle", "autotile": 1.0 }, "96_512": { "coord": [ 8.0, 6.0 ], "autotile_index": 0.0, "tileset": "tile_castle", "autotile": 1.0 }, "1088_416": { "coord": [ 2.0, 1.0 ], "autotile_index": 0.0, "tileset": "tile_castle", "autotile": 1.0 }, "224_0": { "coord": [ 3.0, 7.0 ], "autotile_index": 0.0, "tileset": "tile_castle", "autotile": 1.0 }, "1120_-64": { "coord": [ 14.0, 1.0 ], "autotile_index": 0.0, "tileset": "tile_castle", "autotile": 1.0 }, "608_480": { "coord": [ 8.0, 6.0 ], "autotile_index": 0.0, "tileset": "tile_castle", "autotile": 1.0 }, "288_480": { "coord": [ 8.0, 6.0 ], "autotile_index": 0.0, "tileset": "tile_castle", "autotile": 1.0 }, "640_192": { "coord": [ 2.0, 5.0 ], "autotile_index": 0.0, "tileset": "tile_castle", "autotile": 1.0 }, "1248_416": { "coord": [ 2.0, 1.0 ], "autotile_index": 0.0, "tileset": "tile_castle", "autotile": 1.0 }, "544_448": { "coord": [ 5.0, 2.0 ], "autotile_index": 0.0, "tileset": "tile_castle", "autotile": 1.0 }, "96_-96": { "coord": [ 8.0, 6.0 ], "autotile_index": 0.0, "tileset": "tile_castle", "autotile": 1.0 }, "1088_0": { "coord": [ 1.0, 7.0 ], "autotile_index": 0.0, "tileset": "tile_castle", "autotile": 1.0 }, "864_-96": { "coord": [ 8.0, 6.0 ], "autotile_index": 0.0, "tileset": "tile_castle", "autotile": 1.0 }, "640_480": { "coord": [ 8.0, 6.0 ], "autotile_index": 0.0, "tileset": "tile_castle", "autotile": 1.0 }, "1280_128": { "coord": [ 1.0, 2.0 ], "autotile_index": 0.0, "tileset": "tile_castle", "autotile": 1.0 }, "992_480": { "coord": [ 8.0, 6.0 ], "autotile_index": 0.0, "tileset": "tile_castle", "autotile": 1.0 }, "512_-32": { "coord": [ 4.0, 6.0 ], "autotile_index": 0.0, "tileset": "tile_castle", "autotile": 1.0 }, "992_-64": { "coord": [ 4.0, 6.0 ], "autotile_index": 0.0, "tileset": "tile_castle", "autotile": 1.0 }, "32_-32": { "coord": [ 4.0, 6.0 ], "autotile_index": 0.0, "tileset": "tile_castle", "autotile": 1.0 }, "896_-32": { "coord": [ 4.0, 7.0 ], "autotile_index": 0.0, "tileset": "tile_castle", "autotile": 1.0 }, "1184_480": { "coord": [ 8.0, 6.0 ], "autotile_index": 0.0, "tileset": "tile_castle", "autotile": 1.0 }, "128_448": { "coord": [ 5.0, 2.0 ], "autotile_index": 0.0, "tileset": "tile_castle", "autotile": 1.0 }, "416_416": { "coord": [ 3.0, 1.0 ], "autotile_index": 0.0, "tileset": "tile_castle", "autotile": 1.0 }, "672_96": { "coord": [ 6.0, 5.0 ], "autotile_index": 0.0, "tileset": "tile_castle", "autotile": 1.0 }, "224_-32": { "coord": [ 4.0, 6.0 ], "autotile_index": 0.0, "tileset": "tile_castle", "autotile": 1.0 }, "384_416": { "coord": [ 5.0, 1.0 ], "autotile_index": 0.0, "tileset": "tile_castle", "autotile": 1.0 }, "64_-64": { "coord": [ 8.0, 6.0 ], "autotile_index": 0.0, "tileset": "tile_castle", "autotile": 1.0 }, "896_448": { "coord": [ 5.0, 2.0 ], "autotile_index": 0.0, "tileset": "tile_castle", "autotile": 1.0 }, "1024_448": { "coord": [ 5.0, 2.0 ], "autotile_index": 0.0, "tileset": "tile_castle", "autotile": 1.0 }, "1312_32": { "coord": [ 0.0, 0.0 ], "autotile_index": 0.0, "tileset": "tile_castle", "autotile": 1.0 }, "608_0": { "coord": [ 13.0, 2.0 ], "autotile_index": 0.0, "tileset": "tile_castle", "autotile": 1.0 }, "512_512": { "coord": [ 8.0, 6.0 ], "autotile_index": 0.0, "tileset": "tile_castle", "autotile": 1.0 }, "0_480": { "coord": [ 8.0, 6.0 ], "autotile_index": 0.0, "tileset": "tile_castle", "autotile": 1.0 }, "704_320": { "coord": [ 7.0, 7.0 ], "autotile_index": 0.0, "tileset": "tile_castle", "autotile": 1.0 }, "-32_320": { "coord": [ 0.0, 0.0 ], "autotile_index": 0.0, "tileset": "tile_castle", "autotile": 1.0 }, "1280_160": { "coord": [ 1.0, 3.0 ], "autotile_index": 0.0, "tileset": "tile_castle", "autotile": 1.0 }, "1280_416": { "coord": [ 5.0, 1.0 ], "autotile_index": 0.0, "tileset": "tile_castle", "autotile": 1.0 }, "640_256": { "coord": [ 2.0, 5.0 ], "autotile_index": 0.0, "tileset": "tile_castle", "autotile": 1.0 }, "1216_512": { "coord": [ 8.0, 6.0 ], "autotile_index": 0.0, "tileset": "tile_castle", "autotile": 1.0 }, "1248_-96": { "coord": [ 8.0, 6.0 ], "autotile_index": 0.0, "tileset": "tile_castle", "autotile": 1.0 }, "736_64": { "coord": [ 7.0, 7.0 ], "autotile_index": 0.0, "tileset": "tile_castle", "autotile": 1.0 }, "1216_-32": { "coord": [ 4.0, 6.0 ], "autotile_index": 0.0, "tileset": "tile_castle", "autotile": 1.0 }, "32_256": { "coord": [ 7.0, 5.0 ], "autotile_index": 0.0, "tileset": "tile_castle", "autotile": 1.0 }, "384_-96": { "coord": [ 8.0, 6.0 ], "autotile_index": 0.0, "tileset": "tile_castle", "autotile": 1.0 }, "832_448": { "coord": [ 5.0, 2.0 ], "autotile_index": 0.0, "tileset": "tile_castle", "autotile": 1.0 }, "1152_-96": { "coord": [ 8.0, 6.0 ], "autotile_index": 0.0, "tileset": "tile_castle", "autotile": 1.0 }, "224_-64": { "coord": [ 8.0, 6.0 ], "autotile_index": 0.0, "tileset": "tile_castle", "autotile": 1.0 }, "64_-128": { "coord": [ 0.0, 0.0 ], "autotile_index": 0.0, "tileset": "tile_castle", "autotile": 1.0 }, "1280_480": { "coord": [ 8.0, 6.0 ], "autotile_index": 0.0, "tileset": "tile_castle", "autotile": 1.0 }, "352_0": { "coord": [ 2.0, 7.0 ], "autotile_index": 0.0, "tileset": "tile_castle", "autotile": 1.0 }, "640_416": { "coord": [ 3.0, 1.0 ], "autotile_index": 0.0, "tileset": "tile_castle", "autotile": 1.0 }, "832_-96": { "coord": [ 8.0, 6.0 ], "autotile_index": 0.0, "tileset": "tile_castle", "autotile": 1.0 }, "960_512": { "coord": [ 8.0, 6.0 ], "autotile_index": 0.0, "tileset": "tile_castle", "autotile": 1.0 }, "576_416": { "coord": [ 3.0, 1.0 ], "autotile_index": 0.0, "tileset": "tile_castle", "autotile": 1.0 }, "736_512": { "coord": [ 8.0, 6.0 ], "autotile_index": 0.0, "tileset": "tile_castle", "autotile": 1.0 }, "1312_-32": { "coord": [ 0.0, 0.0 ], "autotile_index": 0.0, "tileset": "tile_castle", "autotile": 1.0 }, "960_480": { "coord": [ 8.0, 6.0 ], "autotile_index": 0.0, "tileset": "tile_castle", "autotile": 1.0 }, "1312_224": { "coord": [ 0.0, 0.0 ], "autotile_index": 0.0, "tileset": "tile_castle", "autotile": 1.0 }, "320_-64": { "coord": [ 8.0, 6.0 ], "autotile_index": 0.0, "tileset": "tile_castle", "autotile": 1.0 }, "512_0": { "coord": [ 4.0, 7.0 ], "autotile_index": 0.0, "tileset": "tile_castle", "autotile": 1.0 }, "352_576": { "coord": [ 0.0, 0.0 ], "autotile_index": 0.0, "tileset": "tile_castle", "autotile": 1.0 }, "832_-64": { "coord": [ 4.0, 6.0 ], "autotile_index": 0.0, "tileset": "tile_castle", "autotile": 1.0 }, "1280_512": { "coord": [ 8.0, 6.0 ], "autotile_index": 0.0, "tileset": "tile_castle", "autotile": 1.0 }, "1152_448": { "coord": [ 5.0, 2.0 ], "autotile_index": 0.0, "tileset": "tile_castle", "autotile": 1.0 }, "0_32": { "coord": [ 6.0, 5.0 ], "autotile_index": 0.0, "tileset": "tile_castle", "autotile": 1.0 }, "160_-96": { "coord": [ 8.0, 6.0 ], "autotile_index": 0.0, "tileset": "tile_castle", "autotile": 1.0 }, "1280_-96": { "coord": [ 8.0, 6.0 ], "autotile_index": 0.0, "tileset": "tile_castle", "autotile": 1.0 }, "0_224": { "coord": [ 6.0, 5.0 ], "autotile_index": 0.0, "tileset": "tile_castle", "autotile": 1.0 }, "1088_-96": { "coord": [ 8.0, 6.0 ], "autotile_index": 0.0, "tileset": "tile_castle", "autotile": 1.0 }, "160_512": { "coord": [ 8.0, 6.0 ], "autotile_index": 0.0, "tileset": "tile_castle", "autotile": 1.0 }, "1152_512": { "coord": [ 8.0, 6.0 ], "autotile_index": 0.0, "tileset": "tile_castle", "autotile": 1.0 }, "768_480": { "coord": [ 8.0, 6.0 ], "autotile_index": 0.0, "tileset": "tile_castle", "autotile": 1.0 }, "64_-96": { "coord": [ 8.0, 6.0 ], "autotile_index": 0.0, "tileset": "tile_castle", "autotile": 1.0 }, "32_-128": { "coord": [ 0.0, 0.0 ], "autotile_index": 0.0, "tileset": "tile_castle", "autotile": 1.0 }, "1280_224": { "coord": [ 1.0, 7.0 ], "autotile_index": 0.0, "tileset": "tile_castle", "autotile": 1.0 }, "1248_480": { "coord": [ 8.0, 6.0 ], "autotile_index": 0.0, "tileset": "tile_castle", "autotile": 1.0 }, "64_-32": { "coord": [ 4.0, 6.0 ], "autotile_index": 0.0, "tileset": "tile_castle", "autotile": 1.0 }, "1216_416": { "coord": [ 5.0, 1.0 ], "autotile_index": 0.0, "tileset": "tile_castle", "autotile": 1.0 }, "448_416": { "coord": [ 5.0, 1.0 ], "autotile_index": 0.0, "tileset": "tile_castle", "autotile": 1.0 }, "96_448": { "coord": [ 5.0, 2.0 ], "autotile_index": 0.0, "tileset": "tile_castle", "autotile": 1.0 }, "480_-32": { "coord": [ 4.0, 6.0 ], "autotile_index": 0.0, "tileset": "tile_castle", "autotile": 1.0 }, "448_512": { "coord": [ 8.0, 6.0 ], "autotile_index": 0.0, "tileset": "tile_castle", "autotile": 1.0 }, "672_-128": { "coord": [ 0.0, 0.0 ], "autotile_index": 0.0, "tileset": "tile_castle", "autotile": 1.0 }, "128_512": { "coord": [ 8.0, 6.0 ], "autotile_index": 0.0, "tileset": "tile_castle", "autotile": 1.0 }, "1312_192": { "coord": [ 0.0, 0.0 ], "autotile_index": 0.0, "tileset": "tile_castle", "autotile": 1.0 }, "608_416": { "coord": [ 2.0, 1.0 ], "autotile_index": 0.0, "tileset": "tile_castle", "autotile": 1.0 }, "608_-96": { "coord": [ 8.0, 6.0 ], "autotile_index": 0.0, "tileset": "tile_castle", "autotile": 1.0 }, "704_480": { "coord": [ 8.0, 6.0 ], "autotile_index": 0.0, "tileset": "tile_castle", "autotile": 1.0 }, "256_-64": { "coord": [ 8.0, 6.0 ], "autotile_index": 0.0, "tileset": "tile_castle", "autotile": 1.0 }, "704_128": { "coord": [ 7.0, 3.0 ], "autotile_index": 0.0, "tileset": "tile_castle", "autotile": 1.0 }, "960_448": { "coord": [ 5.0, 2.0 ], "autotile_index": 0.0, "tileset": "tile_castle", "autotile": 1.0 }, "640_160": { "coord": [ 2.0, 5.0 ], "autotile_index": 0.0, "tileset": "tile_castle", "autotile": 1.0 }, "1056_416": { "coord": [ 3.0, 1.0 ], "autotile_index": 0.0, "tileset": "tile_castle", "autotile": 1.0 }, "384_448": { "coord": [ 5.0, 2.0 ], "autotile_index": 0.0, "tileset": "tile_castle", "autotile": 1.0 }, "1120_512": { "coord": [ 8.0, 6.0 ], "autotile_index": 0.0, "tileset": "tile_castle", "autotile": 1.0 }, "1024_416": { "coord": [ 5.0, 1.0 ], "autotile_index": 0.0, "tileset": "tile_castle", "autotile": 1.0 }, "896_-96": { "coord": [ 8.0, 6.0 ], "autotile_index": 0.0, "tileset": "tile_castle", "autotile": 1.0 }, "0_0": { "coord": [ 6.0, 5.0 ], "autotile_index": 0.0, "tileset": "tile_castle", "autotile": 1.0 }, "320_480": { "coord": [ 8.0, 6.0 ], "autotile_index": 0.0, "tileset": "tile_castle", "autotile": 1.0 }, "192_448": { "coord": [ 5.0, 2.0 ], "autotile_index": 0.0, "tileset": "tile_castle", "autotile": 1.0 }, "672_192": { "coord": [ 6.0, 5.0 ], "autotile_index": 0.0, "tileset": "tile_castle", "autotile": 1.0 }, "672_416": { "coord": [ 3.0, 1.0 ], "autotile_index": 0.0, "tileset": "tile_castle", "autotile": 1.0 }, "480_0": { "coord": [ 4.0, 7.0 ], "autotile_index": 0.0, "tileset": "tile_castle", "autotile": 1.0 }, "352_-96": { "coord": [ 8.0, 6.0 ], "autotile_index": 0.0, "tileset": "tile_castle", "autotile": 1.0 }, "864_448": { "coord": [ 5.0, 2.0 ], "autotile_index": 0.0, "tileset": "tile_castle", "autotile": 1.0 }, "416_-96": { "coord": [ 8.0, 6.0 ], "autotile_index": 0.0, "tileset": "tile_castle", "autotile": 1.0 }, "704_160": { "coord": [ 7.0, 5.0 ], "autotile_index": 0.0, "tileset": "tile_castle", "autotile": 1.0 }, "512_-64": { "coord": [ 8.0, 6.0 ], "autotile_index": 0.0, "tileset": "tile_castle", "autotile": 1.0 } } }, "backgrounds": { "5": { "x": -1.0, "scroll_x": 0.75, "tile_y": 1.0, "hspeed": 0.0, "scroll_y": 0.75, "panic_sprite": -1.0, "y": -237.0, "sprite": "bg_war2", "tile_x": 1.0, "vspeed": 0.0, "image_speed": 15.0 } }, "properties": { "song": "event:\/music\/boss\/pizzaface.5", "roomX": 0.0, "levelWidth": 1312.0, "roomY": -96.0, "levelHeight": 540.0, "songTransitionTime": 100.0 } }