{ "editorVersion": 5.0, "instances": [ { "layer": 0.0, "deleted": 0.0, "variables": { "x": 704.0, "flipX": 0.0, "y": 480.0, "flipY": 0.0 }, "object": 517.0 }, { "layer": 0.0, "deleted": 0.0, "variables": { "x": 736.0, "flipX": 0.0, "y": 480.0, "flipY": 0.0 }, "object": 517.0 }, { "layer": 0.0, "deleted": 0.0, "variables": { "x": 768.0, "flipX": 0.0, "y": 480.0, "flipY": 0.0 }, "object": 517.0 }, { "layer": 0.0, "deleted": 0.0, "variables": { "x": 800.0, "flipX": 0.0, "y": 480.0, "flipY": 0.0 }, "object": 517.0 }, { "layer": 0.0, "deleted": 0.0, "variables": { "x": 832.0, "flipX": 0.0, "y": 480.0, "flipY": 0.0 }, "object": 517.0 }, { "layer": 0.0, "deleted": 0.0, "variables": { "x": 288.0, "flipX": 0.0, "y": 256.0, "flipY": 0.0 }, "object": 517.0 }, { "layer": 0.0, "deleted": 0.0, "variables": { "x": 864.0, "flipX": 0.0, "y": 480.0, "flipY": 0.0 }, "object": 517.0 }, { "layer": 0.0, "deleted": 0.0, "variables": { "x": 896.0, "flipX": 0.0, "y": 480.0, "flipY": 0.0 }, "object": 517.0 }, { "layer": 0.0, "deleted": 0.0, "variables": { "x": 928.0, "flipX": 0.0, "y": 480.0, "flipY": 0.0 }, "object": 517.0 }, { "layer": 0.0, "deleted": 0.0, "variables": { "x": 960.0, "flipX": 0.0, "y": 480.0, "flipY": 0.0 }, "object": 517.0 }, { "layer": 0.0, "deleted": 0.0, "variables": { "x": 288.0, "flipX": 0.0, "y": 224.0, "flipY": 0.0 }, "object": 517.0 }, { "layer": 0.0, "deleted": 0.0, "variables": { "x": 1024.0, "flipX": 0.0, "y": 480.0, "flipY": 0.0 }, "object": 517.0 }, { "layer": 0.0, "deleted": 0.0, "variables": { "x": 992.0, "flipX": 0.0, "y": 480.0, "flipY": 0.0 }, "object": 517.0 }, { "layer": 0.0, "deleted": 0.0, "variables": { "x": 1088.0, "flipX": 0.0, "y": 480.0, "flipY": 0.0 }, "object": 517.0 }, { "layer": 0.0, "deleted": 0.0, "variables": { "x": 1056.0, "flipX": 0.0, "y": 480.0, "flipY": 0.0 }, "object": 517.0 }, { "layer": 0.0, "deleted": 0.0, "variables": { "x": 288.0, "flipX": 0.0, "y": 192.0, "flipY": 0.0 }, "object": 517.0 }, { "layer": 0.0, "deleted": 0.0, "variables": { "x": 1120.0, "flipX": 0.0, "y": 480.0, "flipY": 0.0 }, "object": 517.0 }, { "layer": 0.0, "deleted": 0.0, "variables": { "x": 1152.0, "flipX": 0.0, "y": 480.0, "flipY": 0.0 }, "object": 517.0 }, { "layer": 0.0, "deleted": 0.0, "variables": { "x": 160.0, "flipX": 0.0, "y": 128.0, "flipY": 0.0 }, "object": 739.0 }, { "layer": 0.0, "deleted": 0.0, "variables": { "x": 128.0, "flipX": 0.0, "y": 128.0, "flipY": 0.0 }, "object": 739.0 }, { "layer": 0.0, "deleted": 0.0, "variables": { "x": 96.0, "flipX": 0.0, "y": 128.0, "flipY": 0.0 }, "object": 739.0 }, { "layer": 0.0, "deleted": 0.0, "variables": { "x": 992.0, "flipX": 0.0, "y": 384.0, "flipY": 0.0 }, "object": 805.0 }, { "layer": 0.0, "deleted": 0.0, "variables": { "x": 288.0, "flipX": 0.0, "y": 96.0, "flipY": 0.0 }, "object": 517.0 }, { "layer": 0.0, "deleted": 0.0, "variables": { "x": 288.0, "flipX": 0.0, "y": 64.0, "flipY": 0.0 }, "object": 517.0 }, { "layer": 0.0, "deleted": 0.0, "variables": { "x": 288.0, "flipX": 0.0, "y": 32.0, "flipY": 0.0 }, "object": 517.0 }, { "layer": 0.0, "deleted": 0.0, "variables": { "x": 288.0, "flipX": 0.0, "y": 0.0, "flipY": 0.0 }, "object": 517.0 }, { "layer": 0.0, "deleted": 0.0, "variables": { "x": 160.0, "flipX": 0.0, "y": 64.0, "flipY": 0.0 }, "object": 807.0 }, { "layer": 0.0, "deleted": 0.0, "variables": { "x": 608.0, "flipX": 0.0, "content": "obj_pizzakinpineapple", "flipY": 0.0, "y": 448.0 }, "object": 751.0 }, { "layer": 0.0, "deleted": 0.0, "variables": { "x": 384.0, "y": 426.5, "image_xscale": 1.0, "image_yscale": 1.0, "text": "Go!", "flipX": 0.0, "flipY": 0.0 }, "object": 495.0 }, { "layer": 0.0, "deleted": 0.0, "variables": { "x": 192.0, "y": 64.0, "targetRoom": "Inside1", "image_xscale": 1.0, "image_yscale": 1.0, "flipX": 1.0, "flipY": 1.0 }, "object": 800.0 }, { "layer": 0.0, "deleted": 0.0, "variables": { "x": 288.0, "flipX": 0.0, "y": 480.0, "flipY": 0.0 }, "object": 517.0 }, { "layer": 0.0, "deleted": 0.0, "variables": { "x": 256.0, "flipX": 0.0, "y": 480.0, "flipY": 0.0 }, "object": 517.0 }, { "layer": 0.0, "deleted": 0.0, "variables": { "x": 320.0, "flipX": 0.0, "y": 480.0, "flipY": 0.0 }, "object": 517.0 }, { "layer": 0.0, "deleted": 0.0, "variables": { "x": 352.0, "flipX": 0.0, "y": 480.0, "flipY": 0.0 }, "object": 517.0 }, { "layer": 0.0, "deleted": 0.0, "variables": { "x": 448.0, "flipX": 0.0, "y": 480.0, "flipY": 0.0 }, "object": 517.0 }, { "layer": 0.0, "deleted": 0.0, "variables": { "x": 480.0, "flipX": 0.0, "y": 480.0, "flipY": 0.0 }, "object": 517.0 }, { "layer": 0.0, "deleted": 0.0, "variables": { "x": 416.0, "flipX": 0.0, "y": -32.0, "flipY": 0.0 }, "object": 517.0 }, { "layer": 0.0, "deleted": 0.0, "variables": { "x": 480.0, "flipX": 0.0, "y": -32.0, "flipY": 0.0 }, "object": 517.0 }, { "layer": 0.0, "deleted": 0.0, "variables": { "x": 192.0, "flipX": 0.0, "y": 480.0, "flipY": 0.0 }, "object": 517.0 }, { "layer": 0.0, "deleted": 0.0, "variables": { "x": 224.0, "flipX": 0.0, "y": 480.0, "flipY": 0.0 }, "object": 517.0 }, { "layer": 0.0, "deleted": 0.0, "variables": { "x": 352.0, "flipX": 0.0, "y": -32.0, "flipY": 0.0 }, "object": 517.0 }, { "layer": 0.0, "deleted": 0.0, "variables": { "x": 288.0, "flipX": 0.0, "y": -32.0, "flipY": 0.0 }, "object": 517.0 }, { "layer": 0.0, "deleted": 0.0, "variables": { "x": 512.0, "flipX": 0.0, "y": 480.0, "flipY": 0.0 }, "object": 517.0 }, { "layer": 0.0, "deleted": 0.0, "variables": { "x": 800.0, "y": 369.0, "image_xscale": 1.0, "image_yscale": 1.0, "flipX": 1.0, "flipY": 0.0 }, "object": 769.0 }, { "layer": 0.0, "deleted": 0.0, "variables": { "x": 160.0, "flipX": 0.0, "y": -32.0, "flipY": 0.0 }, "object": 517.0 }, { "layer": 0.0, "deleted": 0.0, "variables": { "x": 128.0, "flipX": 0.0, "y": -32.0, "flipY": 0.0 }, "object": 517.0 }, { "layer": 0.0, "deleted": 0.0, "variables": { "x": 96.0, "flipX": 0.0, "y": -32.0, "flipY": 0.0 }, "object": 517.0 }, { "layer": 0.0, "deleted": 0.0, "variables": { "x": 64.0, "flipX": 0.0, "y": -32.0, "flipY": 0.0 }, "object": 517.0 }, { "layer": 0.0, "deleted": 0.0, "variables": { "x": 64.0, "flipX": 0.0, "y": 0.0, "flipY": 0.0 }, "object": 517.0 }, { "layer": 0.0, "deleted": 0.0, "variables": { "x": 64.0, "flipX": 0.0, "y": 32.0, "flipY": 0.0 }, "object": 517.0 }, { "layer": 0.0, "deleted": 0.0, "variables": { "x": 64.0, "flipX": 0.0, "y": 64.0, "flipY": 0.0 }, "object": 517.0 }, { "layer": 0.0, "deleted": 0.0, "variables": { "x": 64.0, "flipX": 0.0, "y": 96.0, "flipY": 0.0 }, "object": 517.0 }, { "layer": 0.0, "deleted": 0.0, "variables": { "x": 64.0, "flipX": 0.0, "y": 128.0, "flipY": 0.0 }, "object": 517.0 }, { "layer": 0.0, "deleted": 0.0, "variables": { "x": 64.0, "flipX": 0.0, "y": 160.0, "flipY": 0.0 }, "object": 517.0 }, { "layer": 0.0, "deleted": 0.0, "variables": { "x": 64.0, "flipX": 0.0, "y": 352.0, "flipY": 0.0 }, "object": 517.0 }, { "layer": 0.0, "deleted": 0.0, "variables": { "x": 64.0, "flipX": 0.0, "y": 192.0, "flipY": 0.0 }, "object": 517.0 }, { "layer": 0.0, "deleted": 0.0, "variables": { "x": 64.0, "flipX": 0.0, "y": 224.0, "flipY": 0.0 }, "object": 517.0 }, { "layer": 0.0, "deleted": 0.0, "variables": { "x": 64.0, "flipX": 0.0, "y": 256.0, "flipY": 0.0 }, "object": 517.0 }, { "layer": 0.0, "deleted": 0.0, "variables": { "x": 64.0, "flipX": 0.0, "y": 288.0, "flipY": 0.0 }, "object": 517.0 }, { "layer": 0.0, "deleted": 0.0, "variables": { "x": 64.0, "flipX": 0.0, "y": 320.0, "flipY": 0.0 }, "object": 517.0 }, { "layer": 0.0, "deleted": 0.0, "variables": { "x": 128.0, "flipX": 0.0, "y": 480.0, "flipY": 0.0 }, "object": 517.0 }, { "layer": 0.0, "deleted": 0.0, "variables": { "x": 64.0, "flipX": 0.0, "y": 384.0, "flipY": 0.0 }, "object": 517.0 }, { "layer": 0.0, "deleted": 0.0, "variables": { "x": 64.0, "flipX": 0.0, "y": 448.0, "flipY": 0.0 }, "object": 517.0 }, { "layer": 0.0, "deleted": 0.0, "variables": { "x": 64.0, "flipX": 0.0, "y": 480.0, "flipY": 0.0 }, "object": 517.0 }, { "layer": 0.0, "deleted": 0.0, "variables": { "x": 96.0, "flipX": 0.0, "y": 480.0, "flipY": 0.0 }, "object": 517.0 }, { "layer": 0.0, "deleted": 0.0, "variables": { "x": 64.0, "flipX": 0.0, "y": 416.0, "flipY": 0.0 }, "object": 517.0 }, { "layer": 0.0, "deleted": 0.0, "variables": { "x": 32.0, "flipX": 0.0, "y": 320.0, "flipY": 0.0 }, "object": 517.0 }, { "layer": 0.0, "deleted": 0.0, "variables": { "x": 32.0, "flipX": 0.0, "y": 288.0, "flipY": 0.0 }, "object": 517.0 }, { "layer": 0.0, "deleted": 0.0, "variables": { "x": 0.0, "flipX": 0.0, "y": 288.0, "flipY": 0.0 }, "object": 517.0 }, { "layer": 0.0, "deleted": 0.0, "variables": { "x": 0.0, "flipX": 0.0, "y": 320.0, "flipY": 0.0 }, "object": 517.0 }, { "layer": 0.0, "deleted": 0.0, "variables": { "x": 0.0, "flipX": 0.0, "y": 32.0, "flipY": 0.0 }, "object": 517.0 }, { "layer": 0.0, "deleted": 0.0, "variables": { "x": 0.0, "flipX": 0.0, "y": 64.0, "flipY": 0.0 }, "object": 517.0 }, { "layer": 0.0, "deleted": 0.0, "variables": { "x": 0.0, "flipX": 0.0, "y": 96.0, "flipY": 0.0 }, "object": 517.0 }, { "layer": 0.0, "deleted": 0.0, "variables": { "x": 0.0, "flipX": 0.0, "y": 128.0, "flipY": 0.0 }, "object": 517.0 }, { "layer": 0.0, "deleted": 0.0, "variables": { "x": 0.0, "flipX": 0.0, "y": 160.0, "flipY": 0.0 }, "object": 517.0 }, { "layer": 0.0, "deleted": 0.0, "variables": { "x": 0.0, "flipX": 0.0, "y": 192.0, "flipY": 0.0 }, "object": 517.0 }, { "layer": 0.0, "deleted": 0.0, "variables": { "x": 0.0, "flipX": 0.0, "y": 224.0, "flipY": 0.0 }, "object": 517.0 }, { "layer": 0.0, "deleted": 0.0, "variables": { "x": 0.0, "flipX": 0.0, "y": 256.0, "flipY": 0.0 }, "object": 517.0 }, { "layer": 0.0, "deleted": 0.0, "variables": { "x": 32.0, "flipX": 0.0, "y": 256.0, "flipY": 0.0 }, "object": 517.0 }, { "layer": 0.0, "deleted": 0.0, "variables": { "x": 32.0, "flipX": 0.0, "y": 224.0, "flipY": 0.0 }, "object": 517.0 }, { "layer": 0.0, "deleted": 0.0, "variables": { "x": 32.0, "flipX": 0.0, "y": 192.0, "flipY": 0.0 }, "object": 517.0 }, { "layer": 0.0, "deleted": 0.0, "variables": { "x": 32.0, "flipX": 0.0, "y": 160.0, "flipY": 0.0 }, "object": 517.0 }, { "layer": 0.0, "deleted": 0.0, "variables": { "x": 32.0, "flipX": 0.0, "y": 128.0, "flipY": 0.0 }, "object": 517.0 }, { "layer": 0.0, "deleted": 0.0, "variables": { "x": 32.0, "flipX": 0.0, "y": 96.0, "flipY": 0.0 }, "object": 517.0 }, { "layer": 0.0, "deleted": 0.0, "variables": { "x": 32.0, "flipX": 0.0, "y": 64.0, "flipY": 0.0 }, "object": 517.0 }, { "layer": 0.0, "deleted": 0.0, "variables": { "x": 32.0, "flipX": 0.0, "y": 32.0, "flipY": 0.0 }, "object": 517.0 }, { "layer": 0.0, "deleted": 0.0, "variables": { "x": 32.0, "flipX": 0.0, "y": 0.0, "flipY": 0.0 }, "object": 517.0 }, { "layer": 0.0, "deleted": 0.0, "variables": { "x": 0.0, "flipX": 0.0, "y": 0.0, "flipY": 0.0 }, "object": 517.0 }, { "layer": 0.0, "deleted": 0.0, "variables": { "x": 0.0, "flipX": 0.0, "y": -32.0, "flipY": 0.0 }, "object": 517.0 }, { "layer": 0.0, "deleted": 0.0, "variables": { "x": 0.0, "flipX": 0.0, "y": -64.0, "flipY": 0.0 }, "object": 517.0 }, { "layer": 0.0, "deleted": 0.0, "variables": { "x": 992.0, "y": 448.0, "targetRoom": "Escape1", "image_xscale": 1.0, "image_yscale": 1.0, "flipX": 0.0, "flipY": 0.0 }, "object": 800.0 }, { "layer": 0.0, "deleted": 0.0, "variables": { "x": 672.0, "flipX": 0.0, "y": 480.0, "flipY": 0.0 }, "object": 517.0 }, { "layer": 0.0, "deleted": 0.0, "variables": { "x": 640.0, "flipX": 0.0, "y": 480.0, "flipY": 0.0 }, "object": 517.0 }, { "layer": 0.0, "deleted": 0.0, "variables": { "x": 608.0, "flipX": 0.0, "y": 480.0, "flipY": 0.0 }, "object": 517.0 }, { "layer": 0.0, "deleted": 0.0, "variables": { "x": 576.0, "flipX": 0.0, "y": 480.0, "flipY": 0.0 }, "object": 517.0 }, { "layer": 0.0, "deleted": 0.0, "variables": { "x": 544.0, "flipX": 0.0, "y": 480.0, "flipY": 0.0 }, "object": 517.0 }, { "layer": 0.0, "deleted": 0.0, "variables": { "x": 160.0, "flipX": 0.0, "y": 480.0, "flipY": 0.0 }, "object": 517.0 }, { "layer": 0.0, "deleted": 0.0, "variables": { "x": 512.0, "flipX": 0.0, "y": -32.0, "flipY": 0.0 }, "object": 517.0 }, { "layer": 0.0, "deleted": 0.0, "variables": { "x": 448.0, "flipX": 0.0, "y": -32.0, "flipY": 0.0 }, "object": 517.0 }, { "layer": 0.0, "deleted": 0.0, "variables": { "x": 384.0, "flipX": 0.0, "y": -32.0, "flipY": 0.0 }, "object": 517.0 }, { "layer": 0.0, "deleted": 0.0, "variables": { "x": 320.0, "flipX": 0.0, "y": -32.0, "flipY": 0.0 }, "object": 517.0 }, { "layer": 0.0, "deleted": 0.0, "variables": { "x": 256.0, "flipX": 0.0, "y": -32.0, "flipY": 0.0 }, "object": 517.0 }, { "layer": 0.0, "deleted": 0.0, "variables": { "x": 192.0, "flipX": 0.0, "y": -32.0, "flipY": 0.0 }, "object": 517.0 }, { "layer": 0.0, "deleted": 0.0, "variables": { "x": 224.0, "flipX": 0.0, "y": -32.0, "flipY": 0.0 }, "object": 517.0 }, { "layer": 0.0, "deleted": 0.0, "variables": { "x": 384.0, "flipX": 0.0, "y": 480.0, "flipY": 0.0 }, "object": 517.0 }, { "layer": 0.0, "deleted": 0.0, "variables": { "x": 416.0, "flipX": 0.0, "y": 480.0, "flipY": 0.0 }, "object": 517.0 }, { "layer": 0.0, "deleted": 0.0, "variables": { "x": 544.0, "flipX": 0.0, "y": -32.0, "flipY": 0.0 }, "object": 517.0 }, { "layer": 0.0, "deleted": 0.0, "variables": { "x": 576.0, "flipX": 0.0, "y": -32.0, "flipY": 0.0 }, "object": 517.0 }, { "layer": 0.0, "deleted": 0.0, "variables": { "x": 608.0, "flipX": 0.0, "y": -32.0, "flipY": 0.0 }, "object": 517.0 }, { "layer": 0.0, "deleted": 0.0, "variables": { "x": 640.0, "flipX": 0.0, "y": -32.0, "flipY": 0.0 }, "object": 517.0 }, { "layer": 0.0, "deleted": 0.0, "variables": { "x": 672.0, "flipX": 0.0, "y": -32.0, "flipY": 0.0 }, "object": 517.0 }, { "layer": 0.0, "deleted": 0.0, "variables": { "x": 704.0, "flipX": 0.0, "y": -32.0, "flipY": 0.0 }, "object": 517.0 }, { "layer": 0.0, "deleted": 0.0, "variables": { "x": 736.0, "flipX": 0.0, "y": -32.0, "flipY": 0.0 }, "object": 517.0 }, { "layer": 0.0, "deleted": 0.0, "variables": { "x": 736.0, "flipX": 0.0, "y": 0.0, "flipY": 0.0 }, "object": 517.0 }, { "layer": 0.0, "deleted": 0.0, "variables": { "x": 736.0, "flipX": 0.0, "y": 32.0, "flipY": 0.0 }, "object": 517.0 }, { "layer": 0.0, "deleted": 0.0, "variables": { "x": 736.0, "flipX": 0.0, "y": 64.0, "flipY": 0.0 }, "object": 517.0 }, { "layer": 0.0, "deleted": 0.0, "variables": { "x": 736.0, "flipX": 0.0, "y": 96.0, "flipY": 0.0 }, "object": 517.0 }, { "layer": 0.0, "deleted": 0.0, "variables": { "x": 736.0, "flipX": 0.0, "y": 128.0, "flipY": 0.0 }, "object": 517.0 }, { "layer": 0.0, "deleted": 0.0, "variables": { "x": 736.0, "flipX": 0.0, "y": 160.0, "flipY": 0.0 }, "object": 517.0 }, { "layer": 0.0, "deleted": 0.0, "variables": { "x": 736.0, "flipX": 0.0, "y": 192.0, "flipY": 0.0 }, "object": 517.0 }, { "layer": 0.0, "deleted": 0.0, "variables": { "x": 736.0, "flipX": 0.0, "y": 224.0, "flipY": 0.0 }, "object": 517.0 }, { "layer": 0.0, "deleted": 0.0, "variables": { "x": 768.0, "flipX": 0.0, "y": 224.0, "flipY": 0.0 }, "object": 517.0 }, { "layer": 0.0, "deleted": 0.0, "variables": { "x": 800.0, "flipX": 0.0, "y": 224.0, "flipY": 0.0 }, "object": 517.0 }, { "layer": 0.0, "deleted": 0.0, "variables": { "x": 832.0, "flipX": 0.0, "y": 224.0, "flipY": 0.0 }, "object": 517.0 }, { "layer": 0.0, "deleted": 0.0, "variables": { "x": 832.0, "flipX": 0.0, "y": 192.0, "flipY": 0.0 }, "object": 517.0 }, { "layer": 0.0, "deleted": 0.0, "variables": { "x": 832.0, "flipX": 0.0, "y": 160.0, "flipY": 0.0 }, "object": 517.0 }, { "layer": 0.0, "deleted": 0.0, "variables": { "x": 832.0, "flipX": 0.0, "y": 128.0, "flipY": 0.0 }, "object": 517.0 }, { "layer": 0.0, "deleted": 0.0, "variables": { "x": 832.0, "flipX": 0.0, "y": 96.0, "flipY": 0.0 }, "object": 517.0 }, { "layer": 0.0, "deleted": 0.0, "variables": { "x": 832.0, "flipX": 0.0, "y": 64.0, "flipY": 0.0 }, "object": 517.0 }, { "layer": 0.0, "deleted": 0.0, "variables": { "x": 832.0, "flipX": 0.0, "y": 32.0, "flipY": 0.0 }, "object": 517.0 }, { "layer": 0.0, "deleted": 0.0, "variables": { "x": 832.0, "flipX": 0.0, "y": 0.0, "flipY": 0.0 }, "object": 517.0 }, { "layer": 0.0, "deleted": 0.0, "variables": { "x": 832.0, "flipX": 0.0, "y": -32.0, "flipY": 0.0 }, "object": 517.0 }, { "layer": 0.0, "deleted": 0.0, "variables": { "x": 864.0, "flipX": 0.0, "y": -32.0, "flipY": 0.0 }, "object": 517.0 }, { "layer": 0.0, "deleted": 0.0, "variables": { "x": 896.0, "flipX": 0.0, "y": -32.0, "flipY": 0.0 }, "object": 517.0 }, { "layer": 0.0, "deleted": 0.0, "variables": { "x": 928.0, "flipX": 0.0, "y": -32.0, "flipY": 0.0 }, "object": 517.0 }, { "layer": 0.0, "deleted": 0.0, "variables": { "x": 960.0, "flipX": 0.0, "y": -32.0, "flipY": 0.0 }, "object": 517.0 }, { "layer": 0.0, "deleted": 0.0, "variables": { "x": 992.0, "flipX": 0.0, "y": -32.0, "flipY": 0.0 }, "object": 517.0 }, { "layer": 0.0, "deleted": 0.0, "variables": { "x": 1024.0, "flipX": 0.0, "y": -32.0, "flipY": 0.0 }, "object": 517.0 }, { "layer": 0.0, "deleted": 0.0, "variables": { "x": 1056.0, "flipX": 0.0, "y": -32.0, "flipY": 0.0 }, "object": 517.0 }, { "layer": 0.0, "deleted": 0.0, "variables": { "x": 1088.0, "flipX": 0.0, "y": -32.0, "flipY": 0.0 }, "object": 517.0 }, { "layer": 0.0, "deleted": 0.0, "variables": { "x": 1088.0, "flipX": 0.0, "y": 0.0, "flipY": 0.0 }, "object": 517.0 }, { "layer": 0.0, "deleted": 0.0, "variables": { "x": 1120.0, "flipX": 0.0, "y": 0.0, "flipY": 0.0 }, "object": 517.0 }, { "layer": 0.0, "deleted": 0.0, "variables": { "x": 1120.0, "flipX": 0.0, "y": 32.0, "flipY": 0.0 }, "object": 517.0 }, { "layer": 0.0, "deleted": 0.0, "variables": { "x": 1120.0, "flipX": 0.0, "y": 64.0, "flipY": 0.0 }, "object": 517.0 }, { "layer": 0.0, "deleted": 0.0, "variables": { "x": 1152.0, "flipX": 0.0, "y": 64.0, "flipY": 0.0 }, "object": 517.0 }, { "layer": 0.0, "deleted": 0.0, "variables": { "x": 1152.0, "flipX": 0.0, "y": 96.0, "flipY": 0.0 }, "object": 517.0 }, { "layer": 0.0, "deleted": 0.0, "variables": { "x": 1152.0, "flipX": 0.0, "y": 128.0, "flipY": 0.0 }, "object": 517.0 }, { "layer": 0.0, "deleted": 0.0, "variables": { "x": 1152.0, "flipX": 0.0, "y": 160.0, "flipY": 0.0 }, "object": 517.0 }, { "layer": 0.0, "deleted": 0.0, "variables": { "x": 1152.0, "flipX": 0.0, "y": 192.0, "flipY": 0.0 }, "object": 517.0 }, { "layer": 0.0, "deleted": 0.0, "variables": { "x": 1152.0, "flipX": 0.0, "y": 224.0, "flipY": 0.0 }, "object": 517.0 }, { "layer": 0.0, "deleted": 0.0, "variables": { "x": 1152.0, "flipX": 0.0, "y": 256.0, "flipY": 0.0 }, "object": 517.0 }, { "layer": 0.0, "deleted": 0.0, "variables": { "x": 1152.0, "flipX": 0.0, "y": 288.0, "flipY": 0.0 }, "object": 517.0 }, { "layer": 0.0, "deleted": 0.0, "variables": { "x": 1152.0, "flipX": 0.0, "y": 320.0, "flipY": 0.0 }, "object": 517.0 }, { "layer": 0.0, "deleted": 0.0, "variables": { "x": 1152.0, "flipX": 0.0, "y": 352.0, "flipY": 0.0 }, "object": 517.0 }, { "layer": 0.0, "deleted": 0.0, "variables": { "x": 1152.0, "flipX": 0.0, "y": 384.0, "flipY": 0.0 }, "object": 517.0 }, { "layer": 0.0, "deleted": 0.0, "variables": { "x": 1152.0, "flipX": 0.0, "y": 416.0, "flipY": 0.0 }, "object": 517.0 }, { "layer": 0.0, "deleted": 0.0, "variables": { "x": 1152.0, "flipX": 0.0, "y": 448.0, "flipY": 0.0 }, "object": 517.0 }, { "layer": 0.0, "deleted": 0.0, "variables": { "x": 288.0, "flipX": 0.0, "y": 288.0, "flipY": 0.0 }, "object": 517.0 }, { "layer": 0.0, "deleted": 0.0, "variables": { "x": 288.0, "flipX": 0.0, "y": 320.0, "flipY": 0.0 }, "object": 517.0 }, { "layer": 0.0, "deleted": 0.0, "variables": { "x": 320.0, "flipX": 0.0, "y": 320.0, "flipY": 0.0 }, "object": 517.0 }, { "layer": 0.0, "deleted": 0.0, "variables": { "x": 352.0, "flipX": 0.0, "y": 320.0, "flipY": 0.0 }, "object": 517.0 }, { "layer": 0.0, "deleted": 0.0, "variables": { "x": 384.0, "flipX": 0.0, "y": 320.0, "flipY": 0.0 }, "object": 517.0 }, { "layer": 0.0, "deleted": 0.0, "variables": { "x": 416.0, "flipX": 0.0, "y": 320.0, "flipY": 0.0 }, "object": 517.0 }, { "layer": 0.0, "deleted": 0.0, "variables": { "x": 416.0, "flipX": 0.0, "y": 288.0, "flipY": 0.0 }, "object": 517.0 }, { "layer": 0.0, "deleted": 0.0, "variables": { "x": 416.0, "flipX": 0.0, "y": 256.0, "flipY": 0.0 }, "object": 517.0 }, { "layer": 0.0, "deleted": 0.0, "variables": { "x": 416.0, "flipX": 0.0, "y": 224.0, "flipY": 0.0 }, "object": 517.0 }, { "layer": 0.0, "deleted": 0.0, "variables": { "x": 416.0, "flipX": 0.0, "y": 192.0, "flipY": 0.0 }, "object": 517.0 }, { "layer": 0.0, "deleted": 0.0, "variables": { "x": 416.0, "flipX": 0.0, "y": 160.0, "flipY": 0.0 }, "object": 517.0 }, { "layer": 0.0, "deleted": 0.0, "variables": { "x": 416.0, "flipX": 0.0, "y": 128.0, "flipY": 0.0 }, "object": 517.0 }, { "layer": 0.0, "deleted": 0.0, "variables": { "x": 416.0, "flipX": 0.0, "y": 96.0, "flipY": 0.0 }, "object": 517.0 }, { "layer": 0.0, "deleted": 0.0, "variables": { "x": 416.0, "flipX": 0.0, "y": 64.0, "flipY": 0.0 }, "object": 517.0 }, { "layer": 0.0, "deleted": 0.0, "variables": { "x": 416.0, "flipX": 0.0, "y": 32.0, "flipY": 0.0 }, "object": 517.0 }, { "layer": 0.0, "deleted": 0.0, "variables": { "x": 416.0, "flipX": 0.0, "y": 0.0, "flipY": 0.0 }, "object": 517.0 }, { "layer": 0.0, "deleted": 0.0, "variables": { "x": 288.0, "flipX": 0.0, "y": 128.0, "flipY": 0.0 }, "object": 517.0 }, { "layer": 0.0, "deleted": 0.0, "variables": { "x": 288.0, "flipX": 0.0, "y": 160.0, "flipY": 0.0 }, "object": 517.0 }, { "layer": 0.0, "deleted": 0.0, "variables": { "x": 192.0, "flipX": 0.0, "y": 128.0, "flipY": 0.0 }, "object": 739.0 }, { "layer": 0.0, "deleted": 0.0, "variables": { "x": 224.0, "flipX": 0.0, "y": 128.0, "flipY": 0.0 }, "object": 739.0 }, { "layer": 0.0, "deleted": 0.0, "variables": { "x": 256.0, "flipX": 0.0, "y": 128.0, "flipY": 0.0 }, "object": 739.0 }, { "layer": 0.0, "deleted": 0.0, "variables": { "x": 256.0, "flipX": 0.0, "y": 160.0, "flipY": 0.0 }, "object": 739.0 }, { "layer": 0.0, "deleted": 0.0, "variables": { "x": 224.0, "flipX": 0.0, "y": 160.0, "flipY": 0.0 }, "object": 739.0 }, { "layer": 0.0, "deleted": 0.0, "variables": { "x": 192.0, "flipX": 0.0, "y": 160.0, "flipY": 0.0 }, "object": 739.0 }, { "layer": 0.0, "deleted": 0.0, "variables": { "x": 160.0, "flipX": 0.0, "y": 160.0, "flipY": 0.0 }, "object": 739.0 }, { "layer": 0.0, "deleted": 0.0, "variables": { "x": 128.0, "flipX": 0.0, "y": 160.0, "flipY": 0.0 }, "object": 739.0 }, { "layer": 0.0, "deleted": 0.0, "variables": { "x": 96.0, "flipX": 0.0, "y": 160.0, "flipY": 0.0 }, "object": 739.0 }, { "layer": 0.0, "deleted": 0.0, "variables": { "x": 96.0, "flipX": 0.0, "y": 192.0, "flipY": 0.0 }, "object": 739.0 }, { "layer": 0.0, "deleted": 0.0, "variables": { "x": 128.0, "flipX": 0.0, "y": 192.0, "flipY": 0.0 }, "object": 739.0 }, { "layer": 0.0, "deleted": 0.0, "variables": { "x": 160.0, "flipX": 0.0, "y": 192.0, "flipY": 0.0 }, "object": 739.0 }, { "layer": 0.0, "deleted": 0.0, "variables": { "x": 192.0, "flipX": 0.0, "y": 192.0, "flipY": 0.0 }, "object": 739.0 }, { "layer": 0.0, "deleted": 0.0, "variables": { "x": 224.0, "flipX": 0.0, "y": 192.0, "flipY": 0.0 }, "object": 739.0 }, { "layer": 0.0, "deleted": 0.0, "variables": { "x": 256.0, "flipX": 0.0, "y": 192.0, "flipY": 0.0 }, "object": 739.0 }, { "layer": 0.0, "deleted": 0.0, "variables": { "x": 576.0, "y": 256.0, "image_xscale": 1.0, "image_yscale": 1.0, "flipX": 0.0, "flipY": 0.0 }, "object": 288.0 }, { "layer": 0.0, "deleted": 0.0, "variables": { "x": 608.0, "flipX": 0.0, "y": 256.0, "flipY": 0.0 }, "object": 804.0 } ], "tile_data": { "5": { "1120_-32": { "autotile": 1.0, "autotile_index": 0.0, "tileset": "tile_entrance1", "coord": [ 7.0, 5.0 ] }, "576_-64": { "autotile": 1.0, "autotile_index": 0.0, "tileset": "tile_entrance1", "coord": [ 7.0, 5.0 ] }, "704_-32": { "autotile": 1.0, "autotile_index": 0.0, "tileset": "tile_entrance1", "coord": [ 5.0, 6.0 ] }, "832_160": { "autotile": 1.0, "autotile_index": 0.0, "tileset": "tile_entrance1", "coord": [ 6.0, 5.0 ] }, "864_512": { "autotile": 1.0, "autotile_index": 0.0, "tileset": "tile_entrance1", "coord": [ 7.0, 5.0 ] }, "64_352": { "autotile": 1.0, "autotile_index": 0.0, "tileset": "tile_entrance1", "coord": [ 6.0, 5.0 ] }, "0_512": { "autotile": 1.0, "autotile_index": 0.0, "tileset": "tile_entrance1", "coord": [ 7.0, 4.0 ] }, "0_288": { "autotile": 1.0, "autotile_index": 0.0, "tileset": "tile_entrance1", "coord": [ 7.0, 4.0 ] }, "800_-32": { "autotile": 1.0, "autotile_index": 0.0, "tileset": "tile_entrance1", "coord": [ 7.0, 5.0 ] }, "288_288": { "coord": [ 4.0, 5.0 ], "autotile_index": 0.0, "tileset": "tile_entrance1", "autotile": 1.0 }, "1184_-32": { "autotile": 1.0, "autotile_index": 0.0, "tileset": "tile_entrance1", "coord": [ 7.0, 4.0 ] }, "416_544": { "autotile": 1.0, "autotile_index": 0.0, "tileset": "tile_entrance1", "coord": [ 0.0, 0.0 ] }, "832_480": { "autotile": 1.0, "autotile_index": 0.0, "tileset": "tile_entrance1", "coord": [ 5.0, 4.0 ] }, "96_-32": { "autotile": 1.0, "autotile_index": 0.0, "tileset": "tile_entrance1", "coord": [ 5.0, 6.0 ] }, "800_128": { "autotile": 1.0, "autotile_index": 0.0, "tileset": "tile_entrance1", "coord": [ 7.0, 5.0 ] }, "288_-64": { "coord": [ 7.0, 5.0 ], "autotile_index": 0.0, "tileset": "tile_entrance1", "autotile": 1.0 }, "1088_-64": { "autotile": 1.0, "autotile_index": 0.0, "tileset": "tile_entrance1", "coord": [ 7.0, 5.0 ] }, "576_512": { "autotile": 1.0, "autotile_index": 0.0, "tileset": "tile_entrance1", "coord": [ 7.0, 5.0 ] }, "256_-64": { "coord": [ 7.0, 5.0 ], "autotile_index": 0.0, "tileset": "tile_entrance1", "autotile": 1.0 }, "32_448": { "autotile": 1.0, "autotile_index": 0.0, "tileset": "tile_entrance1", "coord": [ 7.0, 5.0 ] }, "64_512": { "autotile": 1.0, "autotile_index": 0.0, "tileset": "tile_entrance1", "coord": [ 7.0, 5.0 ] }, "736_-64": { "autotile": 1.0, "autotile_index": 0.0, "tileset": "tile_entrance1", "coord": [ 7.0, 5.0 ] }, "416_128": { "coord": [ 6.0, 5.0 ], "autotile_index": 0.0, "tileset": "tile_entrance1", "autotile": 1.0 }, "32_416": { "autotile": 1.0, "autotile_index": 0.0, "tileset": "tile_entrance1", "coord": [ 7.0, 5.0 ] }, "224_-160": { "autotile": 1.0, "autotile_index": 0.0, "tileset": "tile_entrance1", "coord": [ 0.0, 0.0 ] }, "1152_0": { "autotile": 1.0, "autotile_index": 0.0, "tileset": "tile_entrance1", "coord": [ 7.0, 5.0 ] }, "64_96": { "autotile": 1.0, "autotile_index": 0.0, "tileset": "tile_entrance1", "coord": [ 6.0, 5.0 ] }, "416_-32": { "coord": [ 4.0, 1.0 ], "autotile_index": 0.0, "tileset": "tile_entrance1", "autotile": 1.0 }, "384_96": { "coord": [ 7.0, 5.0 ], "autotile_index": 0.0, "tileset": "tile_entrance1", "autotile": 1.0 }, "864_-32": { "autotile": 1.0, "autotile_index": 0.0, "tileset": "tile_entrance1", "coord": [ 5.0, 6.0 ] }, "64_256": { "autotile": 1.0, "autotile_index": 0.0, "tileset": "tile_entrance1", "coord": [ 6.0, 5.0 ] }, "448_-32": { "coord": [ 5.0, 6.0 ], "autotile_index": 0.0, "tileset": "tile_entrance1", "autotile": 1.0 }, "1248_-32": { "autotile": 1.0, "autotile_index": 0.0, "tileset": "tile_entrance1", "coord": [ 0.0, 0.0 ] }, "32_192": { "autotile": 1.0, "autotile_index": 0.0, "tileset": "tile_entrance1", "coord": [ 7.0, 5.0 ] }, "768_0": { "autotile": 1.0, "autotile_index": 0.0, "tileset": "tile_entrance1", "coord": [ 7.0, 5.0 ] }, "384_192": { "coord": [ 7.0, 5.0 ], "autotile_index": 0.0, "tileset": "tile_entrance1", "autotile": 1.0 }, "736_64": { "autotile": 1.0, "autotile_index": 0.0, "tileset": "tile_entrance1", "coord": [ 4.0, 5.0 ] }, "64_320": { "autotile": 1.0, "autotile_index": 0.0, "tileset": "tile_entrance1", "coord": [ 6.0, 5.0 ] }, "352_224": { "coord": [ 7.0, 4.0 ], "autotile_index": 0.0, "tileset": "tile_entrance1", "autotile": 1.0 }, "416_0": { "coord": [ 6.0, 5.0 ], "autotile_index": 0.0, "tileset": "tile_entrance1", "autotile": 1.0 }, "320_288": { "coord": [ 7.0, 5.0 ], "autotile_index": 0.0, "tileset": "tile_entrance1", "autotile": 1.0 }, "800_160": { "autotile": 1.0, "autotile_index": 0.0, "tileset": "tile_entrance1", "coord": [ 7.0, 5.0 ] }, "1120_0": { "autotile": 1.0, "autotile_index": 0.0, "tileset": "tile_entrance1", "coord": [ 6.0, 1.0 ] }, "736_512": { "autotile": 1.0, "autotile_index": 0.0, "tileset": "tile_entrance1", "coord": [ 7.0, 5.0 ] }, "1216_480": { "autotile": 1.0, "autotile_index": 0.0, "tileset": "tile_entrance1", "coord": [ 7.0, 4.0 ] }, "1056_-32": { "autotile": 1.0, "autotile_index": 0.0, "tileset": "tile_entrance1", "coord": [ 5.0, 6.0 ] }, "288_0": { "coord": [ 4.0, 5.0 ], "autotile_index": 0.0, "tileset": "tile_entrance1", "autotile": 1.0 }, "1152_320": { "autotile": 1.0, "autotile_index": 0.0, "tileset": "tile_entrance1", "coord": [ 4.0, 5.0 ] }, "288_64": { "coord": [ 4.0, 5.0 ], "autotile_index": 0.0, "tileset": "tile_entrance1", "autotile": 1.0 }, "800_480": { "autotile": 1.0, "autotile_index": 0.0, "tileset": "tile_entrance1", "coord": [ 5.0, 4.0 ] }, "96_-128": { "autotile": 1.0, "autotile_index": 0.0, "tileset": "tile_entrance1", "coord": [ 0.0, 0.0 ] }, "192_480": { "autotile": 1.0, "autotile_index": 0.0, "tileset": "tile_entrance1", "coord": [ 5.0, 4.0 ] }, "320_160": { "coord": [ 7.0, 5.0 ], "autotile_index": 0.0, "tileset": "tile_entrance1", "autotile": 1.0 }, "640_544": { "autotile": 1.0, "autotile_index": 0.0, "tileset": "tile_entrance1", "coord": [ 0.0, 0.0 ] }, "352_-32": { "coord": [ 7.0, 4.0 ], "autotile_index": 0.0, "tileset": "tile_entrance1", "autotile": 1.0 }, "1152_256": { "autotile": 1.0, "autotile_index": 0.0, "tileset": "tile_entrance1", "coord": [ 4.0, 5.0 ] }, "800_224": { "autotile": 1.0, "autotile_index": 0.0, "tileset": "tile_entrance1", "coord": [ 5.0, 6.0 ] }, "384_256": { "coord": [ 7.0, 5.0 ], "autotile_index": 0.0, "tileset": "tile_entrance1", "autotile": 1.0 }, "288_-160": { "autotile": 1.0, "autotile_index": 0.0, "tileset": "tile_entrance1", "coord": [ 0.0, 0.0 ] }, "32_480": { "autotile": 1.0, "autotile_index": 0.0, "tileset": "tile_entrance1", "coord": [ 7.0, 5.0 ] }, "736_128": { "autotile": 1.0, "autotile_index": 0.0, "tileset": "tile_entrance1", "coord": [ 4.0, 5.0 ] }, "1216_288": { "autotile": 1.0, "autotile_index": 0.0, "tileset": "tile_entrance1", "coord": [ 7.0, 4.0 ] }, "288_192": { "coord": [ 4.0, 5.0 ], "autotile_index": 0.0, "tileset": "tile_entrance1", "autotile": 1.0 }, "64_64": { "autotile": 1.0, "autotile_index": 0.0, "tileset": "tile_entrance1", "coord": [ 6.0, 5.0 ] }, "384_32": { "coord": [ 7.0, 5.0 ], "autotile_index": 0.0, "tileset": "tile_entrance1", "autotile": 1.0 }, "352_192": { "coord": [ 7.0, 4.0 ], "autotile_index": 0.0, "tileset": "tile_entrance1", "autotile": 1.0 }, "832_0": { "autotile": 1.0, "autotile_index": 0.0, "tileset": "tile_entrance1", "coord": [ 6.0, 5.0 ] }, "352_128": { "coord": [ 7.0, 4.0 ], "autotile_index": 0.0, "tileset": "tile_entrance1", "autotile": 1.0 }, "384_512": { "autotile": 1.0, "autotile_index": 0.0, "tileset": "tile_entrance1", "coord": [ 7.0, 5.0 ] }, "672_-64": { "autotile": 1.0, "autotile_index": 0.0, "tileset": "tile_entrance1", "coord": [ 7.0, 5.0 ] }, "1216_448": { "autotile": 1.0, "autotile_index": 0.0, "tileset": "tile_entrance1", "coord": [ 7.0, 4.0 ] }, "1216_192": { "autotile": 1.0, "autotile_index": 0.0, "tileset": "tile_entrance1", "coord": [ 7.0, 4.0 ] }, "480_480": { "autotile": 1.0, "autotile_index": 0.0, "tileset": "tile_entrance1", "coord": [ 5.0, 4.0 ] }, "672_544": { "autotile": 1.0, "autotile_index": 0.0, "tileset": "tile_entrance1", "coord": [ 0.0, 0.0 ] }, "512_-64": { "autotile": 1.0, "autotile_index": 0.0, "tileset": "tile_entrance1", "coord": [ 7.0, 5.0 ] }, "320_224": { "coord": [ 7.0, 5.0 ], "autotile_index": 0.0, "tileset": "tile_entrance1", "autotile": 1.0 }, "352_-64": { "coord": [ 7.0, 4.0 ], "autotile_index": 0.0, "tileset": "tile_entrance1", "autotile": 1.0 }, "1216_-64": { "autotile": 1.0, "autotile_index": 0.0, "tileset": "tile_entrance1", "coord": [ 7.0, 4.0 ] }, "1216_128": { "autotile": 1.0, "autotile_index": 0.0, "tileset": "tile_entrance1", "coord": [ 7.0, 4.0 ] }, "768_-32": { "autotile": 1.0, "autotile_index": 0.0, "tileset": "tile_entrance1", "coord": [ 7.0, 5.0 ] }, "992_480": { "autotile": 1.0, "autotile_index": 0.0, "tileset": "tile_entrance1", "coord": [ 5.0, 4.0 ] }, "288_224": { "coord": [ 4.0, 5.0 ], "autotile_index": 0.0, "tileset": "tile_entrance1", "autotile": 1.0 }, "960_480": { "autotile": 1.0, "autotile_index": 0.0, "tileset": "tile_entrance1", "coord": [ 5.0, 4.0 ] }, "224_512": { "autotile": 1.0, "autotile_index": 0.0, "tileset": "tile_entrance1", "coord": [ 7.0, 5.0 ] }, "1216_416": { "autotile": 1.0, "autotile_index": 0.0, "tileset": "tile_entrance1", "coord": [ 7.0, 4.0 ] }, "1248_0": { "autotile": 1.0, "autotile_index": 0.0, "tileset": "tile_entrance1", "coord": [ 0.0, 0.0 ] }, "1184_0": { "autotile": 1.0, "autotile_index": 0.0, "tileset": "tile_entrance1", "coord": [ 7.0, 4.0 ] }, "1184_512": { "autotile": 1.0, "autotile_index": 0.0, "tileset": "tile_entrance1", "coord": [ 7.0, 5.0 ] }, "256_480": { "autotile": 1.0, "autotile_index": 0.0, "tileset": "tile_entrance1", "coord": [ 5.0, 4.0 ] }, "1152_96": { "autotile": 1.0, "autotile_index": 0.0, "tileset": "tile_entrance1", "coord": [ 4.0, 5.0 ] }, "544_544": { "autotile": 1.0, "autotile_index": 0.0, "tileset": "tile_entrance1", "coord": [ 0.0, 0.0 ] }, "1184_352": { "autotile": 1.0, "autotile_index": 0.0, "tileset": "tile_entrance1", "coord": [ 7.0, 5.0 ] }, "480_544": { "autotile": 1.0, "autotile_index": 0.0, "tileset": "tile_entrance1", "coord": [ 0.0, 0.0 ] }, "64_0": { "autotile": 1.0, "autotile_index": 0.0, "tileset": "tile_entrance1", "coord": [ 6.0, 5.0 ] }, "32_160": { "autotile": 1.0, "autotile_index": 0.0, "tileset": "tile_entrance1", "coord": [ 7.0, 5.0 ] }, "160_-192": { "autotile": 1.0, "autotile_index": 0.0, "tileset": "tile_entrance1", "coord": [ 0.0, 0.0 ] }, "416_-64": { "coord": [ 7.0, 5.0 ], "autotile_index": 0.0, "tileset": "tile_entrance1", "autotile": 1.0 }, "704_-64": { "autotile": 1.0, "autotile_index": 0.0, "tileset": "tile_entrance1", "coord": [ 7.0, 5.0 ] }, "1120_-64": { "autotile": 1.0, "autotile_index": 0.0, "tileset": "tile_entrance1", "coord": [ 7.0, 5.0 ] }, "544_-32": { "autotile": 1.0, "autotile_index": 0.0, "tileset": "tile_entrance1", "coord": [ 5.0, 6.0 ] }, "-32_480": { "autotile": 1.0, "autotile_index": 0.0, "tileset": "tile_entrance1", "coord": [ 0.0, 0.0 ] }, "800_32": { "autotile": 1.0, "autotile_index": 0.0, "tileset": "tile_entrance1", "coord": [ 7.0, 5.0 ] }, "544_512": { "autotile": 1.0, "autotile_index": 0.0, "tileset": "tile_entrance1", "coord": [ 7.0, 5.0 ] }, "768_224": { "autotile": 1.0, "autotile_index": 0.0, "tileset": "tile_entrance1", "coord": [ 5.0, 6.0 ] }, "800_64": { "autotile": 1.0, "autotile_index": 0.0, "tileset": "tile_entrance1", "coord": [ 7.0, 5.0 ] }, "1216_64": { "autotile": 1.0, "autotile_index": 0.0, "tileset": "tile_entrance1", "coord": [ 7.0, 4.0 ] }, "768_128": { "autotile": 1.0, "autotile_index": 0.0, "tileset": "tile_entrance1", "coord": [ 7.0, 5.0 ] }, "832_64": { "autotile": 1.0, "autotile_index": 0.0, "tileset": "tile_entrance1", "coord": [ 6.0, 5.0 ] }, "480_-32": { "coord": [ 5.0, 6.0 ], "autotile_index": 0.0, "tileset": "tile_entrance1", "autotile": 1.0 }, "512_544": { "autotile": 1.0, "autotile_index": 0.0, "tileset": "tile_entrance1", "coord": [ 0.0, 0.0 ] }, "1216_512": { "autotile": 1.0, "autotile_index": 0.0, "tileset": "tile_entrance1", "coord": [ 7.0, 4.0 ] }, "0_224": { "autotile": 1.0, "autotile_index": 0.0, "tileset": "tile_entrance1", "coord": [ 7.0, 4.0 ] }, "1184_384": { "autotile": 1.0, "autotile_index": 0.0, "tileset": "tile_entrance1", "coord": [ 7.0, 5.0 ] }, "832_224": { "autotile": 1.0, "autotile_index": 0.0, "tileset": "tile_entrance1", "coord": [ 6.0, 6.0 ] }, "1152_192": { "autotile": 1.0, "autotile_index": 0.0, "tileset": "tile_entrance1", "coord": [ 4.0, 5.0 ] }, "416_512": { "autotile": 1.0, "autotile_index": 0.0, "tileset": "tile_entrance1", "coord": [ 7.0, 5.0 ] }, "288_96": { "coord": [ 4.0, 5.0 ], "autotile_index": 0.0, "tileset": "tile_entrance1", "autotile": 1.0 }, "1184_160": { "autotile": 1.0, "autotile_index": 0.0, "tileset": "tile_entrance1", "coord": [ 7.0, 5.0 ] }, "1120_32": { "autotile": 1.0, "autotile_index": 0.0, "tileset": "tile_entrance1", "coord": [ 4.0, 5.0 ] }, "0_-64": { "autotile": 1.0, "autotile_index": 0.0, "tileset": "tile_entrance1", "coord": [ 7.0, 4.0 ] }, "1056_480": { "autotile": 1.0, "autotile_index": 0.0, "tileset": "tile_entrance1", "coord": [ 5.0, 4.0 ] }, "384_64": { "coord": [ 7.0, 5.0 ], "autotile_index": 0.0, "tileset": "tile_entrance1", "autotile": 1.0 }, "896_512": { "autotile": 1.0, "autotile_index": 0.0, "tileset": "tile_entrance1", "coord": [ 7.0, 5.0 ] }, "128_-64": { "autotile": 1.0, "autotile_index": 0.0, "tileset": "tile_entrance1", "coord": [ 7.0, 5.0 ] }, "1184_320": { "autotile": 1.0, "autotile_index": 0.0, "tileset": "tile_entrance1", "coord": [ 7.0, 5.0 ] }, "416_224": { "coord": [ 6.0, 5.0 ], "autotile_index": 0.0, "tileset": "tile_entrance1", "autotile": 1.0 }, "704_512": { "autotile": 1.0, "autotile_index": 0.0, "tileset": "tile_entrance1", "coord": [ 7.0, 5.0 ] }, "1152_352": { "autotile": 1.0, "autotile_index": 0.0, "tileset": "tile_entrance1", "coord": [ 4.0, 5.0 ] }, "384_-32": { "coord": [ 7.0, 5.0 ], "autotile_index": 0.0, "tileset": "tile_entrance1", "autotile": 1.0 }, "768_512": { "autotile": 1.0, "autotile_index": 0.0, "tileset": "tile_entrance1", "coord": [ 7.0, 5.0 ] }, "352_288": { "coord": [ 7.0, 5.0 ], "autotile_index": 0.0, "tileset": "tile_entrance1", "autotile": 1.0 }, "320_-64": { "coord": [ 7.0, 5.0 ], "autotile_index": 0.0, "tileset": "tile_entrance1", "autotile": 1.0 }, "768_160": { "autotile": 1.0, "autotile_index": 0.0, "tileset": "tile_entrance1", "coord": [ 7.0, 5.0 ] }, "1184_480": { "autotile": 1.0, "autotile_index": 0.0, "tileset": "tile_entrance1", "coord": [ 7.0, 5.0 ] }, "96_-64": { "autotile": 1.0, "autotile_index": 0.0, "tileset": "tile_entrance1", "coord": [ 7.0, 5.0 ] }, "288_320": { "coord": [ 4.0, 6.0 ], "autotile_index": 0.0, "tileset": "tile_entrance1", "autotile": 1.0 }, "0_352": { "autotile": 1.0, "autotile_index": 0.0, "tileset": "tile_entrance1", "coord": [ 7.0, 4.0 ] }, "224_-192": { "autotile": 1.0, "autotile_index": 0.0, "tileset": "tile_entrance1", "coord": [ 0.0, 0.0 ] }, "256_-32": { "coord": [ 5.0, 6.0 ], "autotile_index": 0.0, "tileset": "tile_entrance1", "autotile": 1.0 }, "1216_352": { "autotile": 1.0, "autotile_index": 0.0, "tileset": "tile_entrance1", "coord": [ 7.0, 4.0 ] }, "672_-32": { "autotile": 1.0, "autotile_index": 0.0, "tileset": "tile_entrance1", "coord": [ 5.0, 6.0 ] }, "1024_480": { "autotile": 1.0, "autotile_index": 0.0, "tileset": "tile_entrance1", "coord": [ 5.0, 4.0 ] }, "0_32": { "autotile": 1.0, "autotile_index": 0.0, "tileset": "tile_entrance1", "coord": [ 7.0, 4.0 ] }, "800_0": { "autotile": 1.0, "autotile_index": 0.0, "tileset": "tile_entrance1", "coord": [ 7.0, 5.0 ] }, "32_384": { "autotile": 1.0, "autotile_index": 0.0, "tileset": "tile_entrance1", "coord": [ 7.0, 5.0 ] }, "960_512": { "autotile": 1.0, "autotile_index": 0.0, "tileset": "tile_entrance1", "coord": [ 7.0, 5.0 ] }, "416_32": { "coord": [ 6.0, 5.0 ], "autotile_index": 0.0, "tileset": "tile_entrance1", "autotile": 1.0 }, "352_256": { "coord": [ 7.0, 4.0 ], "autotile_index": 0.0, "tileset": "tile_entrance1", "autotile": 1.0 }, "1152_224": { "autotile": 1.0, "autotile_index": 0.0, "tileset": "tile_entrance1", "coord": [ 4.0, 5.0 ] }, "1248_448": { "autotile": 1.0, "autotile_index": 0.0, "tileset": "tile_entrance1", "coord": [ 0.0, 0.0 ] }, "1184_128": { "autotile": 1.0, "autotile_index": 0.0, "tileset": "tile_entrance1", "coord": [ 7.0, 5.0 ] }, "1216_224": { "autotile": 1.0, "autotile_index": 0.0, "tileset": "tile_entrance1", "coord": [ 7.0, 4.0 ] }, "640_480": { "autotile": 1.0, "autotile_index": 0.0, "tileset": "tile_entrance1", "coord": [ 5.0, 4.0 ] }, "32_128": { "autotile": 1.0, "autotile_index": 0.0, "tileset": "tile_entrance1", "coord": [ 7.0, 5.0 ] }, "32_224": { "autotile": 1.0, "autotile_index": 0.0, "tileset": "tile_entrance1", "coord": [ 7.0, 5.0 ] }, "768_32": { "autotile": 1.0, "autotile_index": 0.0, "tileset": "tile_entrance1", "coord": [ 7.0, 5.0 ] }, "704_480": { "autotile": 1.0, "autotile_index": 0.0, "tileset": "tile_entrance1", "coord": [ 5.0, 4.0 ] }, "928_480": { "autotile": 1.0, "autotile_index": 0.0, "tileset": "tile_entrance1", "coord": [ 5.0, 4.0 ] }, "576_480": { "autotile": 1.0, "autotile_index": 0.0, "tileset": "tile_entrance1", "coord": [ 5.0, 4.0 ] }, "1184_416": { "autotile": 1.0, "autotile_index": 0.0, "tileset": "tile_entrance1", "coord": [ 7.0, 5.0 ] }, "576_544": { "autotile": 1.0, "autotile_index": 0.0, "tileset": "tile_entrance1", "coord": [ 0.0, 0.0 ] }, "1184_192": { "autotile": 1.0, "autotile_index": 0.0, "tileset": "tile_entrance1", "coord": [ 7.0, 5.0 ] }, "128_-128": { "autotile": 1.0, "autotile_index": 0.0, "tileset": "tile_entrance1", "coord": [ 0.0, 0.0 ] }, "1088_-32": { "autotile": 1.0, "autotile_index": 0.0, "tileset": "tile_entrance1", "coord": [ 6.0, 1.0 ] }, "32_512": { "autotile": 1.0, "autotile_index": 0.0, "tileset": "tile_entrance1", "coord": [ 7.0, 5.0 ] }, "384_224": { "coord": [ 7.0, 5.0 ], "autotile_index": 0.0, "tileset": "tile_entrance1", "autotile": 1.0 }, "608_-32": { "autotile": 1.0, "autotile_index": 0.0, "tileset": "tile_entrance1", "coord": [ 5.0, 6.0 ] }, "672_480": { "autotile": 1.0, "autotile_index": 0.0, "tileset": "tile_entrance1", "coord": [ 5.0, 4.0 ] }, "0_96": { "autotile": 1.0, "autotile_index": 0.0, "tileset": "tile_entrance1", "coord": [ 7.0, 4.0 ] }, "64_-64": { "autotile": 1.0, "autotile_index": 0.0, "tileset": "tile_entrance1", "coord": [ 7.0, 5.0 ] }, "640_-32": { "autotile": 1.0, "autotile_index": 0.0, "tileset": "tile_entrance1", "coord": [ 5.0, 6.0 ] }, "1024_512": { "autotile": 1.0, "autotile_index": 0.0, "tileset": "tile_entrance1", "coord": [ 7.0, 5.0 ] }, "576_-32": { "autotile": 1.0, "autotile_index": 0.0, "tileset": "tile_entrance1", "coord": [ 5.0, 6.0 ] }, "64_448": { "autotile": 1.0, "autotile_index": 0.0, "tileset": "tile_entrance1", "coord": [ 6.0, 5.0 ] }, "64_384": { "autotile": 1.0, "autotile_index": 0.0, "tileset": "tile_entrance1", "coord": [ 6.0, 5.0 ] }, "416_160": { "coord": [ 6.0, 5.0 ], "autotile_index": 0.0, "tileset": "tile_entrance1", "autotile": 1.0 }, "608_480": { "autotile": 1.0, "autotile_index": 0.0, "tileset": "tile_entrance1", "coord": [ 5.0, 4.0 ] }, "864_-64": { "autotile": 1.0, "autotile_index": 0.0, "tileset": "tile_entrance1", "coord": [ 7.0, 5.0 ] }, "768_480": { "autotile": 1.0, "autotile_index": 0.0, "tileset": "tile_entrance1", "coord": [ 5.0, 4.0 ] }, "0_384": { "autotile": 1.0, "autotile_index": 0.0, "tileset": "tile_entrance1", "coord": [ 7.0, 4.0 ] }, "288_512": { "autotile": 1.0, "autotile_index": 0.0, "tileset": "tile_entrance1", "coord": [ 7.0, 5.0 ] }, "288_128": { "coord": [ 4.0, 5.0 ], "autotile_index": 0.0, "tileset": "tile_entrance1", "autotile": 1.0 }, "832_512": { "autotile": 1.0, "autotile_index": 0.0, "tileset": "tile_entrance1", "coord": [ 7.0, 5.0 ] }, "1152_448": { "autotile": 1.0, "autotile_index": 0.0, "tileset": "tile_entrance1", "coord": [ 4.0, 5.0 ] }, "1024_-32": { "autotile": 1.0, "autotile_index": 0.0, "tileset": "tile_entrance1", "coord": [ 5.0, 6.0 ] }, "832_128": { "autotile": 1.0, "autotile_index": 0.0, "tileset": "tile_entrance1", "coord": [ 6.0, 5.0 ] }, "1056_512": { "autotile": 1.0, "autotile_index": 0.0, "tileset": "tile_entrance1", "coord": [ 7.0, 5.0 ] }, "768_64": { "autotile": 1.0, "autotile_index": 0.0, "tileset": "tile_entrance1", "coord": [ 7.0, 5.0 ] }, "1152_416": { "autotile": 1.0, "autotile_index": 0.0, "tileset": "tile_entrance1", "coord": [ 4.0, 5.0 ] }, "192_512": { "autotile": 1.0, "autotile_index": 0.0, "tileset": "tile_entrance1", "coord": [ 7.0, 5.0 ] }, "384_-64": { "coord": [ 7.0, 5.0 ], "autotile_index": 0.0, "tileset": "tile_entrance1", "autotile": 1.0 }, "32_0": { "autotile": 1.0, "autotile_index": 0.0, "tileset": "tile_entrance1", "coord": [ 7.0, 5.0 ] }, "64_288": { "autotile": 1.0, "autotile_index": 0.0, "tileset": "tile_entrance1", "coord": [ 6.0, 5.0 ] }, "640_512": { "autotile": 1.0, "autotile_index": 0.0, "tileset": "tile_entrance1", "coord": [ 7.0, 5.0 ] }, "224_480": { "autotile": 1.0, "autotile_index": 0.0, "tileset": "tile_entrance1", "coord": [ 5.0, 4.0 ] }, "352_32": { "coord": [ 7.0, 4.0 ], "autotile_index": 0.0, "tileset": "tile_entrance1", "autotile": 1.0 }, "1248_416": { "autotile": 1.0, "autotile_index": 0.0, "tileset": "tile_entrance1", "coord": [ 0.0, 0.0 ] }, "128_-160": { "autotile": 1.0, "autotile_index": 0.0, "tileset": "tile_entrance1", "coord": [ 0.0, 0.0 ] }, "320_96": { "coord": [ 7.0, 5.0 ], "autotile_index": 0.0, "tileset": "tile_entrance1", "autotile": 1.0 }, "0_0": { "autotile": 1.0, "autotile_index": 0.0, "tileset": "tile_entrance1", "coord": [ 7.0, 4.0 ] }, "288_256": { "coord": [ 4.0, 5.0 ], "autotile_index": 0.0, "tileset": "tile_entrance1", "autotile": 1.0 }, "480_-64": { "coord": [ 7.0, 5.0 ], "autotile_index": 0.0, "tileset": "tile_entrance1", "autotile": 1.0 }, "0_480": { "autotile": 1.0, "autotile_index": 0.0, "tileset": "tile_entrance1", "coord": [ 7.0, 4.0 ] }, "800_192": { "autotile": 1.0, "autotile_index": 0.0, "tileset": "tile_entrance1", "coord": [ 7.0, 5.0 ] }, "416_320": { "coord": [ 6.0, 6.0 ], "autotile_index": 0.0, "tileset": "tile_entrance1", "autotile": 1.0 }, "928_512": { "autotile": 1.0, "autotile_index": 0.0, "tileset": "tile_entrance1", "coord": [ 7.0, 5.0 ] }, "800_96": { "autotile": 1.0, "autotile_index": 0.0, "tileset": "tile_entrance1", "coord": [ 7.0, 5.0 ] }, "1152_160": { "autotile": 1.0, "autotile_index": 0.0, "tileset": "tile_entrance1", "coord": [ 4.0, 5.0 ] }, "832_192": { "autotile": 1.0, "autotile_index": 0.0, "tileset": "tile_entrance1", "coord": [ 6.0, 5.0 ] }, "352_512": { "autotile": 1.0, "autotile_index": 0.0, "tileset": "tile_entrance1", "coord": [ 7.0, 5.0 ] }, "0_416": { "autotile": 1.0, "autotile_index": 0.0, "tileset": "tile_entrance1", "coord": [ 7.0, 4.0 ] }, "1248_384": { "autotile": 1.0, "autotile_index": 0.0, "tileset": "tile_entrance1", "coord": [ 0.0, 0.0 ] }, "736_96": { "autotile": 1.0, "autotile_index": 0.0, "tileset": "tile_entrance1", "coord": [ 4.0, 5.0 ] }, "736_160": { "autotile": 1.0, "autotile_index": 0.0, "tileset": "tile_entrance1", "coord": [ 4.0, 5.0 ] }, "864_480": { "autotile": 1.0, "autotile_index": 0.0, "tileset": "tile_entrance1", "coord": [ 5.0, 4.0 ] }, "1184_64": { "autotile": 1.0, "autotile_index": 0.0, "tileset": "tile_entrance1", "coord": [ 7.0, 5.0 ] }, "1152_480": { "autotile": 1.0, "autotile_index": 0.0, "tileset": "tile_entrance1", "coord": [ 6.0, 3.0 ] }, "480_512": { "autotile": 1.0, "autotile_index": 0.0, "tileset": "tile_entrance1", "coord": [ 7.0, 5.0 ] }, "160_512": { "autotile": 1.0, "autotile_index": 0.0, "tileset": "tile_entrance1", "coord": [ 7.0, 5.0 ] }, "64_192": { "autotile": 1.0, "autotile_index": 0.0, "tileset": "tile_entrance1", "coord": [ 6.0, 5.0 ] }, "1184_288": { "autotile": 1.0, "autotile_index": 0.0, "tileset": "tile_entrance1", "coord": [ 7.0, 5.0 ] }, "288_480": { "autotile": 1.0, "autotile_index": 0.0, "tileset": "tile_entrance1", "coord": [ 5.0, 4.0 ] }, "128_512": { "autotile": 1.0, "autotile_index": 0.0, "tileset": "tile_entrance1", "coord": [ 7.0, 5.0 ] }, "832_-64": { "autotile": 1.0, "autotile_index": 0.0, "tileset": "tile_entrance1", "coord": [ 7.0, 5.0 ] }, "0_160": { "autotile": 1.0, "autotile_index": 0.0, "tileset": "tile_entrance1", "coord": [ 7.0, 4.0 ] }, "768_544": { "autotile": 1.0, "autotile_index": 0.0, "tileset": "tile_entrance1", "coord": [ 0.0, 0.0 ] }, "384_320": { "coord": [ 5.0, 6.0 ], "autotile_index": 0.0, "tileset": "tile_entrance1", "autotile": 1.0 }, "736_32": { "autotile": 1.0, "autotile_index": 0.0, "tileset": "tile_entrance1", "coord": [ 4.0, 5.0 ] }, "64_224": { "autotile": 1.0, "autotile_index": 0.0, "tileset": "tile_entrance1", "coord": [ 6.0, 5.0 ] }, "64_128": { "autotile": 1.0, "autotile_index": 0.0, "tileset": "tile_entrance1", "coord": [ 6.0, 5.0 ] }, "64_-96": { "autotile": 1.0, "autotile_index": 0.0, "tileset": "tile_entrance1", "coord": [ 0.0, 0.0 ] }, "416_288": { "coord": [ 6.0, 5.0 ], "autotile_index": 0.0, "tileset": "tile_entrance1", "autotile": 1.0 }, "384_0": { "coord": [ 7.0, 5.0 ], "autotile_index": 0.0, "tileset": "tile_entrance1", "autotile": 1.0 }, "1184_-64": { "autotile": 1.0, "autotile_index": 0.0, "tileset": "tile_entrance1", "coord": [ 7.0, 4.0 ] }, "672_512": { "autotile": 1.0, "autotile_index": 0.0, "tileset": "tile_entrance1", "coord": [ 7.0, 5.0 ] }, "1216_384": { "autotile": 1.0, "autotile_index": 0.0, "tileset": "tile_entrance1", "coord": [ 7.0, 4.0 ] }, "1280_-32": { "autotile": 1.0, "autotile_index": 0.0, "tileset": "tile_entrance1", "coord": [ 0.0, 0.0 ] }, "928_-32": { "autotile": 1.0, "autotile_index": 0.0, "tileset": "tile_entrance1", "coord": [ 5.0, 6.0 ] }, "128_-96": { "autotile": 1.0, "autotile_index": 0.0, "tileset": "tile_entrance1", "coord": [ 0.0, 0.0 ] }, "896_480": { "autotile": 1.0, "autotile_index": 0.0, "tileset": "tile_entrance1", "coord": [ 5.0, 4.0 ] }, "1088_512": { "autotile": 1.0, "autotile_index": 0.0, "tileset": "tile_entrance1", "coord": [ 7.0, 5.0 ] }, "192_-192": { "autotile": 1.0, "autotile_index": 0.0, "tileset": "tile_entrance1", "coord": [ 0.0, 0.0 ] }, "32_256": { "autotile": 1.0, "autotile_index": 0.0, "tileset": "tile_entrance1", "coord": [ 7.0, 5.0 ] }, "1216_32": { "autotile": 1.0, "autotile_index": 0.0, "tileset": "tile_entrance1", "coord": [ 7.0, 4.0 ] }, "1152_288": { "autotile": 1.0, "autotile_index": 0.0, "tileset": "tile_entrance1", "coord": [ 4.0, 5.0 ] }, "192_-64": { "autotile": 1.0, "autotile_index": 0.0, "tileset": "tile_entrance1", "coord": [ 7.0, 5.0 ] }, "800_-64": { "autotile": 1.0, "autotile_index": 0.0, "tileset": "tile_entrance1", "coord": [ 7.0, 5.0 ] }, "0_64": { "autotile": 1.0, "autotile_index": 0.0, "tileset": "tile_entrance1", "coord": [ 7.0, 4.0 ] }, "1184_224": { "autotile": 1.0, "autotile_index": 0.0, "tileset": "tile_entrance1", "coord": [ 7.0, 5.0 ] }, "736_544": { "autotile": 1.0, "autotile_index": 0.0, "tileset": "tile_entrance1", "coord": [ 0.0, 0.0 ] }, "288_-32": { "coord": [ 6.0, 1.0 ], "autotile_index": 0.0, "tileset": "tile_entrance1", "autotile": 1.0 }, "320_-192": { "autotile": 1.0, "autotile_index": 0.0, "tileset": "tile_entrance1", "coord": [ 0.0, 0.0 ] }, "1152_32": { "autotile": 1.0, "autotile_index": 0.0, "tileset": "tile_entrance1", "coord": [ 7.0, 5.0 ] }, "768_96": { "autotile": 1.0, "autotile_index": 0.0, "tileset": "tile_entrance1", "coord": [ 7.0, 5.0 ] }, "384_128": { "coord": [ 7.0, 5.0 ], "autotile_index": 0.0, "tileset": "tile_entrance1", "autotile": 1.0 }, "64_32": { "autotile": 1.0, "autotile_index": 0.0, "tileset": "tile_entrance1", "coord": [ 6.0, 5.0 ] }, "256_-160": { "autotile": 1.0, "autotile_index": 0.0, "tileset": "tile_entrance1", "coord": [ 0.0, 0.0 ] }, "1120_64": { "autotile": 1.0, "autotile_index": 0.0, "tileset": "tile_entrance1", "coord": [ 4.0, 6.0 ] }, "1216_-32": { "autotile": 1.0, "autotile_index": 0.0, "tileset": "tile_entrance1", "coord": [ 7.0, 4.0 ] }, "288_160": { "coord": [ 4.0, 5.0 ], "autotile_index": 0.0, "tileset": "tile_entrance1", "autotile": 1.0 }, "1152_512": { "autotile": 1.0, "autotile_index": 0.0, "tileset": "tile_entrance1", "coord": [ 7.0, 5.0 ] }, "448_480": { "autotile": 1.0, "autotile_index": 0.0, "tileset": "tile_entrance1", "coord": [ 5.0, 4.0 ] }, "0_320": { "autotile": 1.0, "autotile_index": 0.0, "tileset": "tile_entrance1", "coord": [ 7.0, 4.0 ] }, "1184_32": { "autotile": 1.0, "autotile_index": 0.0, "tileset": "tile_entrance1", "coord": [ 7.0, 5.0 ] }, "928_-64": { "autotile": 1.0, "autotile_index": 0.0, "tileset": "tile_entrance1", "coord": [ 7.0, 5.0 ] }, "352_64": { "coord": [ 7.0, 4.0 ], "autotile_index": 0.0, "tileset": "tile_entrance1", "autotile": 1.0 }, "992_-32": { "autotile": 1.0, "autotile_index": 0.0, "tileset": "tile_entrance1", "coord": [ 5.0, 6.0 ] }, "160_-64": { "autotile": 1.0, "autotile_index": 0.0, "tileset": "tile_entrance1", "coord": [ 7.0, 5.0 ] }, "832_-32": { "autotile": 1.0, "autotile_index": 0.0, "tileset": "tile_entrance1", "coord": [ 4.0, 1.0 ] }, "736_0": { "autotile": 1.0, "autotile_index": 0.0, "tileset": "tile_entrance1", "coord": [ 4.0, 5.0 ] }, "768_-64": { "autotile": 1.0, "autotile_index": 0.0, "tileset": "tile_entrance1", "coord": [ 7.0, 5.0 ] }, "1216_0": { "autotile": 1.0, "autotile_index": 0.0, "tileset": "tile_entrance1", "coord": [ 7.0, 4.0 ] }, "0_-32": { "autotile": 1.0, "autotile_index": 0.0, "tileset": "tile_entrance1", "coord": [ 7.0, 4.0 ] }, "32_96": { "autotile": 1.0, "autotile_index": 0.0, "tileset": "tile_entrance1", "coord": [ 7.0, 5.0 ] }, "0_128": { "autotile": 1.0, "autotile_index": 0.0, "tileset": "tile_entrance1", "coord": [ 7.0, 4.0 ] }, "1088_480": { "autotile": 1.0, "autotile_index": 0.0, "tileset": "tile_entrance1", "coord": [ 5.0, 4.0 ] }, "1024_-64": { "autotile": 1.0, "autotile_index": 0.0, "tileset": "tile_entrance1", "coord": [ 7.0, 5.0 ] }, "320_256": { "coord": [ 7.0, 5.0 ], "autotile_index": 0.0, "tileset": "tile_entrance1", "autotile": 1.0 }, "32_-64": { "autotile": 1.0, "autotile_index": 0.0, "tileset": "tile_entrance1", "coord": [ 7.0, 5.0 ] }, "832_96": { "autotile": 1.0, "autotile_index": 0.0, "tileset": "tile_entrance1", "coord": [ 6.0, 5.0 ] }, "1120_480": { "autotile": 1.0, "autotile_index": 0.0, "tileset": "tile_entrance1", "coord": [ 5.0, 4.0 ] }, "512_512": { "autotile": 1.0, "autotile_index": 0.0, "tileset": "tile_entrance1", "coord": [ 7.0, 5.0 ] }, "416_256": { "coord": [ 6.0, 5.0 ], "autotile_index": 0.0, "tileset": "tile_entrance1", "autotile": 1.0 }, "1216_320": { "autotile": 1.0, "autotile_index": 0.0, "tileset": "tile_entrance1", "coord": [ 7.0, 4.0 ] }, "512_-32": { "autotile": 1.0, "autotile_index": 0.0, "tileset": "tile_entrance1", "coord": [ 5.0, 6.0 ] }, "64_-128": { "autotile": 1.0, "autotile_index": 0.0, "tileset": "tile_entrance1", "coord": [ 0.0, 0.0 ] }, "96_480": { "autotile": 1.0, "autotile_index": 0.0, "tileset": "tile_entrance1", "coord": [ 5.0, 4.0 ] }, "320_-160": { "autotile": 1.0, "autotile_index": 0.0, "tileset": "tile_entrance1", "coord": [ 0.0, 0.0 ] }, "1216_160": { "autotile": 1.0, "autotile_index": 0.0, "tileset": "tile_entrance1", "coord": [ 7.0, 4.0 ] }, "896_-32": { "autotile": 1.0, "autotile_index": 0.0, "tileset": "tile_entrance1", "coord": [ 5.0, 6.0 ] }, "384_288": { "coord": [ 7.0, 5.0 ], "autotile_index": 0.0, "tileset": "tile_entrance1", "autotile": 1.0 }, "352_320": { "coord": [ 5.0, 6.0 ], "autotile_index": 0.0, "tileset": "tile_entrance1", "autotile": 1.0 }, "1184_448": { "autotile": 1.0, "autotile_index": 0.0, "tileset": "tile_entrance1", "coord": [ 7.0, 5.0 ] }, "384_160": { "coord": [ 7.0, 5.0 ], "autotile_index": 0.0, "tileset": "tile_entrance1", "autotile": 1.0 }, "544_-64": { "autotile": 1.0, "autotile_index": 0.0, "tileset": "tile_entrance1", "coord": [ 7.0, 5.0 ] }, "832_32": { "autotile": 1.0, "autotile_index": 0.0, "tileset": "tile_entrance1", "coord": [ 6.0, 5.0 ] }, "64_480": { "autotile": 1.0, "autotile_index": 0.0, "tileset": "tile_entrance1", "coord": [ 4.0, 3.0 ] }, "160_-160": { "autotile": 1.0, "autotile_index": 0.0, "tileset": "tile_entrance1", "coord": [ 0.0, 0.0 ] }, "320_0": { "coord": [ 7.0, 5.0 ], "autotile_index": 0.0, "tileset": "tile_entrance1", "autotile": 1.0 }, "32_32": { "autotile": 1.0, "autotile_index": 0.0, "tileset": "tile_entrance1", "coord": [ 7.0, 5.0 ] }, "608_512": { "autotile": 1.0, "autotile_index": 0.0, "tileset": "tile_entrance1", "coord": [ 7.0, 5.0 ] }, "736_224": { "autotile": 1.0, "autotile_index": 0.0, "tileset": "tile_entrance1", "coord": [ 4.0, 6.0 ] }, "288_32": { "coord": [ 4.0, 5.0 ], "autotile_index": 0.0, "tileset": "tile_entrance1", "autotile": 1.0 }, "32_288": { "autotile": 1.0, "autotile_index": 0.0, "tileset": "tile_entrance1", "coord": [ 7.0, 5.0 ] }, "608_-64": { "autotile": 1.0, "autotile_index": 0.0, "tileset": "tile_entrance1", "coord": [ 7.0, 5.0 ] }, "256_512": { "autotile": 1.0, "autotile_index": 0.0, "tileset": "tile_entrance1", "coord": [ 7.0, 5.0 ] }, "1120_512": { "autotile": 1.0, "autotile_index": 0.0, "tileset": "tile_entrance1", "coord": [ 7.0, 5.0 ] }, "32_352": { "autotile": 1.0, "autotile_index": 0.0, "tileset": "tile_entrance1", "coord": [ 7.0, 5.0 ] }, "960_-32": { "autotile": 1.0, "autotile_index": 0.0, "tileset": "tile_entrance1", "coord": [ 5.0, 6.0 ] }, "1056_-64": { "autotile": 1.0, "autotile_index": 0.0, "tileset": "tile_entrance1", "coord": [ 7.0, 5.0 ] }, "1152_-32": { "autotile": 1.0, "autotile_index": 0.0, "tileset": "tile_entrance1", "coord": [ 7.0, 5.0 ] }, "64_416": { "autotile": 1.0, "autotile_index": 0.0, "tileset": "tile_entrance1", "coord": [ 6.0, 5.0 ] }, "32_64": { "autotile": 1.0, "autotile_index": 0.0, "tileset": "tile_entrance1", "coord": [ 7.0, 5.0 ] }, "320_-32": { "coord": [ 7.0, 5.0 ], "autotile_index": 0.0, "tileset": "tile_entrance1", "autotile": 1.0 }, "96_-96": { "autotile": 1.0, "autotile_index": 0.0, "tileset": "tile_entrance1", "coord": [ 0.0, 0.0 ] }, "320_128": { "coord": [ 7.0, 5.0 ], "autotile_index": 0.0, "tileset": "tile_entrance1", "autotile": 1.0 }, "64_-32": { "autotile": 1.0, "autotile_index": 0.0, "tileset": "tile_entrance1", "coord": [ 4.0, 1.0 ] }, "224_-32": { "coord": [ 5.0, 6.0 ], "autotile_index": 0.0, "tileset": "tile_entrance1", "autotile": 1.0 }, "-32_416": { "autotile": 1.0, "autotile_index": 0.0, "tileset": "tile_entrance1", "coord": [ 0.0, 0.0 ] }, "320_480": { "autotile": 1.0, "autotile_index": 0.0, "tileset": "tile_entrance1", "coord": [ 5.0, 4.0 ] }, "96_512": { "autotile": 1.0, "autotile_index": 0.0, "tileset": "tile_entrance1", "coord": [ 7.0, 5.0 ] }, "736_-32": { "autotile": 1.0, "autotile_index": 0.0, "tileset": "tile_entrance1", "coord": [ 6.0, 1.0 ] }, "128_-32": { "autotile": 1.0, "autotile_index": 0.0, "tileset": "tile_entrance1", "coord": [ 5.0, 6.0 ] }, "0_256": { "autotile": 1.0, "autotile_index": 0.0, "tileset": "tile_entrance1", "coord": [ 7.0, 4.0 ] }, "1152_384": { "autotile": 1.0, "autotile_index": 0.0, "tileset": "tile_entrance1", "coord": [ 4.0, 5.0 ] }, "320_192": { "coord": [ 7.0, 5.0 ], "autotile_index": 0.0, "tileset": "tile_entrance1", "autotile": 1.0 }, "352_160": { "coord": [ 7.0, 4.0 ], "autotile_index": 0.0, "tileset": "tile_entrance1", "autotile": 1.0 }, "448_544": { "autotile": 1.0, "autotile_index": 0.0, "tileset": "tile_entrance1", "coord": [ 0.0, 0.0 ] }, "608_544": { "autotile": 1.0, "autotile_index": 0.0, "tileset": "tile_entrance1", "coord": [ 0.0, 0.0 ] }, "320_512": { "autotile": 1.0, "autotile_index": 0.0, "tileset": "tile_entrance1", "coord": [ 7.0, 5.0 ] }, "992_-64": { "autotile": 1.0, "autotile_index": 0.0, "tileset": "tile_entrance1", "coord": [ 7.0, 5.0 ] }, "320_320": { "coord": [ 5.0, 6.0 ], "autotile_index": 0.0, "tileset": "tile_entrance1", "autotile": 1.0 }, "352_0": { "coord": [ 7.0, 4.0 ], "autotile_index": 0.0, "tileset": "tile_entrance1", "autotile": 1.0 }, "32_-32": { "autotile": 1.0, "autotile_index": 0.0, "tileset": "tile_entrance1", "coord": [ 7.0, 5.0 ] }, "960_-64": { "autotile": 1.0, "autotile_index": 0.0, "tileset": "tile_entrance1", "coord": [ 7.0, 5.0 ] }, "704_544": { "autotile": 1.0, "autotile_index": 0.0, "tileset": "tile_entrance1", "coord": [ 0.0, 0.0 ] }, "160_480": { "autotile": 1.0, "autotile_index": 0.0, "tileset": "tile_entrance1", "coord": [ 5.0, 4.0 ] }, "416_480": { "autotile": 1.0, "autotile_index": 0.0, "tileset": "tile_entrance1", "coord": [ 5.0, 4.0 ] }, "256_-192": { "autotile": 1.0, "autotile_index": 0.0, "tileset": "tile_entrance1", "coord": [ 0.0, 0.0 ] }, "224_-64": { "coord": [ 7.0, 5.0 ], "autotile_index": 0.0, "tileset": "tile_entrance1", "autotile": 1.0 }, "128_480": { "autotile": 1.0, "autotile_index": 0.0, "tileset": "tile_entrance1", "coord": [ 5.0, 4.0 ] }, "160_-128": { "autotile": 1.0, "autotile_index": 0.0, "tileset": "tile_entrance1", "coord": [ 0.0, 0.0 ] }, "352_96": { "coord": [ 7.0, 4.0 ], "autotile_index": 0.0, "tileset": "tile_entrance1", "autotile": 1.0 }, "1280_0": { "autotile": 1.0, "autotile_index": 0.0, "tileset": "tile_entrance1", "coord": [ 0.0, 0.0 ] }, "-32_512": { "autotile": 1.0, "autotile_index": 0.0, "tileset": "tile_entrance1", "coord": [ 0.0, 0.0 ] }, "64_160": { "autotile": 1.0, "autotile_index": 0.0, "tileset": "tile_entrance1", "coord": [ 6.0, 5.0 ] }, "1184_96": { "autotile": 1.0, "autotile_index": 0.0, "tileset": "tile_entrance1", "coord": [ 7.0, 5.0 ] }, "1184_256": { "autotile": 1.0, "autotile_index": 0.0, "tileset": "tile_entrance1", "coord": [ 7.0, 5.0 ] }, "416_64": { "coord": [ 6.0, 5.0 ], "autotile_index": 0.0, "tileset": "tile_entrance1", "autotile": 1.0 }, "736_192": { "autotile": 1.0, "autotile_index": 0.0, "tileset": "tile_entrance1", "coord": [ 4.0, 5.0 ] }, "32_320": { "autotile": 1.0, "autotile_index": 0.0, "tileset": "tile_entrance1", "coord": [ 7.0, 5.0 ] }, "160_-32": { "autotile": 1.0, "autotile_index": 0.0, "tileset": "tile_entrance1", "coord": [ 5.0, 6.0 ] }, "768_192": { "autotile": 1.0, "autotile_index": 0.0, "tileset": "tile_entrance1", "coord": [ 7.0, 5.0 ] }, "1216_96": { "autotile": 1.0, "autotile_index": 0.0, "tileset": "tile_entrance1", "coord": [ 7.0, 4.0 ] }, "416_192": { "coord": [ 6.0, 5.0 ], "autotile_index": 0.0, "tileset": "tile_entrance1", "autotile": 1.0 }, "1248_352": { "autotile": 1.0, "autotile_index": 0.0, "tileset": "tile_entrance1", "coord": [ 0.0, 0.0 ] }, "640_-64": { "autotile": 1.0, "autotile_index": 0.0, "tileset": "tile_entrance1", "coord": [ 7.0, 5.0 ] }, "320_32": { "coord": [ 7.0, 5.0 ], "autotile_index": 0.0, "tileset": "tile_entrance1", "autotile": 1.0 }, "992_512": { "autotile": 1.0, "autotile_index": 0.0, "tileset": "tile_entrance1", "coord": [ 7.0, 5.0 ] }, "192_-32": { "autotile": 1.0, "autotile_index": 0.0, "tileset": "tile_entrance1", "coord": [ 5.0, 6.0 ] }, "896_-64": { "autotile": 1.0, "autotile_index": 0.0, "tileset": "tile_entrance1", "coord": [ 7.0, 5.0 ] }, "320_64": { "coord": [ 7.0, 5.0 ], "autotile_index": 0.0, "tileset": "tile_entrance1", "autotile": 1.0 }, "192_-160": { "autotile": 1.0, "autotile_index": 0.0, "tileset": "tile_entrance1", "coord": [ 0.0, 0.0 ] }, "736_480": { "autotile": 1.0, "autotile_index": 0.0, "tileset": "tile_entrance1", "coord": [ 5.0, 4.0 ] }, "512_480": { "autotile": 1.0, "autotile_index": 0.0, "tileset": "tile_entrance1", "coord": [ 5.0, 4.0 ] }, "448_-64": { "coord": [ 7.0, 5.0 ], "autotile_index": 0.0, "tileset": "tile_entrance1", "autotile": 1.0 }, "-32_448": { "autotile": 1.0, "autotile_index": 0.0, "tileset": "tile_entrance1", "coord": [ 0.0, 0.0 ] }, "544_480": { "autotile": 1.0, "autotile_index": 0.0, "tileset": "tile_entrance1", "coord": [ 5.0, 4.0 ] }, "1088_0": { "autotile": 1.0, "autotile_index": 0.0, "tileset": "tile_entrance1", "coord": [ 4.0, 6.0 ] }, "352_480": { "autotile": 1.0, "autotile_index": 0.0, "tileset": "tile_entrance1", "coord": [ 5.0, 4.0 ] }, "0_192": { "autotile": 1.0, "autotile_index": 0.0, "tileset": "tile_entrance1", "coord": [ 7.0, 4.0 ] }, "416_96": { "coord": [ 6.0, 5.0 ], "autotile_index": 0.0, "tileset": "tile_entrance1", "autotile": 1.0 }, "384_480": { "autotile": 1.0, "autotile_index": 0.0, "tileset": "tile_entrance1", "coord": [ 5.0, 4.0 ] }, "800_512": { "autotile": 1.0, "autotile_index": 0.0, "tileset": "tile_entrance1", "coord": [ 7.0, 5.0 ] }, "1152_64": { "autotile": 1.0, "autotile_index": 0.0, "tileset": "tile_entrance1", "coord": [ 6.0, 1.0 ] }, "1152_128": { "autotile": 1.0, "autotile_index": 0.0, "tileset": "tile_entrance1", "coord": [ 4.0, 5.0 ] }, "288_-192": { "autotile": 1.0, "autotile_index": 0.0, "tileset": "tile_entrance1", "coord": [ 0.0, 0.0 ] }, "1152_-64": { "autotile": 1.0, "autotile_index": 0.0, "tileset": "tile_entrance1", "coord": [ 7.0, 4.0 ] }, "1216_256": { "autotile": 1.0, "autotile_index": 0.0, "tileset": "tile_entrance1", "coord": [ 7.0, 4.0 ] }, "448_512": { "autotile": 1.0, "autotile_index": 0.0, "tileset": "tile_entrance1", "coord": [ 7.0, 5.0 ] }, "0_448": { "autotile": 1.0, "autotile_index": 0.0, "tileset": "tile_entrance1", "coord": [ 7.0, 4.0 ] } } }, "backgrounds": { "5": { "x": 0.0, "scroll_x": 0.80000000000000004440892098500626, "tile_y": 1.0, "hspeed": 0.0, "scroll_y": 0.80000000000000004440892098500626, "panic_sprite": -1.0, "y": 0.0, "sprite": "bg_entrance2", "tile_x": 1.0, "vspeed": 0.0, "image_speed": 0.0 }, "6": { "x": 0.0, "scroll_x": 0.75, "tile_y": 1.0, "hspeed": 0.0, "scroll_y": 0.75, "panic_sprite": -1.0, "y": 0.0, "sprite": "bg_entrance1", "tile_x": 1.0, "vspeed": 0.0, "image_speed": 0.0 } }, "properties": { "songTransitionTime": 100.0, "roomX": 0.0, "levelWidth": 1248.0, "roomY": -64.0, "levelHeight": 540.0, "song": "" } }