{ "editorVersion": 5.0, "instances": [ { "layer": 0.0, "deleted": 0.0, "variables": { "x": 0.0, "flipX": 0.0, "y": 544.0, "flipY": 0.0 }, "object": 517.0 }, { "layer": 0.0, "deleted": 0.0, "variables": { "x": 32.0, "flipX": 0.0, "y": 544.0, "flipY": 0.0 }, "object": 517.0 }, { "layer": 0.0, "deleted": 0.0, "variables": { "x": 64.0, "flipX": 0.0, "y": 544.0, "flipY": 0.0 }, "object": 517.0 }, { "layer": 0.0, "deleted": 0.0, "variables": { "x": 96.0, "flipX": 0.0, "y": 544.0, "flipY": 0.0 }, "object": 517.0 }, { "layer": 0.0, "deleted": 0.0, "variables": { "x": 128.0, "flipX": 0.0, "y": 544.0, "flipY": 0.0 }, "object": 517.0 }, { "layer": 0.0, "deleted": 0.0, "variables": { "x": 160.0, "flipX": 0.0, "y": 544.0, "flipY": 0.0 }, "object": 517.0 }, { "layer": 0.0, "deleted": 0.0, "variables": { "x": 192.0, "flipX": 0.0, "y": 544.0, "flipY": 0.0 }, "object": 517.0 }, { "layer": 0.0, "deleted": 0.0, "variables": { "x": 224.0, "flipX": 0.0, "y": 544.0, "flipY": 0.0 }, "object": 517.0 }, { "layer": 0.0, "deleted": 0.0, "variables": { "x": 256.0, "flipX": 0.0, "y": 544.0, "flipY": 0.0 }, "object": 517.0 }, { "layer": 0.0, "deleted": 0.0, "variables": { "x": 288.0, "flipX": 0.0, "y": 544.0, "flipY": 0.0 }, "object": 517.0 }, { "layer": 0.0, "deleted": 0.0, "variables": { "x": 320.0, "flipX": 0.0, "y": 544.0, "flipY": 0.0 }, "object": 517.0 }, { "layer": 0.0, "deleted": 0.0, "variables": { "x": 352.0, "flipX": 0.0, "y": 544.0, "flipY": 0.0 }, "object": 517.0 }, { "layer": 0.0, "deleted": 0.0, "variables": { "x": 384.0, "flipX": 0.0, "y": 544.0, "flipY": 0.0 }, "object": 517.0 }, { "layer": 0.0, "deleted": 0.0, "variables": { "x": 416.0, "flipX": 0.0, "y": 544.0, "flipY": 0.0 }, "object": 517.0 }, { "layer": 0.0, "deleted": 0.0, "variables": { "x": 448.0, "flipX": 0.0, "y": 544.0, "flipY": 0.0 }, "object": 517.0 }, { "layer": 0.0, "deleted": 0.0, "variables": { "x": 480.0, "flipX": 0.0, "y": 544.0, "flipY": 0.0 }, "object": 517.0 }, { "layer": 0.0, "deleted": 0.0, "variables": { "x": 544.0, "flipX": 0.0, "y": 544.0, "flipY": 0.0 }, "object": 517.0 }, { "layer": 0.0, "deleted": 0.0, "variables": { "x": 576.0, "flipX": 0.0, "y": 544.0, "flipY": 0.0 }, "object": 517.0 }, { "layer": 0.0, "deleted": 0.0, "variables": { "x": 608.0, "flipX": 0.0, "y": 544.0, "flipY": 0.0 }, "object": 517.0 }, { "layer": 0.0, "deleted": 0.0, "variables": { "x": 640.0, "flipX": 0.0, "y": 544.0, "flipY": 0.0 }, "object": 517.0 }, { "layer": 0.0, "deleted": 0.0, "variables": { "x": 672.0, "flipX": 0.0, "y": 544.0, "flipY": 0.0 }, "object": 517.0 }, { "layer": 0.0, "deleted": 0.0, "variables": { "x": 704.0, "flipX": 0.0, "y": 544.0, "flipY": 0.0 }, "object": 517.0 }, { "layer": 0.0, "deleted": 0.0, "variables": { "x": 736.0, "flipX": 0.0, "y": 544.0, "flipY": 0.0 }, "object": 517.0 }, { "layer": 0.0, "deleted": 0.0, "variables": { "x": 768.0, "flipX": 0.0, "y": 544.0, "flipY": 0.0 }, "object": 517.0 }, { "layer": 0.0, "deleted": 0.0, "variables": { "x": 832.0, "flipX": 0.0, "y": 544.0, "flipY": 0.0 }, "object": 517.0 }, { "layer": 0.0, "deleted": 0.0, "variables": { "x": 864.0, "flipX": 0.0, "y": 544.0, "flipY": 0.0 }, "object": 517.0 }, { "layer": 0.0, "deleted": 0.0, "variables": { "x": 896.0, "flipX": 0.0, "y": 544.0, "flipY": 0.0 }, "object": 517.0 }, { "layer": 0.0, "deleted": 0.0, "variables": { "x": 928.0, "flipX": 0.0, "y": 544.0, "flipY": 0.0 }, "object": 517.0 }, { "layer": 0.0, "deleted": 0.0, "variables": { "x": 960.0, "flipX": 0.0, "y": 544.0, "flipY": 0.0 }, "object": 517.0 }, { "layer": 0.0, "deleted": 0.0, "variables": { "x": 992.0, "flipX": 0.0, "y": 544.0, "flipY": 0.0 }, "object": 517.0 }, { "layer": 0.0, "deleted": 0.0, "variables": { "x": 1024.0, "flipX": 0.0, "y": 544.0, "flipY": 0.0 }, "object": 517.0 }, { "layer": 0.0, "deleted": 0.0, "variables": { "x": 1056.0, "flipX": 0.0, "y": 544.0, "flipY": 0.0 }, "object": 517.0 }, { "layer": 0.0, "deleted": 0.0, "variables": { "x": 1088.0, "flipX": 0.0, "y": 544.0, "flipY": 0.0 }, "object": 517.0 }, { "layer": 0.0, "deleted": 0.0, "variables": { "x": 1120.0, "flipX": 0.0, "y": 544.0, "flipY": 0.0 }, "object": 517.0 }, { "layer": 0.0, "deleted": 0.0, "variables": { "x": 1152.0, "flipX": 0.0, "y": 544.0, "flipY": 0.0 }, "object": 517.0 }, { "layer": 0.0, "deleted": 0.0, "variables": { "x": 1184.0, "flipX": 0.0, "y": 512.0, "flipY": 0.0 }, "object": 517.0 }, { "layer": 0.0, "deleted": 0.0, "variables": { "x": 800.0, "flipX": 0.0, "y": 544.0, "flipY": 0.0 }, "object": 517.0 }, { "layer": 0.0, "deleted": 0.0, "variables": { "x": 512.0, "flipX": 0.0, "y": 544.0, "flipY": 0.0 }, "object": 517.0 }, { "layer": 0.0, "deleted": 0.0, "variables": { "x": 0.0, "flipX": 0.0, "y": 512.0, "flipY": 0.0 }, "object": 517.0 }, { "layer": 0.0, "deleted": 0.0, "variables": { "x": 0.0, "flipX": 0.0, "y": 480.0, "flipY": 0.0 }, "object": 517.0 }, { "layer": 0.0, "deleted": 0.0, "variables": { "x": 0.0, "flipX": 0.0, "y": 448.0, "flipY": 0.0 }, "object": 517.0 }, { "layer": 0.0, "deleted": 0.0, "variables": { "x": 0.0, "flipX": 0.0, "y": 416.0, "flipY": 0.0 }, "object": 517.0 }, { "layer": 0.0, "deleted": 0.0, "variables": { "x": 0.0, "flipX": 0.0, "y": 384.0, "flipY": 0.0 }, "object": 517.0 }, { "layer": 0.0, "deleted": 0.0, "variables": { "x": 0.0, "flipX": 0.0, "y": 320.0, "flipY": 0.0 }, "object": 517.0 }, { "layer": 0.0, "deleted": 0.0, "variables": { "x": 0.0, "flipX": 0.0, "y": 352.0, "flipY": 0.0 }, "object": 517.0 }, { "layer": 0.0, "deleted": 0.0, "variables": { "x": 0.0, "flipX": 0.0, "y": 288.0, "flipY": 0.0 }, "object": 517.0 }, { "layer": 0.0, "deleted": 0.0, "variables": { "x": 0.0, "flipX": 0.0, "y": 256.0, "flipY": 0.0 }, "object": 517.0 }, { "layer": 0.0, "deleted": 0.0, "variables": { "x": 0.0, "flipX": 0.0, "y": 224.0, "flipY": 0.0 }, "object": 517.0 }, { "layer": 0.0, "deleted": 0.0, "variables": { "x": 0.0, "flipX": 0.0, "y": 192.0, "flipY": 0.0 }, "object": 517.0 }, { "layer": 0.0, "deleted": 0.0, "variables": { "x": 0.0, "flipX": 0.0, "y": 160.0, "flipY": 0.0 }, "object": 517.0 }, { "layer": 0.0, "deleted": 0.0, "variables": { "x": 0.0, "flipX": 0.0, "y": 128.0, "flipY": 0.0 }, "object": 517.0 }, { "layer": 0.0, "deleted": 0.0, "variables": { "x": 0.0, "flipX": 0.0, "y": 96.0, "flipY": 0.0 }, "object": 517.0 }, { "layer": 0.0, "deleted": 0.0, "variables": { "x": 0.0, "flipX": 0.0, "y": 64.0, "flipY": 0.0 }, "object": 517.0 }, { "layer": 0.0, "deleted": 0.0, "variables": { "x": 0.0, "flipX": 0.0, "y": 32.0, "flipY": 0.0 }, "object": 517.0 }, { "layer": 0.0, "deleted": 0.0, "variables": { "x": 0.0, "flipX": 0.0, "y": 0.0, "flipY": 0.0 }, "object": 517.0 }, { "layer": 0.0, "deleted": 0.0, "variables": { "x": 1184.0, "flipX": 0.0, "y": 480.0, "flipY": 0.0 }, "object": 517.0 }, { "layer": 0.0, "deleted": 0.0, "variables": { "x": 1184.0, "flipX": 0.0, "y": 448.0, "flipY": 0.0 }, "object": 517.0 }, { "layer": 0.0, "deleted": 0.0, "variables": { "x": 1184.0, "flipX": 0.0, "y": 416.0, "flipY": 0.0 }, "object": 517.0 }, { "layer": 0.0, "deleted": 0.0, "variables": { "x": 1184.0, "flipX": 0.0, "y": 384.0, "flipY": 0.0 }, "object": 517.0 }, { "layer": 0.0, "deleted": 0.0, "variables": { "x": 1184.0, "flipX": 0.0, "y": 352.0, "flipY": 0.0 }, "object": 517.0 }, { "layer": 0.0, "deleted": 0.0, "variables": { "x": 1184.0, "flipX": 0.0, "y": 320.0, "flipY": 0.0 }, "object": 517.0 }, { "layer": 0.0, "deleted": 0.0, "variables": { "x": 1184.0, "flipX": 0.0, "y": 288.0, "flipY": 0.0 }, "object": 517.0 }, { "layer": 0.0, "deleted": 0.0, "variables": { "x": 1184.0, "flipX": 0.0, "y": 256.0, "flipY": 0.0 }, "object": 517.0 }, { "layer": 0.0, "deleted": 0.0, "variables": { "x": 1184.0, "flipX": 0.0, "y": 224.0, "flipY": 0.0 }, "object": 517.0 }, { "layer": 0.0, "deleted": 0.0, "variables": { "x": 1184.0, "flipX": 0.0, "y": 192.0, "flipY": 0.0 }, "object": 517.0 }, { "layer": 0.0, "deleted": 0.0, "variables": { "x": 1184.0, "flipX": 0.0, "y": 160.0, "flipY": 0.0 }, "object": 517.0 }, { "layer": 0.0, "deleted": 0.0, "variables": { "x": 1184.0, "flipX": 0.0, "y": 128.0, "flipY": 0.0 }, "object": 517.0 }, { "layer": 0.0, "deleted": 0.0, "variables": { "x": 1184.0, "flipX": 0.0, "y": 96.0, "flipY": 0.0 }, "object": 517.0 }, { "layer": 0.0, "deleted": 0.0, "variables": { "x": 1184.0, "flipX": 0.0, "y": 64.0, "flipY": 0.0 }, "object": 517.0 }, { "layer": 0.0, "deleted": 0.0, "variables": { "x": 1184.0, "flipX": 0.0, "y": 32.0, "flipY": 0.0 }, "object": 517.0 }, { "layer": 0.0, "deleted": 0.0, "variables": { "x": 1184.0, "flipX": 0.0, "y": 0.0, "flipY": 0.0 }, "object": 517.0 }, { "layer": 0.0, "deleted": 0.0, "variables": { "x": 0.0, "y": -32.0, "image_xscale": 37.0, "image_yscale": 1.0, "flipX": 0.0, "flipY": 0.0 }, "object": 517.0 }, { "layer": 0.0, "deleted": 0.0, "variables": { "x": 128.0, "y": 96.0, "image_xscale": 1.0, "image_yscale": 1.0, "flipX": 0.0, "flipY": 0.0 }, "object": 248.0 }, { "layer": 0.0, "deleted": 0.0, "variables": { "x": 288.0, "flipX": 0.0, "y": 0.0, "flipY": 0.0 }, "object": 517.0 }, { "layer": 0.0, "deleted": 0.0, "variables": { "x": 288.0, "flipX": 0.0, "y": 32.0, "flipY": 0.0 }, "object": 517.0 }, { "layer": 0.0, "deleted": 0.0, "variables": { "x": 288.0, "flipX": 0.0, "y": 64.0, "flipY": 0.0 }, "object": 517.0 }, { "layer": 0.0, "deleted": 0.0, "variables": { "x": 288.0, "flipX": 0.0, "y": 96.0, "flipY": 0.0 }, "object": 517.0 }, { "layer": 0.0, "deleted": 0.0, "variables": { "x": 288.0, "flipX": 0.0, "y": 128.0, "flipY": 0.0 }, "object": 517.0 }, { "layer": 0.0, "deleted": 0.0, "variables": { "x": 288.0, "flipX": 0.0, "y": 160.0, "flipY": 0.0 }, "object": 517.0 }, { "layer": 0.0, "deleted": 0.0, "variables": { "x": 288.0, "flipX": 0.0, "y": 192.0, "flipY": 0.0 }, "object": 517.0 }, { "layer": 0.0, "deleted": 0.0, "variables": { "x": 288.0, "flipX": 0.0, "y": 224.0, "flipY": 0.0 }, "object": 517.0 }, { "layer": 0.0, "deleted": 0.0, "variables": { "x": 288.0, "flipX": 0.0, "y": 256.0, "flipY": 0.0 }, "object": 517.0 }, { "layer": 0.0, "deleted": 0.0, "variables": { "x": 288.0, "flipX": 0.0, "y": 288.0, "flipY": 0.0 }, "object": 517.0 }, { "layer": 0.0, "deleted": 0.0, "variables": { "x": 288.0, "flipX": 0.0, "y": 320.0, "flipY": 0.0 }, "object": 517.0 }, { "layer": 0.0, "deleted": 0.0, "variables": { "x": 288.0, "flipX": 0.0, "y": 352.0, "flipY": 0.0 }, "object": 517.0 }, { "layer": 0.0, "deleted": 0.0, "variables": { "x": 288.0, "flipX": 0.0, "y": 384.0, "flipY": 0.0 }, "object": 517.0 }, { "layer": 0.0, "deleted": 0.0, "variables": { "x": 704.0, "flipX": 0.0, "y": 512.0, "flipY": 0.0 }, "object": 517.0 }, { "layer": 0.0, "deleted": 0.0, "variables": { "x": 704.0, "flipX": 0.0, "y": 480.0, "flipY": 0.0 }, "object": 517.0 }, { "layer": 0.0, "deleted": 0.0, "variables": { "x": 704.0, "flipX": 0.0, "y": 448.0, "flipY": 0.0 }, "object": 517.0 }, { "layer": 0.0, "deleted": 0.0, "variables": { "x": 704.0, "flipX": 0.0, "y": 416.0, "flipY": 0.0 }, "object": 517.0 }, { "layer": 0.0, "deleted": 0.0, "variables": { "x": 704.0, "flipX": 0.0, "y": 384.0, "flipY": 0.0 }, "object": 517.0 }, { "layer": 0.0, "deleted": 0.0, "variables": { "x": 704.0, "flipX": 0.0, "y": 352.0, "flipY": 0.0 }, "object": 517.0 }, { "layer": 0.0, "deleted": 0.0, "variables": { "x": 704.0, "flipX": 0.0, "y": 320.0, "flipY": 0.0 }, "object": 517.0 }, { "layer": 0.0, "deleted": 0.0, "variables": { "x": 704.0, "flipX": 0.0, "y": 288.0, "flipY": 0.0 }, "object": 517.0 }, { "layer": 0.0, "deleted": 0.0, "variables": { "x": 704.0, "flipX": 0.0, "y": 256.0, "flipY": 0.0 }, "object": 517.0 }, { "layer": 0.0, "deleted": 0.0, "variables": { "x": 704.0, "flipX": 0.0, "y": 224.0, "flipY": 0.0 }, "object": 517.0 }, { "layer": 0.0, "deleted": 0.0, "variables": { "x": 704.0, "flipX": 0.0, "y": 96.0, "flipY": 0.0 }, "object": 517.0 }, { "layer": 0.0, "deleted": 0.0, "variables": { "x": 672.0, "flipX": 0.0, "y": 96.0, "flipY": 0.0 }, "object": 517.0 }, { "layer": 0.0, "deleted": 0.0, "variables": { "x": 704.0, "flipX": 0.0, "y": 192.0, "flipY": 0.0 }, "object": 517.0 }, { "layer": 0.0, "deleted": 0.0, "variables": { "x": 704.0, "flipX": 0.0, "y": 160.0, "flipY": 0.0 }, "object": 517.0 }, { "layer": 0.0, "deleted": 0.0, "variables": { "x": 704.0, "flipX": 0.0, "y": 128.0, "flipY": 0.0 }, "object": 517.0 }, { "layer": 0.0, "deleted": 0.0, "variables": { "x": 640.0, "flipX": 0.0, "y": 96.0, "flipY": 0.0 }, "object": 517.0 }, { "layer": 0.0, "deleted": 0.0, "variables": { "x": 608.0, "flipX": 0.0, "y": 96.0, "flipY": 0.0 }, "object": 517.0 }, { "layer": 0.0, "deleted": 0.0, "variables": { "x": 576.0, "flipX": 0.0, "y": 96.0, "flipY": 0.0 }, "object": 517.0 }, { "layer": 0.0, "deleted": 0.0, "variables": { "x": 1024.0, "flipX": 0.0, "y": 0.0, "flipY": 0.0 }, "object": 517.0 }, { "layer": 0.0, "deleted": 0.0, "variables": { "x": 1024.0, "flipX": 0.0, "y": 32.0, "flipY": 0.0 }, "object": 517.0 }, { "layer": 0.0, "deleted": 0.0, "variables": { "x": 1024.0, "flipX": 0.0, "y": 64.0, "flipY": 0.0 }, "object": 517.0 }, { "layer": 0.0, "deleted": 0.0, "variables": { "x": 1024.0, "flipX": 0.0, "y": 96.0, "flipY": 0.0 }, "object": 517.0 }, { "layer": 0.0, "deleted": 0.0, "variables": { "x": 1024.0, "flipX": 0.0, "y": 128.0, "flipY": 0.0 }, "object": 517.0 }, { "layer": 0.0, "deleted": 0.0, "variables": { "x": 1024.0, "flipX": 0.0, "y": 160.0, "flipY": 0.0 }, "object": 517.0 }, { "layer": 0.0, "deleted": 0.0, "variables": { "x": 1024.0, "flipX": 0.0, "y": 192.0, "flipY": 0.0 }, "object": 517.0 }, { "layer": 0.0, "deleted": 0.0, "variables": { "x": 1024.0, "flipX": 0.0, "y": 224.0, "flipY": 0.0 }, "object": 517.0 }, { "layer": 0.0, "deleted": 0.0, "variables": { "x": 1024.0, "flipX": 0.0, "y": 256.0, "flipY": 0.0 }, "object": 517.0 }, { "layer": 0.0, "deleted": 0.0, "variables": { "x": 1024.0, "flipX": 0.0, "y": 288.0, "flipY": 0.0 }, "object": 517.0 }, { "layer": 0.0, "deleted": 0.0, "variables": { "x": 1024.0, "flipX": 0.0, "y": 320.0, "flipY": 0.0 }, "object": 517.0 }, { "layer": 0.0, "deleted": 0.0, "variables": { "x": 1024.0, "flipX": 0.0, "y": 352.0, "flipY": 0.0 }, "object": 517.0 }, { "layer": 0.0, "deleted": 0.0, "variables": { "x": 1024.0, "flipX": 0.0, "y": 384.0, "flipY": 0.0 }, "object": 517.0 }, { "layer": 0.0, "deleted": 0.0, "variables": { "x": 320.0, "flipX": 0.0, "y": 416.0, "flipY": 0.0 }, "object": 722.0 }, { "layer": 0.0, "deleted": 0.0, "variables": { "x": 1120.0, "y": 64.0, "targetRoom": "Outside", "image_xscale": 1.0, "secret": "true", "image_yscale": 1.0, "flipX": 0.0, "flipY": 0.0 }, "object": 98.0 }, { "layer": 0.0, "deleted": 0.0, "variables": { "x": 288.0, "flipX": 0.0, "y": 416.0, "flipY": 0.0 }, "object": 517.0 }, { "layer": 0.0, "deleted": 0.0, "variables": { "x": 352.0, "flipX": 0.0, "y": 416.0, "flipY": 0.0 }, "object": 722.0 }, { "layer": 0.0, "deleted": 0.0, "variables": { "x": 384.0, "flipX": 0.0, "y": 416.0, "flipY": 0.0 }, "object": 722.0 }, { "layer": 0.0, "deleted": 0.0, "variables": { "x": 416.0, "flipX": 0.0, "y": 416.0, "flipY": 0.0 }, "object": 722.0 }, { "layer": 0.0, "deleted": 0.0, "variables": { "x": 448.0, "flipX": 0.0, "y": 416.0, "flipY": 0.0 }, "object": 722.0 }, { "layer": 0.0, "deleted": 0.0, "variables": { "x": 512.0, "flipX": 0.0, "y": 320.0, "flipY": 0.0 }, "object": 722.0 }, { "layer": 0.0, "deleted": 0.0, "variables": { "x": 544.0, "flipX": 0.0, "y": 320.0, "flipY": 0.0 }, "object": 722.0 }, { "layer": 0.0, "deleted": 0.0, "variables": { "x": 576.0, "flipX": 0.0, "y": 320.0, "flipY": 0.0 }, "object": 722.0 }, { "layer": 0.0, "deleted": 0.0, "variables": { "x": 608.0, "flipX": 0.0, "y": 320.0, "flipY": 0.0 }, "object": 722.0 }, { "layer": 0.0, "deleted": 0.0, "variables": { "x": 640.0, "flipX": 0.0, "y": 320.0, "flipY": 0.0 }, "object": 722.0 }, { "layer": 0.0, "deleted": 0.0, "variables": { "x": 672.0, "flipX": 0.0, "y": 320.0, "flipY": 0.0 }, "object": 722.0 }, { "layer": 0.0, "deleted": 0.0, "variables": { "x": 320.0, "flipX": 0.0, "y": 224.0, "flipY": 0.0 }, "object": 722.0 }, { "layer": 0.0, "deleted": 0.0, "variables": { "x": 352.0, "flipX": 0.0, "y": 224.0, "flipY": 0.0 }, "object": 722.0 }, { "layer": 0.0, "deleted": 0.0, "variables": { "x": 384.0, "flipX": 0.0, "y": 224.0, "flipY": 0.0 }, "object": 722.0 }, { "layer": 0.0, "deleted": 0.0, "variables": { "x": 416.0, "flipX": 0.0, "y": 224.0, "flipY": 0.0 }, "object": 722.0 }, { "layer": 0.0, "deleted": 0.0, "variables": { "x": 448.0, "flipX": 0.0, "y": 224.0, "flipY": 0.0 }, "object": 722.0 }, { "layer": 0.0, "deleted": 0.0, "variables": { "x": 480.0, "flipX": 0.0, "y": 224.0, "flipY": 0.0 }, "object": 722.0 }, { "layer": 0.0, "deleted": 0.0, "variables": { "x": 480.0, "flipX": 0.0, "y": 128.0, "flipY": 0.0 }, "object": 722.0 }, { "layer": 0.0, "deleted": 0.0, "variables": { "x": 512.0, "flipX": 0.0, "y": 128.0, "flipY": 0.0 }, "object": 722.0 }, { "layer": 0.0, "deleted": 0.0, "variables": { "x": 640.0, "flipX": 0.0, "y": 32.0, "flipY": 0.0 }, "object": 250.0 }, { "layer": 0.0, "deleted": 0.0, "variables": { "x": 992.0, "flipX": 0.0, "y": 480.0, "flipY": 0.0 }, "object": 250.0 }, { "layer": 0.0, "deleted": 0.0, "variables": { "x": 1024.0, "flipX": 0.0, "y": 416.0, "flipY": 0.0 }, "object": 517.0 }, { "layer": 0.0, "deleted": 0.0, "variables": { "x": 192.0, "flipX": 0.0, "y": 480.0, "flipY": 0.0 }, "object": 752.0 }, { "layer": 0.0, "deleted": 0.0, "variables": { "x": 1120.0, "y": 416.0, "image_xscale": 1.0, "image_yscale": 1.0, "flipX": 0.0, "flipY": 0.0 }, "object": 1136.0 }, { "layer": 0.0, "deleted": 0.0, "variables": { "x": 480.0, "flipX": 0.0, "y": 224.0, "flipY": 0.0 }, "object": 517.0 }, { "layer": 0.0, "deleted": 0.0, "variables": { "x": 480.0, "flipX": 0.0, "content": "obj_pizzagoblin", "flipY": 0.0, "y": 512.0 }, "object": 694.0 }, { "layer": 0.0, "deleted": 0.0, "variables": { "x": 960.0, "flipX": 0.0, "y": 416.0, "flipY": 0.0 }, "object": 722.0 }, { "layer": 0.0, "deleted": 0.0, "variables": { "x": 928.0, "flipX": 0.0, "y": 416.0, "flipY": 0.0 }, "object": 722.0 }, { "layer": 0.0, "deleted": 0.0, "variables": { "x": 896.0, "flipX": 0.0, "y": 416.0, "flipY": 0.0 }, "object": 722.0 }, { "layer": 0.0, "deleted": 0.0, "variables": { "x": 992.0, "flipX": 0.0, "y": 416.0, "flipY": 0.0 }, "object": 722.0 }, { "layer": 0.0, "deleted": 0.0, "variables": { "x": 864.0, "flipX": 0.0, "y": 416.0, "flipY": 0.0 }, "object": 722.0 }, { "layer": 0.0, "deleted": 0.0, "variables": { "x": 832.0, "flipX": 0.0, "y": 320.0, "flipY": 0.0 }, "object": 722.0 }, { "layer": 0.0, "deleted": 0.0, "variables": { "x": 800.0, "flipX": 0.0, "y": 320.0, "flipY": 0.0 }, "object": 722.0 }, { "layer": 0.0, "deleted": 0.0, "variables": { "x": 768.0, "flipX": 0.0, "y": 320.0, "flipY": 0.0 }, "object": 722.0 }, { "layer": 0.0, "deleted": 0.0, "variables": { "x": 736.0, "flipX": 0.0, "y": 320.0, "flipY": 0.0 }, "object": 722.0 }, { "layer": 0.0, "deleted": 0.0, "variables": { "x": 736.0, "flipX": 0.0, "y": 128.0, "flipY": 0.0 }, "object": 722.0 }, { "layer": 0.0, "deleted": 0.0, "variables": { "x": 768.0, "flipX": 0.0, "y": 128.0, "flipY": 0.0 }, "object": 722.0 }, { "layer": 0.0, "deleted": 0.0, "variables": { "x": 800.0, "flipX": 0.0, "y": 128.0, "flipY": 0.0 }, "object": 722.0 }, { "layer": 0.0, "deleted": 0.0, "variables": { "x": 832.0, "flipX": 0.0, "y": 128.0, "flipY": 0.0 }, "object": 722.0 }, { "layer": 0.0, "deleted": 0.0, "variables": { "x": 992.0, "flipX": 0.0, "y": 224.0, "flipY": 0.0 }, "object": 722.0 }, { "layer": 0.0, "deleted": 0.0, "variables": { "x": 960.0, "flipX": 0.0, "y": 224.0, "flipY": 0.0 }, "object": 722.0 }, { "layer": 0.0, "deleted": 0.0, "variables": { "x": 928.0, "flipX": 0.0, "y": 224.0, "flipY": 0.0 }, "object": 722.0 }, { "layer": 0.0, "deleted": 0.0, "variables": { "x": 896.0, "flipX": 0.0, "y": 224.0, "flipY": 0.0 }, "object": 722.0 }, { "layer": 0.0, "deleted": 0.0, "variables": { "x": 864.0, "flipX": 0.0, "y": 224.0, "flipY": 0.0 }, "object": 722.0 }, { "layer": 0.0, "deleted": 0.0, "variables": { "x": 224.0, "flipX": 0.0, "y": 480.0, "flipY": 0.0 }, "object": 752.0 }, { "layer": 0.0, "deleted": 0.0, "variables": { "x": 256.0, "flipX": 0.0, "y": 480.0, "flipY": 0.0 }, "object": 752.0 }, { "layer": 0.0, "deleted": 0.0, "variables": { "x": 288.0, "flipX": 0.0, "y": 480.0, "flipY": 0.0 }, "object": 752.0 }, { "layer": 0.0, "deleted": 0.0, "variables": { "x": 320.0, "flipX": 0.0, "y": 480.0, "flipY": 0.0 }, "object": 752.0 }, { "layer": 0.0, "deleted": 0.0, "variables": { "x": 576.0, "flipX": 0.0, "y": 256.0, "flipY": 0.0 }, "object": 752.0 }, { "layer": 0.0, "deleted": 0.0, "variables": { "x": 608.0, "flipX": 0.0, "y": 256.0, "flipY": 0.0 }, "object": 752.0 }, { "layer": 0.0, "deleted": 0.0, "variables": { "x": 640.0, "flipX": 0.0, "y": 256.0, "flipY": 0.0 }, "object": 752.0 }, { "layer": 0.0, "deleted": 0.0, "variables": { "x": 352.0, "flipX": 0.0, "y": 160.0, "flipY": 0.0 }, "object": 752.0 }, { "layer": 0.0, "deleted": 0.0, "variables": { "x": 384.0, "flipX": 0.0, "y": 160.0, "flipY": 0.0 }, "object": 752.0 }, { "layer": 0.0, "deleted": 0.0, "variables": { "x": 416.0, "flipX": 0.0, "y": 160.0, "flipY": 0.0 }, "object": 752.0 }, { "layer": 0.0, "deleted": 0.0, "variables": { "x": 448.0, "flipX": 0.0, "y": 160.0, "flipY": 0.0 }, "object": 752.0 }, { "layer": 0.0, "deleted": 0.0, "variables": { "x": 928.0, "flipX": 0.0, "y": 192.0, "flipY": 0.0 }, "object": 763.0 }, { "layer": 0.0, "deleted": 0.0, "variables": { "x": 800.0, "flipX": 0.0, "y": 288.0, "flipY": 0.0 }, "object": 763.0 }, { "layer": 0.0, "deleted": 0.0, "variables": { "x": 928.0, "flipX": 0.0, "y": 384.0, "flipY": 0.0 }, "object": 763.0 } ], "tile_data": { "5": { "1024_64": { "autotile": 0.0, "autotile_index": 0.0, "tileset": "tile_secret", "coord": [ 3.0, 7.0 ] }, "384_416": { "autotile": 0.0, "autotile_index": 0.0, "tileset": "tile_secret", "coord": [ 8.0, 1.0 ] }, "576_320": { "autotile": 0.0, "autotile_index": 0.0, "tileset": "tile_secret", "coord": [ 7.0, 1.0 ] }, "1184_480": { "autotile": 0.0, "autotile_index": 0.0, "tileset": "tile_secret", "coord": [ 3.0, 7.0 ] }, "1024_352": { "autotile": 0.0, "autotile_index": 0.0, "tileset": "tile_secret", "coord": [ 3.0, 7.0 ] }, "-32_64": { "autotile": 0.0, "autotile_index": 0.0, "tileset": "tile_secret", "coord": [ 3.0, 7.0 ] }, "0_512": { "autotile": 0.0, "autotile_index": 0.0, "tileset": "tile_secret", "coord": [ 3.0, 7.0 ] }, "960_416": { "autotile": 0.0, "autotile_index": 0.0, "tileset": "tile_secret", "coord": [ 7.0, 1.0 ] }, "704_416": { "autotile": 0.0, "autotile_index": 0.0, "tileset": "tile_secret", "coord": [ 3.0, 7.0 ] }, "896_416": { "autotile": 0.0, "autotile_index": 0.0, "tileset": "tile_secret", "coord": [ 8.0, 1.0 ] }, "768_320": { "autotile": 0.0, "autotile_index": 0.0, "tileset": "tile_secret", "coord": [ 8.0, 1.0 ] }, "0_256": { "autotile": 0.0, "autotile_index": 0.0, "tileset": "tile_secret", "coord": [ 3.0, 7.0 ] }, "352_544": { "autotile": 0.0, "autotile_index": 0.0, "tileset": "tile_secret", "coord": [ 3.0, 7.0 ] }, "640_96": { "autotile": 0.0, "autotile_index": 0.0, "tileset": "tile_secret", "coord": [ 3.0, 7.0 ] }, "-32_352": { "autotile": 0.0, "autotile_index": 0.0, "tileset": "tile_secret", "coord": [ 3.0, 7.0 ] }, "-64_192": { "autotile": 1.0, "autotile_index": 0.0, "tileset": "tile_secret", "coord": [ 0.0, 0.0 ] }, "1024_288": { "autotile": 0.0, "autotile_index": 0.0, "tileset": "tile_secret", "coord": [ 3.0, 7.0 ] }, "704_512": { "autotile": 0.0, "autotile_index": 0.0, "tileset": "tile_secret", "coord": [ 3.0, 7.0 ] }, "480_-32": { "autotile": 0.0, "autotile_index": 0.0, "tileset": "tile_secret", "coord": [ 3.0, 7.0 ] }, "544_320": { "autotile": 0.0, "autotile_index": 0.0, "tileset": "tile_secret", "coord": [ 7.0, 1.0 ] }, "0_192": { "autotile": 0.0, "autotile_index": 0.0, "tileset": "tile_secret", "coord": [ 3.0, 7.0 ] }, "512_544": { "autotile": 0.0, "autotile_index": 0.0, "tileset": "tile_secret", "coord": [ 3.0, 7.0 ] }, "512_-32": { "autotile": 0.0, "autotile_index": 0.0, "tileset": "tile_secret", "coord": [ 3.0, 7.0 ] }, "0_352": { "autotile": 0.0, "autotile_index": 0.0, "tileset": "tile_secret", "coord": [ 3.0, 7.0 ] }, "0_64": { "autotile": 0.0, "autotile_index": 0.0, "tileset": "tile_secret", "coord": [ 3.0, 7.0 ] }, "800_320": { "autotile": 0.0, "autotile_index": 0.0, "tileset": "tile_secret", "coord": [ 7.0, 1.0 ] }, "64_544": { "autotile": 0.0, "autotile_index": 0.0, "tileset": "tile_secret", "coord": [ 3.0, 7.0 ] }, "288_416": { "autotile": 0.0, "autotile_index": 0.0, "tileset": "tile_secret", "coord": [ 3.0, 7.0 ] }, "0_480": { "autotile": 0.0, "autotile_index": 0.0, "tileset": "tile_secret", "coord": [ 3.0, 7.0 ] }, "1024_416": { "autotile": 0.0, "autotile_index": 0.0, "tileset": "tile_secret", "coord": [ 3.0, 7.0 ] }, "1024_0": { "autotile": 0.0, "autotile_index": 0.0, "tileset": "tile_secret", "coord": [ 3.0, 7.0 ] }, "672_320": { "autotile": 0.0, "autotile_index": 0.0, "tileset": "tile_secret", "coord": [ 8.0, 1.0 ] }, "704_224": { "autotile": 0.0, "autotile_index": 0.0, "tileset": "tile_secret", "coord": [ 3.0, 7.0 ] }, "736_320": { "autotile": 0.0, "autotile_index": 0.0, "tileset": "tile_secret", "coord": [ 7.0, 1.0 ] }, "1184_96": { "autotile": 0.0, "autotile_index": 0.0, "tileset": "tile_secret", "coord": [ 3.0, 7.0 ] }, "608_320": { "autotile": 0.0, "autotile_index": 0.0, "tileset": "tile_secret", "coord": [ 8.0, 1.0 ] }, "1024_192": { "autotile": 0.0, "autotile_index": 0.0, "tileset": "tile_secret", "coord": [ 3.0, 7.0 ] }, "0_224": { "autotile": 0.0, "autotile_index": 0.0, "tileset": "tile_secret", "coord": [ 3.0, 7.0 ] }, "704_192": { "autotile": 0.0, "autotile_index": 0.0, "tileset": "tile_secret", "coord": [ 3.0, 7.0 ] }, "-64_64": { "autotile": 1.0, "autotile_index": 0.0, "tileset": "tile_secret", "coord": [ 0.0, 0.0 ] }, "800_128": { "autotile": 0.0, "autotile_index": 0.0, "tileset": "tile_secret", "coord": [ 7.0, 1.0 ] }, "-64_128": { "autotile": 1.0, "autotile_index": 0.0, "tileset": "tile_secret", "coord": [ 0.0, 0.0 ] }, "832_544": { "autotile": 0.0, "autotile_index": 0.0, "tileset": "tile_secret", "coord": [ 3.0, 7.0 ] }, "704_128": { "autotile": 0.0, "autotile_index": 0.0, "tileset": "tile_secret", "coord": [ 3.0, 7.0 ] }, "896_224": { "autotile": 0.0, "autotile_index": 0.0, "tileset": "tile_secret", "coord": [ 8.0, 1.0 ] }, "288_128": { "autotile": 0.0, "autotile_index": 0.0, "tileset": "tile_secret", "coord": [ 3.0, 7.0 ] }, "448_544": { "autotile": 0.0, "autotile_index": 0.0, "tileset": "tile_secret", "coord": [ 3.0, 7.0 ] }, "416_544": { "autotile": 0.0, "autotile_index": 0.0, "tileset": "tile_secret", "coord": [ 3.0, 7.0 ] }, "-32_32": { "autotile": 0.0, "autotile_index": 0.0, "tileset": "tile_secret", "coord": [ 3.0, 7.0 ] }, "960_224": { "autotile": 0.0, "autotile_index": 0.0, "tileset": "tile_secret", "coord": [ 7.0, 1.0 ] }, "768_-32": { "autotile": 0.0, "autotile_index": 0.0, "tileset": "tile_secret", "coord": [ 3.0, 7.0 ] }, "288_224": { "autotile": 0.0, "autotile_index": 0.0, "tileset": "tile_secret", "coord": [ 3.0, 7.0 ] }, "448_-32": { "autotile": 0.0, "autotile_index": 0.0, "tileset": "tile_secret", "coord": [ 3.0, 7.0 ] }, "896_-32": { "autotile": 0.0, "autotile_index": 0.0, "tileset": "tile_secret", "coord": [ 3.0, 7.0 ] }, "768_128": { "autotile": 0.0, "autotile_index": 0.0, "tileset": "tile_secret", "coord": [ 8.0, 1.0 ] }, "288_384": { "autotile": 0.0, "autotile_index": 0.0, "tileset": "tile_secret", "coord": [ 3.0, 7.0 ] }, "576_96": { "autotile": 0.0, "autotile_index": 0.0, "tileset": "tile_secret", "coord": [ 3.0, 7.0 ] }, "928_-32": { "autotile": 0.0, "autotile_index": 0.0, "tileset": "tile_secret", "coord": [ 3.0, 7.0 ] }, "704_352": { "autotile": 0.0, "autotile_index": 0.0, "tileset": "tile_secret", "coord": [ 3.0, 7.0 ] }, "-32_-32": { "autotile": 1.0, "autotile_index": 0.0, "tileset": "tile_secret", "coord": [ 0.0, 0.0 ] }, "0_448": { "autotile": 0.0, "autotile_index": 0.0, "tileset": "tile_secret", "coord": [ 3.0, 7.0 ] }, "160_544": { "autotile": 0.0, "autotile_index": 0.0, "tileset": "tile_secret", "coord": [ 3.0, 7.0 ] }, "0_0": { "autotile": 0.0, "autotile_index": 0.0, "tileset": "tile_secret", "coord": [ 3.0, 7.0 ] }, "960_-32": { "autotile": 0.0, "autotile_index": 0.0, "tileset": "tile_secret", "coord": [ 3.0, 7.0 ] }, "832_320": { "autotile": 0.0, "autotile_index": 0.0, "tileset": "tile_secret", "coord": [ 8.0, 1.0 ] }, "-32_320": { "autotile": 0.0, "autotile_index": 0.0, "tileset": "tile_secret", "coord": [ 3.0, 7.0 ] }, "1184_160": { "autotile": 0.0, "autotile_index": 0.0, "tileset": "tile_secret", "coord": [ 3.0, 7.0 ] }, "256_544": { "autotile": 0.0, "autotile_index": 0.0, "tileset": "tile_secret", "coord": [ 3.0, 7.0 ] }, "288_288": { "autotile": 0.0, "autotile_index": 0.0, "tileset": "tile_secret", "coord": [ 3.0, 7.0 ] }, "1024_256": { "autotile": 0.0, "autotile_index": 0.0, "tileset": "tile_secret", "coord": [ 3.0, 7.0 ] }, "1024_96": { "autotile": 0.0, "autotile_index": 0.0, "tileset": "tile_secret", "coord": [ 3.0, 7.0 ] }, "704_-32": { "autotile": 0.0, "autotile_index": 0.0, "tileset": "tile_secret", "coord": [ 3.0, 7.0 ] }, "512_128": { "autotile": 0.0, "autotile_index": 0.0, "tileset": "tile_secret", "coord": [ 8.0, 1.0 ] }, "480_128": { "autotile": 0.0, "autotile_index": 0.0, "tileset": "tile_secret", "coord": [ 7.0, 1.0 ] }, "736_-32": { "autotile": 0.0, "autotile_index": 0.0, "tileset": "tile_secret", "coord": [ 3.0, 7.0 ] }, "288_160": { "autotile": 0.0, "autotile_index": 0.0, "tileset": "tile_secret", "coord": [ 3.0, 7.0 ] }, "768_544": { "autotile": 0.0, "autotile_index": 0.0, "tileset": "tile_secret", "coord": [ 3.0, 7.0 ] }, "960_544": { "autotile": 0.0, "autotile_index": 0.0, "tileset": "tile_secret", "coord": [ 3.0, 7.0 ] }, "864_544": { "autotile": 0.0, "autotile_index": 0.0, "tileset": "tile_secret", "coord": [ 3.0, 7.0 ] }, "224_544": { "autotile": 0.0, "autotile_index": 0.0, "tileset": "tile_secret", "coord": [ 3.0, 7.0 ] }, "512_320": { "autotile": 0.0, "autotile_index": 0.0, "tileset": "tile_secret", "coord": [ 7.0, 1.0 ] }, "320_224": { "autotile": 0.0, "autotile_index": 0.0, "tileset": "tile_secret", "coord": [ 7.0, 1.0 ] }, "608_96": { "autotile": 0.0, "autotile_index": 0.0, "tileset": "tile_secret", "coord": [ 3.0, 7.0 ] }, "1088_544": { "autotile": 0.0, "autotile_index": 0.0, "tileset": "tile_secret", "coord": [ 3.0, 7.0 ] }, "416_-32": { "autotile": 0.0, "autotile_index": 0.0, "tileset": "tile_secret", "coord": [ 3.0, 7.0 ] }, "0_288": { "autotile": 0.0, "autotile_index": 0.0, "tileset": "tile_secret", "coord": [ 3.0, 7.0 ] }, "1184_64": { "autotile": 0.0, "autotile_index": 0.0, "tileset": "tile_secret", "coord": [ 3.0, 7.0 ] }, "480_544": { "autotile": 0.0, "autotile_index": 0.0, "tileset": "tile_secret", "coord": [ 3.0, 7.0 ] }, "1184_128": { "autotile": 0.0, "autotile_index": 0.0, "tileset": "tile_secret", "coord": [ 3.0, 7.0 ] }, "1184_352": { "autotile": 0.0, "autotile_index": 0.0, "tileset": "tile_secret", "coord": [ 3.0, 7.0 ] }, "1184_320": { "autotile": 0.0, "autotile_index": 0.0, "tileset": "tile_secret", "coord": [ 3.0, 7.0 ] }, "288_-32": { "autotile": 0.0, "autotile_index": 0.0, "tileset": "tile_secret", "coord": [ 3.0, 7.0 ] }, "704_544": { "autotile": 0.0, "autotile_index": 0.0, "tileset": "tile_secret", "coord": [ 3.0, 7.0 ] }, "1024_544": { "autotile": 0.0, "autotile_index": 0.0, "tileset": "tile_secret", "coord": [ 3.0, 7.0 ] }, "1024_224": { "autotile": 0.0, "autotile_index": 0.0, "tileset": "tile_secret", "coord": [ 3.0, 7.0 ] }, "928_224": { "autotile": 0.0, "autotile_index": 0.0, "tileset": "tile_secret", "coord": [ 7.0, 1.0 ] }, "-32_288": { "autotile": 0.0, "autotile_index": 0.0, "tileset": "tile_secret", "coord": [ 3.0, 7.0 ] }, "320_416": { "autotile": 0.0, "autotile_index": 0.0, "tileset": "tile_secret", "coord": [ 7.0, 1.0 ] }, "864_224": { "autotile": 0.0, "autotile_index": 0.0, "tileset": "tile_secret", "coord": [ 7.0, 1.0 ] }, "0_384": { "autotile": 0.0, "autotile_index": 0.0, "tileset": "tile_secret", "coord": [ 3.0, 7.0 ] }, "384_-32": { "autotile": 0.0, "autotile_index": 0.0, "tileset": "tile_secret", "coord": [ 3.0, 7.0 ] }, "288_320": { "autotile": 0.0, "autotile_index": 0.0, "tileset": "tile_secret", "coord": [ 3.0, 7.0 ] }, "1184_0": { "autotile": 0.0, "autotile_index": 0.0, "tileset": "tile_secret", "coord": [ 3.0, 7.0 ] }, "1024_320": { "autotile": 0.0, "autotile_index": 0.0, "tileset": "tile_secret", "coord": [ 3.0, 7.0 ] }, "-64_-32": { "autotile": 1.0, "autotile_index": 0.0, "tileset": "tile_secret", "coord": [ 0.0, 0.0 ] }, "-32_160": { "autotile": 0.0, "autotile_index": 0.0, "tileset": "tile_secret", "coord": [ 3.0, 7.0 ] }, "1184_416": { "autotile": 0.0, "autotile_index": 0.0, "tileset": "tile_secret", "coord": [ 3.0, 7.0 ] }, "384_544": { "autotile": 0.0, "autotile_index": 0.0, "tileset": "tile_secret", "coord": [ 3.0, 7.0 ] }, "864_-32": { "autotile": 0.0, "autotile_index": 0.0, "tileset": "tile_secret", "coord": [ 3.0, 7.0 ] }, "384_224": { "autotile": 0.0, "autotile_index": 0.0, "tileset": "tile_secret", "coord": [ 7.0, 1.0 ] }, "1184_192": { "autotile": 0.0, "autotile_index": 0.0, "tileset": "tile_secret", "coord": [ 3.0, 7.0 ] }, "-32_128": { "autotile": 0.0, "autotile_index": 0.0, "tileset": "tile_secret", "coord": [ 3.0, 7.0 ] }, "320_-32": { "autotile": 0.0, "autotile_index": 0.0, "tileset": "tile_secret", "coord": [ 3.0, 7.0 ] }, "1056_544": { "autotile": 0.0, "autotile_index": 0.0, "tileset": "tile_secret", "coord": [ 3.0, 7.0 ] }, "288_32": { "autotile": 0.0, "autotile_index": 0.0, "tileset": "tile_secret", "coord": [ 3.0, 7.0 ] }, "1152_544": { "autotile": 0.0, "autotile_index": 0.0, "tileset": "tile_secret", "coord": [ 3.0, 7.0 ] }, "1056_-32": { "autotile": 0.0, "autotile_index": 0.0, "tileset": "tile_secret", "coord": [ 3.0, 7.0 ] }, "288_544": { "autotile": 0.0, "autotile_index": 0.0, "tileset": "tile_secret", "coord": [ 3.0, 7.0 ] }, "928_544": { "autotile": 0.0, "autotile_index": 0.0, "tileset": "tile_secret", "coord": [ 3.0, 7.0 ] }, "0_96": { "autotile": 0.0, "autotile_index": 0.0, "tileset": "tile_secret", "coord": [ 3.0, 7.0 ] }, "288_64": { "autotile": 0.0, "autotile_index": 0.0, "tileset": "tile_secret", "coord": [ 3.0, 7.0 ] }, "1120_544": { "autotile": 0.0, "autotile_index": 0.0, "tileset": "tile_secret", "coord": [ 3.0, 7.0 ] }, "448_416": { "autotile": 0.0, "autotile_index": 0.0, "tileset": "tile_secret", "coord": [ 8.0, 1.0 ] }, "1024_128": { "autotile": 0.0, "autotile_index": 0.0, "tileset": "tile_secret", "coord": [ 3.0, 7.0 ] }, "448_224": { "autotile": 0.0, "autotile_index": 0.0, "tileset": "tile_secret", "coord": [ 7.0, 1.0 ] }, "1184_32": { "autotile": 0.0, "autotile_index": 0.0, "tileset": "tile_secret", "coord": [ 3.0, 7.0 ] }, "-64_96": { "autotile": 1.0, "autotile_index": 0.0, "tileset": "tile_secret", "coord": [ 0.0, 0.0 ] }, "0_416": { "autotile": 0.0, "autotile_index": 0.0, "tileset": "tile_secret", "coord": [ 3.0, 7.0 ] }, "896_544": { "autotile": 0.0, "autotile_index": 0.0, "tileset": "tile_secret", "coord": [ 3.0, 7.0 ] }, "192_544": { "autotile": 0.0, "autotile_index": 0.0, "tileset": "tile_secret", "coord": [ 3.0, 7.0 ] }, "0_544": { "autotile": 0.0, "autotile_index": 0.0, "tileset": "tile_secret", "coord": [ 3.0, 7.0 ] }, "736_544": { "autotile": 0.0, "autotile_index": 0.0, "tileset": "tile_secret", "coord": [ 3.0, 7.0 ] }, "1088_-32": { "autotile": 0.0, "autotile_index": 0.0, "tileset": "tile_secret", "coord": [ 3.0, 7.0 ] }, "288_0": { "autotile": 0.0, "autotile_index": 0.0, "tileset": "tile_secret", "coord": [ 3.0, 7.0 ] }, "-32_192": { "autotile": 0.0, "autotile_index": 0.0, "tileset": "tile_secret", "coord": [ 3.0, 7.0 ] }, "288_256": { "autotile": 0.0, "autotile_index": 0.0, "tileset": "tile_secret", "coord": [ 3.0, 7.0 ] }, "-32_224": { "autotile": 0.0, "autotile_index": 0.0, "tileset": "tile_secret", "coord": [ 3.0, 7.0 ] }, "800_544": { "autotile": 0.0, "autotile_index": 0.0, "tileset": "tile_secret", "coord": [ 3.0, 7.0 ] }, "704_96": { "autotile": 0.0, "autotile_index": 0.0, "tileset": "tile_secret", "coord": [ 3.0, 7.0 ] }, "704_480": { "autotile": 0.0, "autotile_index": 0.0, "tileset": "tile_secret", "coord": [ 3.0, 7.0 ] }, "352_224": { "autotile": 0.0, "autotile_index": 0.0, "tileset": "tile_secret", "coord": [ 8.0, 1.0 ] }, "0_160": { "autotile": 0.0, "autotile_index": 0.0, "tileset": "tile_secret", "coord": [ 3.0, 7.0 ] }, "416_416": { "autotile": 0.0, "autotile_index": 0.0, "tileset": "tile_secret", "coord": [ 7.0, 1.0 ] }, "1024_384": { "autotile": 0.0, "autotile_index": 0.0, "tileset": "tile_secret", "coord": [ 3.0, 7.0 ] }, "0_320": { "autotile": 0.0, "autotile_index": 0.0, "tileset": "tile_secret", "coord": [ 3.0, 7.0 ] }, "800_-32": { "autotile": 0.0, "autotile_index": 0.0, "tileset": "tile_secret", "coord": [ 3.0, 7.0 ] }, "992_-32": { "autotile": 0.0, "autotile_index": 0.0, "tileset": "tile_secret", "coord": [ 3.0, 7.0 ] }, "640_-32": { "autotile": 0.0, "autotile_index": 0.0, "tileset": "tile_secret", "coord": [ 3.0, 7.0 ] }, "32_544": { "autotile": 0.0, "autotile_index": 0.0, "tileset": "tile_secret", "coord": [ 3.0, 7.0 ] }, "640_544": { "autotile": 0.0, "autotile_index": 0.0, "tileset": "tile_secret", "coord": [ 3.0, 7.0 ] }, "288_192": { "autotile": 0.0, "autotile_index": 0.0, "tileset": "tile_secret", "coord": [ 3.0, 7.0 ] }, "1184_224": { "autotile": 0.0, "autotile_index": 0.0, "tileset": "tile_secret", "coord": [ 3.0, 7.0 ] }, "1120_-32": { "autotile": 0.0, "autotile_index": 0.0, "tileset": "tile_secret", "coord": [ 3.0, 7.0 ] }, "992_544": { "autotile": 0.0, "autotile_index": 0.0, "tileset": "tile_secret", "coord": [ 3.0, 7.0 ] }, "608_-32": { "autotile": 0.0, "autotile_index": 0.0, "tileset": "tile_secret", "coord": [ 3.0, 7.0 ] }, "-32_256": { "autotile": 0.0, "autotile_index": 0.0, "tileset": "tile_secret", "coord": [ 3.0, 7.0 ] }, "288_96": { "autotile": 0.0, "autotile_index": 0.0, "tileset": "tile_secret", "coord": [ 3.0, 7.0 ] }, "96_544": { "autotile": 0.0, "autotile_index": 0.0, "tileset": "tile_secret", "coord": [ 3.0, 7.0 ] }, "672_-32": { "autotile": 0.0, "autotile_index": 0.0, "tileset": "tile_secret", "coord": [ 3.0, 7.0 ] }, "416_224": { "autotile": 0.0, "autotile_index": 0.0, "tileset": "tile_secret", "coord": [ 8.0, 1.0 ] }, "864_416": { "autotile": 0.0, "autotile_index": 0.0, "tileset": "tile_secret", "coord": [ 7.0, 1.0 ] }, "704_288": { "autotile": 0.0, "autotile_index": 0.0, "tileset": "tile_secret", "coord": [ 3.0, 7.0 ] }, "672_544": { "autotile": 0.0, "autotile_index": 0.0, "tileset": "tile_secret", "coord": [ 3.0, 7.0 ] }, "1184_256": { "autotile": 0.0, "autotile_index": 0.0, "tileset": "tile_secret", "coord": [ 3.0, 7.0 ] }, "544_544": { "autotile": 0.0, "autotile_index": 0.0, "tileset": "tile_secret", "coord": [ 3.0, 7.0 ] }, "1184_512": { "autotile": 0.0, "autotile_index": 0.0, "tileset": "tile_secret", "coord": [ 3.0, 7.0 ] }, "704_384": { "autotile": 0.0, "autotile_index": 0.0, "tileset": "tile_secret", "coord": [ 3.0, 7.0 ] }, "1024_32": { "autotile": 0.0, "autotile_index": 0.0, "tileset": "tile_secret", "coord": [ 3.0, 7.0 ] }, "576_-32": { "autotile": 0.0, "autotile_index": 0.0, "tileset": "tile_secret", "coord": [ 3.0, 7.0 ] }, "736_128": { "autotile": 0.0, "autotile_index": 0.0, "tileset": "tile_secret", "coord": [ 7.0, 1.0 ] }, "1024_-32": { "autotile": 0.0, "autotile_index": 0.0, "tileset": "tile_secret", "coord": [ 3.0, 7.0 ] }, "992_224": { "autotile": 0.0, "autotile_index": 0.0, "tileset": "tile_secret", "coord": [ 8.0, 1.0 ] }, "352_416": { "autotile": 0.0, "autotile_index": 0.0, "tileset": "tile_secret", "coord": [ 8.0, 1.0 ] }, "352_-32": { "autotile": 0.0, "autotile_index": 0.0, "tileset": "tile_secret", "coord": [ 3.0, 7.0 ] }, "672_96": { "autotile": 0.0, "autotile_index": 0.0, "tileset": "tile_secret", "coord": [ 3.0, 7.0 ] }, "1184_384": { "autotile": 0.0, "autotile_index": 0.0, "tileset": "tile_secret", "coord": [ 3.0, 7.0 ] }, "1184_288": { "autotile": 0.0, "autotile_index": 0.0, "tileset": "tile_secret", "coord": [ 3.0, 7.0 ] }, "0_128": { "autotile": 0.0, "autotile_index": 0.0, "tileset": "tile_secret", "coord": [ 3.0, 7.0 ] }, "608_544": { "autotile": 0.0, "autotile_index": 0.0, "tileset": "tile_secret", "coord": [ 3.0, 7.0 ] }, "704_320": { "autotile": 0.0, "autotile_index": 0.0, "tileset": "tile_secret", "coord": [ 3.0, 7.0 ] }, "1184_448": { "autotile": 0.0, "autotile_index": 0.0, "tileset": "tile_secret", "coord": [ 3.0, 7.0 ] }, "640_320": { "autotile": 0.0, "autotile_index": 0.0, "tileset": "tile_secret", "coord": [ 7.0, 1.0 ] }, "-64_224": { "autotile": 1.0, "autotile_index": 0.0, "tileset": "tile_secret", "coord": [ 0.0, 0.0 ] }, "480_224": { "autotile": 0.0, "autotile_index": 0.0, "tileset": "tile_secret", "coord": [ 8.0, 1.0 ] }, "1024_160": { "autotile": 0.0, "autotile_index": 0.0, "tileset": "tile_secret", "coord": [ 3.0, 7.0 ] }, "832_-32": { "autotile": 0.0, "autotile_index": 0.0, "tileset": "tile_secret", "coord": [ 3.0, 7.0 ] }, "1152_-32": { "autotile": 0.0, "autotile_index": 0.0, "tileset": "tile_secret", "coord": [ 3.0, 7.0 ] }, "992_416": { "autotile": 0.0, "autotile_index": 0.0, "tileset": "tile_secret", "coord": [ 8.0, 1.0 ] }, "-32_96": { "autotile": 0.0, "autotile_index": 0.0, "tileset": "tile_secret", "coord": [ 3.0, 7.0 ] }, "544_-32": { "autotile": 0.0, "autotile_index": 0.0, "tileset": "tile_secret", "coord": [ 3.0, 7.0 ] }, "576_544": { "autotile": 0.0, "autotile_index": 0.0, "tileset": "tile_secret", "coord": [ 3.0, 7.0 ] }, "928_416": { "autotile": 0.0, "autotile_index": 0.0, "tileset": "tile_secret", "coord": [ 7.0, 1.0 ] }, "128_544": { "autotile": 0.0, "autotile_index": 0.0, "tileset": "tile_secret", "coord": [ 3.0, 7.0 ] }, "704_448": { "autotile": 0.0, "autotile_index": 0.0, "tileset": "tile_secret", "coord": [ 3.0, 7.0 ] }, "0_32": { "autotile": 0.0, "autotile_index": 0.0, "tileset": "tile_secret", "coord": [ 3.0, 7.0 ] }, "288_352": { "autotile": 0.0, "autotile_index": 0.0, "tileset": "tile_secret", "coord": [ 3.0, 7.0 ] }, "704_160": { "autotile": 0.0, "autotile_index": 0.0, "tileset": "tile_secret", "coord": [ 3.0, 7.0 ] }, "-64_32": { "autotile": 1.0, "autotile_index": 0.0, "tileset": "tile_secret", "coord": [ 0.0, 0.0 ] }, "320_544": { "autotile": 0.0, "autotile_index": 0.0, "tileset": "tile_secret", "coord": [ 3.0, 7.0 ] }, "704_256": { "autotile": 0.0, "autotile_index": 0.0, "tileset": "tile_secret", "coord": [ 3.0, 7.0 ] }, "832_128": { "autotile": 0.0, "autotile_index": 0.0, "tileset": "tile_secret", "coord": [ 8.0, 1.0 ] }, "-64_160": { "autotile": 1.0, "autotile_index": 0.0, "tileset": "tile_secret", "coord": [ 0.0, 0.0 ] } } }, "backgrounds": { "5": { "x": 0.0, "scroll_x": 0.69999999999999995559107901499374, "tile_y": 1.0, "hspeed": 1.0, "scroll_y": 0.69999999999999995559107901499374, "panic_sprite": -1.0, "y": 0.0, "sprite": "bg_secret", "tile_x": 1.0, "vspeed": 1.0, "image_speed": 0.0 } }, "properties": { "songTransitionTime": 100.0, "roomX": 0.0, "levelWidth": 1184.0, "roomY": 0.0, "levelHeight": 572.0, "song": "event:\/music\/w3\/beachsecret" } }