{ "editorVersion": 5.0, "instances": [ { "layer": 0.0, "deleted": 0.0, "variables": { "x": 2112.0, "flipX": 0.0, "y": 370.5, "flipY": 0.0 }, "object": 494.0 }, { "layer": 0.0, "deleted": 0.0, "variables": { "x": 96.0, "flipX": 0.0, "y": 96.0, "flipY": 0.0 }, "object": 248.0 }, { "layer": 0.0, "deleted": 0.0, "variables": { "x": -32.0, "flipX": 0.0, "y": 384.0, "flipY": 0.0 }, "object": 517.0 }, { "layer": 0.0, "deleted": 0.0, "variables": { "x": -32.0, "flipX": 0.0, "y": 352.0, "flipY": 0.0 }, "object": 517.0 }, { "layer": 0.0, "deleted": 0.0, "variables": { "x": -32.0, "flipX": 0.0, "y": 320.0, "flipY": 0.0 }, "object": 517.0 }, { "layer": 0.0, "deleted": 0.0, "variables": { "x": -32.0, "flipX": 0.0, "y": 288.0, "flipY": 0.0 }, "object": 517.0 }, { "layer": 0.0, "deleted": 0.0, "variables": { "x": -32.0, "flipX": 0.0, "y": 256.0, "flipY": 0.0 }, "object": 517.0 }, { "layer": 0.0, "deleted": 0.0, "variables": { "x": -32.0, "flipX": 0.0, "y": 224.0, "flipY": 0.0 }, "object": 517.0 }, { "layer": 0.0, "deleted": 0.0, "variables": { "x": -32.0, "flipX": 0.0, "y": 192.0, "flipY": 0.0 }, "object": 517.0 }, { "layer": 0.0, "deleted": 0.0, "variables": { "x": -32.0, "flipX": 0.0, "y": 160.0, "flipY": 0.0 }, "object": 517.0 }, { "layer": 0.0, "deleted": 0.0, "variables": { "x": -32.0, "flipX": 0.0, "y": 128.0, "flipY": 0.0 }, "object": 517.0 }, { "layer": 0.0, "deleted": 0.0, "variables": { "x": -32.0, "flipX": 0.0, "y": 96.0, "flipY": 0.0 }, "object": 517.0 }, { "layer": 0.0, "deleted": 0.0, "variables": { "x": -32.0, "flipX": 0.0, "y": 64.0, "flipY": 0.0 }, "object": 517.0 }, { "layer": 0.0, "deleted": 0.0, "variables": { "x": -32.0, "flipX": 0.0, "y": 32.0, "flipY": 0.0 }, "object": 517.0 }, { "layer": 0.0, "deleted": 0.0, "variables": { "x": -32.0, "flipX": 0.0, "y": 0.0, "flipY": 0.0 }, "object": 517.0 }, { "layer": 0.0, "deleted": 0.0, "variables": { "x": 0.0, "flipX": 0.0, "y": 416.0, "flipY": 0.0 }, "object": 517.0 }, { "layer": 0.0, "deleted": 0.0, "variables": { "x": 32.0, "flipX": 0.0, "y": 416.0, "flipY": 0.0 }, "object": 517.0 }, { "layer": 0.0, "deleted": 0.0, "variables": { "x": 64.0, "flipX": 0.0, "y": 416.0, "flipY": 0.0 }, "object": 517.0 }, { "layer": 0.0, "deleted": 0.0, "variables": { "x": 96.0, "flipX": 0.0, "y": 416.0, "flipY": 0.0 }, "object": 517.0 }, { "layer": 0.0, "deleted": 0.0, "variables": { "x": 128.0, "flipX": 0.0, "y": 416.0, "flipY": 0.0 }, "object": 517.0 }, { "layer": 0.0, "deleted": 0.0, "variables": { "x": 160.0, "flipX": 0.0, "y": 416.0, "flipY": 0.0 }, "object": 517.0 }, { "layer": 0.0, "deleted": 0.0, "variables": { "x": 192.0, "flipX": 0.0, "y": 416.0, "flipY": 0.0 }, "object": 517.0 }, { "layer": 0.0, "deleted": 0.0, "variables": { "x": 224.0, "flipX": 0.0, "y": 416.0, "flipY": 0.0 }, "object": 517.0 }, { "layer": 0.0, "deleted": 0.0, "variables": { "x": 256.0, "flipX": 0.0, "y": 416.0, "flipY": 0.0 }, "object": 517.0 }, { "layer": 0.0, "deleted": 0.0, "variables": { "x": 288.0, "flipX": 0.0, "y": 416.0, "flipY": 0.0 }, "object": 517.0 }, { "layer": 0.0, "deleted": 0.0, "variables": { "x": 320.0, "flipX": 0.0, "y": 416.0, "flipY": 0.0 }, "object": 517.0 }, { "layer": 0.0, "deleted": 0.0, "variables": { "x": 352.0, "flipX": 0.0, "y": 416.0, "flipY": 0.0 }, "object": 517.0 }, { "layer": 0.0, "deleted": 0.0, "variables": { "x": 384.0, "flipX": 0.0, "y": 416.0, "flipY": 0.0 }, "object": 517.0 }, { "layer": 0.0, "deleted": 0.0, "variables": { "x": 416.0, "flipX": 0.0, "y": 416.0, "flipY": 0.0 }, "object": 517.0 }, { "layer": 0.0, "deleted": 0.0, "variables": { "x": 448.0, "flipX": 0.0, "y": 416.0, "flipY": 0.0 }, "object": 517.0 }, { "layer": 0.0, "deleted": 0.0, "variables": { "x": 480.0, "flipX": 0.0, "y": 416.0, "flipY": 0.0 }, "object": 517.0 }, { "layer": 0.0, "deleted": 0.0, "variables": { "x": 512.0, "flipX": 0.0, "y": 416.0, "flipY": 0.0 }, "object": 517.0 }, { "layer": 0.0, "deleted": 0.0, "variables": { "x": 544.0, "flipX": 0.0, "y": 416.0, "flipY": 0.0 }, "object": 517.0 }, { "layer": 0.0, "deleted": 0.0, "variables": { "x": 576.0, "flipX": 0.0, "y": 416.0, "flipY": 0.0 }, "object": 517.0 }, { "layer": 0.0, "deleted": 0.0, "variables": { "x": 608.0, "flipX": 0.0, "y": 416.0, "flipY": 0.0 }, "object": 517.0 }, { "layer": 0.0, "deleted": 0.0, "variables": { "x": 640.0, "flipX": 0.0, "y": 416.0, "flipY": 0.0 }, "object": 517.0 }, { "layer": 0.0, "deleted": 0.0, "variables": { "x": 640.0, "flipX": 0.0, "y": 448.0, "flipY": 0.0 }, "object": 517.0 }, { "layer": 0.0, "deleted": 0.0, "variables": { "x": 640.0, "flipX": 0.0, "y": 480.0, "flipY": 0.0 }, "object": 517.0 }, { "layer": 0.0, "deleted": 0.0, "variables": { "x": 640.0, "flipX": 0.0, "y": 512.0, "flipY": 0.0 }, "object": 517.0 }, { "layer": 0.0, "deleted": 0.0, "variables": { "x": 800.0, "flipX": 0.0, "y": 416.0, "flipY": 0.0 }, "object": 517.0 }, { "layer": 0.0, "deleted": 0.0, "variables": { "x": 800.0, "flipX": 0.0, "y": 448.0, "flipY": 0.0 }, "object": 517.0 }, { "layer": 0.0, "deleted": 0.0, "variables": { "x": 800.0, "flipX": 0.0, "y": 480.0, "flipY": 0.0 }, "object": 517.0 }, { "layer": 0.0, "deleted": 0.0, "variables": { "x": 800.0, "flipX": 0.0, "y": 512.0, "flipY": 0.0 }, "object": 517.0 }, { "layer": 0.0, "deleted": 0.0, "variables": { "x": 832.0, "flipX": 0.0, "y": 416.0, "flipY": 0.0 }, "object": 517.0 }, { "layer": 0.0, "deleted": 0.0, "variables": { "x": 864.0, "flipX": 0.0, "y": 416.0, "flipY": 0.0 }, "object": 517.0 }, { "layer": 0.0, "deleted": 0.0, "variables": { "x": 896.0, "flipX": 0.0, "y": 416.0, "flipY": 0.0 }, "object": 517.0 }, { "layer": 0.0, "deleted": 0.0, "variables": { "x": 928.0, "flipX": 0.0, "y": 416.0, "flipY": 0.0 }, "object": 517.0 }, { "layer": 0.0, "deleted": 0.0, "variables": { "x": 960.0, "flipX": 0.0, "y": 416.0, "flipY": 0.0 }, "object": 517.0 }, { "layer": 0.0, "deleted": 0.0, "variables": { "x": 992.0, "flipX": 0.0, "y": 416.0, "flipY": 0.0 }, "object": 517.0 }, { "layer": 0.0, "deleted": 0.0, "variables": { "x": 992.0, "flipX": 0.0, "y": 448.0, "flipY": 0.0 }, "object": 517.0 }, { "layer": 0.0, "deleted": 0.0, "variables": { "x": 992.0, "flipX": 0.0, "y": 480.0, "flipY": 0.0 }, "object": 517.0 }, { "layer": 0.0, "deleted": 0.0, "variables": { "x": 992.0, "flipX": 0.0, "y": 512.0, "flipY": 0.0 }, "object": 517.0 }, { "layer": 0.0, "deleted": 0.0, "variables": { "x": 1152.0, "flipX": 0.0, "y": 512.0, "flipY": 0.0 }, "object": 517.0 }, { "layer": 0.0, "deleted": 0.0, "variables": { "x": 1152.0, "flipX": 0.0, "y": 480.0, "flipY": 0.0 }, "object": 517.0 }, { "layer": 0.0, "deleted": 0.0, "variables": { "x": 1152.0, "flipX": 0.0, "y": 448.0, "flipY": 0.0 }, "object": 517.0 }, { "layer": 0.0, "deleted": 0.0, "variables": { "x": 1152.0, "flipX": 0.0, "y": 416.0, "flipY": 0.0 }, "object": 517.0 }, { "layer": 0.0, "deleted": 0.0, "variables": { "x": 1184.0, "flipX": 0.0, "y": 416.0, "flipY": 0.0 }, "object": 517.0 }, { "layer": 0.0, "deleted": 0.0, "variables": { "x": 1216.0, "flipX": 0.0, "y": 416.0, "flipY": 0.0 }, "object": 517.0 }, { "layer": 0.0, "deleted": 0.0, "variables": { "x": 1248.0, "flipX": 0.0, "y": 416.0, "flipY": 0.0 }, "object": 517.0 }, { "layer": 0.0, "deleted": 0.0, "variables": { "x": 1280.0, "flipX": 0.0, "y": 416.0, "flipY": 0.0 }, "object": 517.0 }, { "layer": 0.0, "deleted": 0.0, "variables": { "x": 1312.0, "flipX": 0.0, "y": 416.0, "flipY": 0.0 }, "object": 517.0 }, { "layer": 0.0, "deleted": 0.0, "variables": { "x": 1344.0, "flipX": 0.0, "y": 416.0, "flipY": 0.0 }, "object": 517.0 }, { "layer": 0.0, "deleted": 0.0, "variables": { "x": 1344.0, "flipX": 0.0, "y": 448.0, "flipY": 0.0 }, "object": 517.0 }, { "layer": 0.0, "deleted": 0.0, "variables": { "x": 1344.0, "flipX": 0.0, "y": 480.0, "flipY": 0.0 }, "object": 517.0 }, { "layer": 0.0, "deleted": 0.0, "variables": { "x": 1344.0, "flipX": 0.0, "y": 512.0, "flipY": 0.0 }, "object": 517.0 }, { "layer": 0.0, "deleted": 0.0, "variables": { "x": 1504.0, "flipX": 0.0, "y": 416.0, "flipY": 0.0 }, "object": 517.0 }, { "layer": 0.0, "deleted": 0.0, "variables": { "x": 1504.0, "flipX": 0.0, "y": 448.0, "flipY": 0.0 }, "object": 517.0 }, { "layer": 0.0, "deleted": 0.0, "variables": { "x": 1504.0, "flipX": 0.0, "y": 480.0, "flipY": 0.0 }, "object": 517.0 }, { "layer": 0.0, "deleted": 0.0, "variables": { "x": 1504.0, "flipX": 0.0, "y": 512.0, "flipY": 0.0 }, "object": 517.0 }, { "layer": 0.0, "deleted": 0.0, "variables": { "x": 1536.0, "flipX": 0.0, "y": 416.0, "flipY": 0.0 }, "object": 517.0 }, { "layer": 0.0, "deleted": 0.0, "variables": { "x": 1600.0, "flipX": 0.0, "y": 416.0, "flipY": 0.0 }, "object": 517.0 }, { "layer": 0.0, "deleted": 0.0, "variables": { "x": 1632.0, "flipX": 0.0, "y": 416.0, "flipY": 0.0 }, "object": 517.0 }, { "layer": 0.0, "deleted": 0.0, "variables": { "x": 1664.0, "flipX": 0.0, "y": 416.0, "flipY": 0.0 }, "object": 517.0 }, { "layer": 0.0, "deleted": 0.0, "variables": { "x": 1696.0, "flipX": 0.0, "y": 416.0, "flipY": 0.0 }, "object": 517.0 }, { "layer": 0.0, "deleted": 0.0, "variables": { "x": 1728.0, "flipX": 0.0, "y": 416.0, "flipY": 0.0 }, "object": 517.0 }, { "layer": 0.0, "deleted": 0.0, "variables": { "x": 1728.0, "flipX": 0.0, "y": 448.0, "flipY": 0.0 }, "object": 517.0 }, { "layer": 0.0, "deleted": 0.0, "variables": { "x": 1728.0, "flipX": 0.0, "y": 480.0, "flipY": 0.0 }, "object": 517.0 }, { "layer": 0.0, "deleted": 0.0, "variables": { "x": 1728.0, "flipX": 0.0, "y": 512.0, "flipY": 0.0 }, "object": 517.0 }, { "layer": 0.0, "deleted": 0.0, "variables": { "x": 1568.0, "flipX": 0.0, "y": 416.0, "flipY": 0.0 }, "object": 517.0 }, { "layer": 0.0, "deleted": 0.0, "variables": { "x": 1856.0, "flipX": 0.0, "y": 416.0, "flipY": 0.0 }, "object": 517.0 }, { "layer": 0.0, "deleted": 0.0, "variables": { "x": 1856.0, "flipX": 0.0, "y": 448.0, "flipY": 0.0 }, "object": 517.0 }, { "layer": 0.0, "deleted": 0.0, "variables": { "x": 1856.0, "flipX": 0.0, "y": 480.0, "flipY": 0.0 }, "object": 517.0 }, { "layer": 0.0, "deleted": 0.0, "variables": { "x": 1856.0, "flipX": 0.0, "y": 512.0, "flipY": 0.0 }, "object": 517.0 }, { "layer": 0.0, "deleted": 0.0, "variables": { "x": 1888.0, "flipX": 0.0, "y": 416.0, "flipY": 0.0 }, "object": 517.0 }, { "layer": 0.0, "deleted": 0.0, "variables": { "x": 1920.0, "flipX": 0.0, "y": 416.0, "flipY": 0.0 }, "object": 517.0 }, { "layer": 0.0, "deleted": 0.0, "variables": { "x": 1952.0, "flipX": 0.0, "y": 416.0, "flipY": 0.0 }, "object": 517.0 }, { "layer": 0.0, "deleted": 0.0, "variables": { "x": 1952.0, "flipX": 0.0, "y": 448.0, "flipY": 0.0 }, "object": 517.0 }, { "layer": 0.0, "deleted": 0.0, "variables": { "x": 1952.0, "flipX": 0.0, "y": 480.0, "flipY": 0.0 }, "object": 517.0 }, { "layer": 0.0, "deleted": 0.0, "variables": { "x": 1952.0, "flipX": 0.0, "y": 512.0, "flipY": 0.0 }, "object": 517.0 }, { "layer": 0.0, "deleted": 0.0, "variables": { "x": 2048.0, "flipX": 0.0, "y": 416.0, "flipY": 0.0 }, "object": 517.0 }, { "layer": 0.0, "deleted": 0.0, "variables": { "x": 2048.0, "flipX": 0.0, "y": 448.0, "flipY": 0.0 }, "object": 517.0 }, { "layer": 0.0, "deleted": 0.0, "variables": { "x": 2048.0, "flipX": 0.0, "y": 480.0, "flipY": 0.0 }, "object": 517.0 }, { "layer": 0.0, "deleted": 0.0, "variables": { "x": 2048.0, "flipX": 0.0, "y": 512.0, "flipY": 0.0 }, "object": 517.0 }, { "layer": 0.0, "deleted": 0.0, "variables": { "x": 2080.0, "flipX": 0.0, "y": 416.0, "flipY": 0.0 }, "object": 517.0 }, { "layer": 0.0, "deleted": 0.0, "variables": { "x": 2112.0, "flipX": 0.0, "y": 416.0, "flipY": 0.0 }, "object": 517.0 }, { "layer": 0.0, "deleted": 0.0, "variables": { "x": 2144.0, "flipX": 0.0, "y": 416.0, "flipY": 0.0 }, "object": 517.0 }, { "layer": 0.0, "deleted": 0.0, "variables": { "x": 2144.0, "flipX": 0.0, "y": 448.0, "flipY": 0.0 }, "object": 517.0 }, { "layer": 0.0, "deleted": 0.0, "variables": { "x": 2144.0, "flipX": 0.0, "y": 480.0, "flipY": 0.0 }, "object": 517.0 }, { "layer": 0.0, "deleted": 0.0, "variables": { "x": 2144.0, "flipX": 0.0, "y": 512.0, "flipY": 0.0 }, "object": 517.0 }, { "layer": 0.0, "deleted": 0.0, "variables": { "x": 2272.0, "flipX": 0.0, "y": 416.0, "flipY": 0.0 }, "object": 517.0 }, { "layer": 0.0, "deleted": 0.0, "variables": { "x": 2272.0, "flipX": 0.0, "y": 448.0, "flipY": 0.0 }, "object": 517.0 }, { "layer": 0.0, "deleted": 0.0, "variables": { "x": 2272.0, "flipX": 0.0, "y": 480.0, "flipY": 0.0 }, "object": 517.0 }, { "layer": 0.0, "deleted": 0.0, "variables": { "x": 2272.0, "flipX": 0.0, "y": 512.0, "flipY": 0.0 }, "object": 517.0 }, { "layer": 0.0, "deleted": 0.0, "variables": { "x": 2304.0, "flipX": 0.0, "y": 416.0, "flipY": 0.0 }, "object": 517.0 }, { "layer": 0.0, "deleted": 0.0, "variables": { "x": 2336.0, "flipX": 0.0, "y": 416.0, "flipY": 0.0 }, "object": 517.0 }, { "layer": 0.0, "deleted": 0.0, "variables": { "x": 2368.0, "flipX": 0.0, "y": 416.0, "flipY": 0.0 }, "object": 517.0 }, { "layer": 0.0, "deleted": 0.0, "variables": { "x": 2400.0, "flipX": 0.0, "y": 416.0, "flipY": 0.0 }, "object": 517.0 }, { "layer": 0.0, "deleted": 0.0, "variables": { "x": 2432.0, "flipX": 0.0, "y": 416.0, "flipY": 0.0 }, "object": 517.0 }, { "layer": 0.0, "deleted": 0.0, "variables": { "x": 2464.0, "flipX": 0.0, "y": 416.0, "flipY": 0.0 }, "object": 517.0 }, { "layer": 0.0, "deleted": 0.0, "variables": { "x": 2464.0, "flipX": 0.0, "y": 384.0, "flipY": 0.0 }, "object": 517.0 }, { "layer": 0.0, "deleted": 0.0, "variables": { "x": 2464.0, "flipX": 0.0, "y": 352.0, "flipY": 0.0 }, "object": 517.0 }, { "layer": 0.0, "deleted": 0.0, "variables": { "x": 2464.0, "flipX": 0.0, "y": 320.0, "flipY": 0.0 }, "object": 517.0 }, { "layer": 0.0, "deleted": 0.0, "variables": { "x": 2464.0, "flipX": 0.0, "y": 288.0, "flipY": 0.0 }, "object": 517.0 }, { "layer": 0.0, "deleted": 0.0, "variables": { "x": 2464.0, "flipX": 0.0, "y": 256.0, "flipY": 0.0 }, "object": 517.0 }, { "layer": 0.0, "deleted": 0.0, "variables": { "x": 2464.0, "flipX": 0.0, "y": 224.0, "flipY": 0.0 }, "object": 517.0 }, { "layer": 0.0, "deleted": 0.0, "variables": { "x": 2464.0, "flipX": 0.0, "y": 192.0, "flipY": 0.0 }, "object": 517.0 }, { "layer": 0.0, "deleted": 0.0, "variables": { "x": 2464.0, "flipX": 0.0, "y": 160.0, "flipY": 0.0 }, "object": 517.0 }, { "layer": 0.0, "deleted": 0.0, "variables": { "x": 2464.0, "flipX": 0.0, "y": 128.0, "flipY": 0.0 }, "object": 517.0 }, { "layer": 0.0, "deleted": 0.0, "variables": { "x": 2464.0, "flipX": 0.0, "y": 96.0, "flipY": 0.0 }, "object": 517.0 }, { "layer": 0.0, "deleted": 0.0, "variables": { "x": 2464.0, "flipX": 0.0, "y": 64.0, "flipY": 0.0 }, "object": 517.0 }, { "layer": 0.0, "deleted": 0.0, "variables": { "x": 2464.0, "flipX": 0.0, "y": 32.0, "flipY": 0.0 }, "object": 517.0 }, { "layer": 0.0, "deleted": 0.0, "variables": { "x": 2464.0, "flipX": 0.0, "y": 0.0, "flipY": 0.0 }, "object": 517.0 }, { "layer": 0.0, "deleted": 0.0, "variables": { "x": 2432.0, "flipX": 0.0, "y": -32.0, "flipY": 0.0 }, "object": 517.0 }, { "layer": 0.0, "deleted": 0.0, "variables": { "x": 2400.0, "flipX": 0.0, "y": -32.0, "flipY": 0.0 }, "object": 517.0 }, { "layer": 0.0, "deleted": 0.0, "variables": { "x": 2336.0, "flipX": 0.0, "y": -32.0, "flipY": 0.0 }, "object": 517.0 }, { "layer": 0.0, "deleted": 0.0, "variables": { "x": 2304.0, "flipX": 0.0, "y": -32.0, "flipY": 0.0 }, "object": 517.0 }, { "layer": 0.0, "deleted": 0.0, "variables": { "x": 2272.0, "flipX": 0.0, "y": -32.0, "flipY": 0.0 }, "object": 517.0 }, { "layer": 0.0, "deleted": 0.0, "variables": { "x": 2240.0, "flipX": 0.0, "y": -32.0, "flipY": 0.0 }, "object": 517.0 }, { "layer": 0.0, "deleted": 0.0, "variables": { "x": 2208.0, "flipX": 0.0, "y": -32.0, "flipY": 0.0 }, "object": 517.0 }, { "layer": 0.0, "deleted": 0.0, "variables": { "x": 2176.0, "flipX": 0.0, "y": -32.0, "flipY": 0.0 }, "object": 517.0 }, { "layer": 0.0, "deleted": 0.0, "variables": { "x": 2144.0, "flipX": 0.0, "y": -32.0, "flipY": 0.0 }, "object": 517.0 }, { "layer": 0.0, "deleted": 0.0, "variables": { "x": 2368.0, "flipX": 0.0, "y": -32.0, "flipY": 0.0 }, "object": 517.0 }, { "layer": 0.0, "deleted": 0.0, "variables": { "x": 2112.0, "flipX": 0.0, "y": -32.0, "flipY": 0.0 }, "object": 517.0 }, { "layer": 0.0, "deleted": 0.0, "variables": { "x": 2080.0, "flipX": 0.0, "y": -32.0, "flipY": 0.0 }, "object": 517.0 }, { "layer": 0.0, "deleted": 0.0, "variables": { "x": 2048.0, "flipX": 0.0, "y": -32.0, "flipY": 0.0 }, "object": 517.0 }, { "layer": 0.0, "deleted": 0.0, "variables": { "x": 2016.0, "flipX": 0.0, "y": -32.0, "flipY": 0.0 }, "object": 517.0 }, { "layer": 0.0, "deleted": 0.0, "variables": { "x": 1984.0, "flipX": 0.0, "y": -32.0, "flipY": 0.0 }, "object": 517.0 }, { "layer": 0.0, "deleted": 0.0, "variables": { "x": 1952.0, "flipX": 0.0, "y": -32.0, "flipY": 0.0 }, "object": 517.0 }, { "layer": 0.0, "deleted": 0.0, "variables": { "x": 1920.0, "flipX": 0.0, "y": -32.0, "flipY": 0.0 }, "object": 517.0 }, { "layer": 0.0, "deleted": 0.0, "variables": { "x": 1888.0, "flipX": 0.0, "y": -32.0, "flipY": 0.0 }, "object": 517.0 }, { "layer": 0.0, "deleted": 0.0, "variables": { "x": 1856.0, "flipX": 0.0, "y": -32.0, "flipY": 0.0 }, "object": 517.0 }, { "layer": 0.0, "deleted": 0.0, "variables": { "x": 1824.0, "flipX": 0.0, "y": -32.0, "flipY": 0.0 }, "object": 517.0 }, { "layer": 0.0, "deleted": 0.0, "variables": { "x": 1792.0, "flipX": 0.0, "y": -32.0, "flipY": 0.0 }, "object": 517.0 }, { "layer": 0.0, "deleted": 0.0, "variables": { "x": 1760.0, "flipX": 0.0, "y": -32.0, "flipY": 0.0 }, "object": 517.0 }, { "layer": 0.0, "deleted": 0.0, "variables": { "x": 1728.0, "flipX": 0.0, "y": -32.0, "flipY": 0.0 }, "object": 517.0 }, { "layer": 0.0, "deleted": 0.0, "variables": { "x": 1696.0, "flipX": 0.0, "y": -32.0, "flipY": 0.0 }, "object": 517.0 }, { "layer": 0.0, "deleted": 0.0, "variables": { "x": 1664.0, "flipX": 0.0, "y": -32.0, "flipY": 0.0 }, "object": 517.0 }, { "layer": 0.0, "deleted": 0.0, "variables": { "x": 1632.0, "flipX": 0.0, "y": -32.0, "flipY": 0.0 }, "object": 517.0 }, { "layer": 0.0, "deleted": 0.0, "variables": { "x": 1600.0, "flipX": 0.0, "y": -32.0, "flipY": 0.0 }, "object": 517.0 }, { "layer": 0.0, "deleted": 0.0, "variables": { "x": 1568.0, "flipX": 0.0, "y": -32.0, "flipY": 0.0 }, "object": 517.0 }, { "layer": 0.0, "deleted": 0.0, "variables": { "x": 1536.0, "flipX": 0.0, "y": -32.0, "flipY": 0.0 }, "object": 517.0 }, { "layer": 0.0, "deleted": 0.0, "variables": { "x": 1504.0, "flipX": 0.0, "y": -32.0, "flipY": 0.0 }, "object": 517.0 }, { "layer": 0.0, "deleted": 0.0, "variables": { "x": 1472.0, "flipX": 0.0, "y": -32.0, "flipY": 0.0 }, "object": 517.0 }, { "layer": 0.0, "deleted": 0.0, "variables": { "x": 1440.0, "flipX": 0.0, "y": -32.0, "flipY": 0.0 }, "object": 517.0 }, { "layer": 0.0, "deleted": 0.0, "variables": { "x": 1408.0, "flipX": 0.0, "y": -32.0, "flipY": 0.0 }, "object": 517.0 }, { "layer": 0.0, "deleted": 0.0, "variables": { "x": 1376.0, "flipX": 0.0, "y": -32.0, "flipY": 0.0 }, "object": 517.0 }, { "layer": 0.0, "deleted": 0.0, "variables": { "x": 1344.0, "flipX": 0.0, "y": -32.0, "flipY": 0.0 }, "object": 517.0 }, { "layer": 0.0, "deleted": 0.0, "variables": { "x": 1312.0, "flipX": 0.0, "y": -32.0, "flipY": 0.0 }, "object": 517.0 }, { "layer": 0.0, "deleted": 0.0, "variables": { "x": 1280.0, "flipX": 0.0, "y": -32.0, "flipY": 0.0 }, "object": 517.0 }, { "layer": 0.0, "deleted": 0.0, "variables": { "x": 1248.0, "flipX": 0.0, "y": -32.0, "flipY": 0.0 }, "object": 517.0 }, { "layer": 0.0, "deleted": 0.0, "variables": { "x": 1216.0, "flipX": 0.0, "y": -32.0, "flipY": 0.0 }, "object": 517.0 }, { "layer": 0.0, "deleted": 0.0, "variables": { "x": 1184.0, "flipX": 0.0, "y": -32.0, "flipY": 0.0 }, "object": 517.0 }, { "layer": 0.0, "deleted": 0.0, "variables": { "x": 1152.0, "flipX": 0.0, "y": -32.0, "flipY": 0.0 }, "object": 517.0 }, { "layer": 0.0, "deleted": 0.0, "variables": { "x": 1120.0, "flipX": 0.0, "y": -32.0, "flipY": 0.0 }, "object": 517.0 }, { "layer": 0.0, "deleted": 0.0, "variables": { "x": 1088.0, "flipX": 0.0, "y": -32.0, "flipY": 0.0 }, "object": 517.0 }, { "layer": 0.0, "deleted": 0.0, "variables": { "x": 1056.0, "flipX": 0.0, "y": -32.0, "flipY": 0.0 }, "object": 517.0 }, { "layer": 0.0, "deleted": 0.0, "variables": { "x": 1024.0, "flipX": 0.0, "y": -32.0, "flipY": 0.0 }, "object": 517.0 }, { "layer": 0.0, "deleted": 0.0, "variables": { "x": 992.0, "flipX": 0.0, "y": -32.0, "flipY": 0.0 }, "object": 517.0 }, { "layer": 0.0, "deleted": 0.0, "variables": { "x": 960.0, "flipX": 0.0, "y": -32.0, "flipY": 0.0 }, "object": 517.0 }, { "layer": 0.0, "deleted": 0.0, "variables": { "x": 928.0, "flipX": 0.0, "y": -32.0, "flipY": 0.0 }, "object": 517.0 }, { "layer": 0.0, "deleted": 0.0, "variables": { "x": 896.0, "flipX": 0.0, "y": -32.0, "flipY": 0.0 }, "object": 517.0 }, { "layer": 0.0, "deleted": 0.0, "variables": { "x": 864.0, "flipX": 0.0, "y": -32.0, "flipY": 0.0 }, "object": 517.0 }, { "layer": 0.0, "deleted": 0.0, "variables": { "x": 832.0, "flipX": 0.0, "y": -32.0, "flipY": 0.0 }, "object": 517.0 }, { "layer": 0.0, "deleted": 0.0, "variables": { "x": 800.0, "flipX": 0.0, "y": -32.0, "flipY": 0.0 }, "object": 517.0 }, { "layer": 0.0, "deleted": 0.0, "variables": { "x": 768.0, "flipX": 0.0, "y": -32.0, "flipY": 0.0 }, "object": 517.0 }, { "layer": 0.0, "deleted": 0.0, "variables": { "x": 736.0, "flipX": 0.0, "y": -32.0, "flipY": 0.0 }, "object": 517.0 }, { "layer": 0.0, "deleted": 0.0, "variables": { "x": 704.0, "flipX": 0.0, "y": -32.0, "flipY": 0.0 }, "object": 517.0 }, { "layer": 0.0, "deleted": 0.0, "variables": { "x": 672.0, "flipX": 0.0, "y": -32.0, "flipY": 0.0 }, "object": 517.0 }, { "layer": 0.0, "deleted": 0.0, "variables": { "x": 640.0, "flipX": 0.0, "y": -32.0, "flipY": 0.0 }, "object": 517.0 }, { "layer": 0.0, "deleted": 0.0, "variables": { "x": 608.0, "flipX": 0.0, "y": -32.0, "flipY": 0.0 }, "object": 517.0 }, { "layer": 0.0, "deleted": 0.0, "variables": { "x": 576.0, "flipX": 0.0, "y": -32.0, "flipY": 0.0 }, "object": 517.0 }, { "layer": 0.0, "deleted": 0.0, "variables": { "x": 544.0, "flipX": 0.0, "y": -32.0, "flipY": 0.0 }, "object": 517.0 }, { "layer": 0.0, "deleted": 0.0, "variables": { "x": 512.0, "flipX": 0.0, "y": -32.0, "flipY": 0.0 }, "object": 517.0 }, { "layer": 0.0, "deleted": 0.0, "variables": { "x": 480.0, "flipX": 0.0, "y": -32.0, "flipY": 0.0 }, "object": 517.0 }, { "layer": 0.0, "deleted": 0.0, "variables": { "x": 448.0, "flipX": 0.0, "y": -32.0, "flipY": 0.0 }, "object": 517.0 }, { "layer": 0.0, "deleted": 0.0, "variables": { "x": 416.0, "flipX": 0.0, "y": -32.0, "flipY": 0.0 }, "object": 517.0 }, { "layer": 0.0, "deleted": 0.0, "variables": { "x": 384.0, "flipX": 0.0, "y": -32.0, "flipY": 0.0 }, "object": 517.0 }, { "layer": 0.0, "deleted": 0.0, "variables": { "x": 352.0, "flipX": 0.0, "y": -32.0, "flipY": 0.0 }, "object": 517.0 }, { "layer": 0.0, "deleted": 0.0, "variables": { "x": 320.0, "flipX": 0.0, "y": -32.0, "flipY": 0.0 }, "object": 517.0 }, { "layer": 0.0, "deleted": 0.0, "variables": { "x": 288.0, "flipX": 0.0, "y": -32.0, "flipY": 0.0 }, "object": 517.0 }, { "layer": 0.0, "deleted": 0.0, "variables": { "x": 256.0, "flipX": 0.0, "y": -32.0, "flipY": 0.0 }, "object": 517.0 }, { "layer": 0.0, "deleted": 0.0, "variables": { "x": 224.0, "flipX": 0.0, "y": -32.0, "flipY": 0.0 }, "object": 517.0 }, { "layer": 0.0, "deleted": 0.0, "variables": { "x": 192.0, "flipX": 0.0, "y": -32.0, "flipY": 0.0 }, "object": 517.0 }, { "layer": 0.0, "deleted": 0.0, "variables": { "x": 160.0, "flipX": 0.0, "y": -32.0, "flipY": 0.0 }, "object": 517.0 }, { "layer": 0.0, "deleted": 0.0, "variables": { "x": 128.0, "flipX": 0.0, "y": -32.0, "flipY": 0.0 }, "object": 517.0 }, { "layer": 0.0, "deleted": 0.0, "variables": { "x": 96.0, "flipX": 0.0, "y": -32.0, "flipY": 0.0 }, "object": 517.0 }, { "layer": 0.0, "deleted": 0.0, "variables": { "x": 64.0, "flipX": 0.0, "y": -32.0, "flipY": 0.0 }, "object": 517.0 }, { "layer": 0.0, "deleted": 0.0, "variables": { "x": 32.0, "flipX": 0.0, "y": -32.0, "flipY": 0.0 }, "object": 517.0 }, { "layer": 0.0, "deleted": 0.0, "variables": { "x": 0.0, "flipX": 0.0, "y": -32.0, "flipY": 0.0 }, "object": 517.0 }, { "layer": 0.0, "deleted": 0.0, "variables": { "x": 352.0, "flipX": 0.0, "y": 0.0, "flipY": 0.0 }, "object": 517.0 }, { "layer": 0.0, "deleted": 0.0, "variables": { "x": 352.0, "flipX": 0.0, "y": 32.0, "flipY": 0.0 }, "object": 517.0 }, { "layer": 0.0, "deleted": 0.0, "variables": { "x": 352.0, "flipX": 0.0, "y": 64.0, "flipY": 0.0 }, "object": 517.0 }, { "layer": 0.0, "deleted": 0.0, "variables": { "x": 352.0, "flipX": 0.0, "y": 96.0, "flipY": 0.0 }, "object": 517.0 }, { "layer": 0.0, "deleted": 0.0, "variables": { "x": 352.0, "flipX": 0.0, "y": 128.0, "flipY": 0.0 }, "object": 517.0 }, { "layer": 0.0, "deleted": 0.0, "variables": { "x": 352.0, "flipX": 0.0, "y": 160.0, "flipY": 0.0 }, "object": 517.0 }, { "layer": 0.0, "deleted": 0.0, "variables": { "x": 352.0, "flipX": 0.0, "y": 192.0, "flipY": 0.0 }, "object": 517.0 }, { "layer": 0.0, "deleted": 0.0, "variables": { "x": 352.0, "flipX": 0.0, "y": 224.0, "flipY": 0.0 }, "object": 517.0 }, { "layer": 0.0, "deleted": 0.0, "variables": { "x": 352.0, "flipX": 0.0, "y": 256.0, "flipY": 0.0 }, "object": 517.0 }, { "layer": 0.0, "deleted": 0.0, "variables": { "x": 352.0, "flipX": 0.0, "y": 288.0, "flipY": 0.0 }, "object": 517.0 }, { "layer": 0.0, "deleted": 0.0, "variables": { "x": 352.0, "flipX": 0.0, "y": 320.0, "flipY": 0.0 }, "object": 517.0 }, { "layer": 0.0, "deleted": 0.0, "variables": { "x": 352.0, "flipX": 0.0, "y": 352.0, "flipY": 0.0 }, "object": 517.0 }, { "layer": 0.0, "deleted": 0.0, "variables": { "x": 384.0, "flipX": 0.0, "y": 352.0, "flipY": 0.0 }, "object": 517.0 }, { "layer": 0.0, "deleted": 0.0, "variables": { "x": 416.0, "flipX": 0.0, "y": 352.0, "flipY": 0.0 }, "object": 517.0 }, { "layer": 0.0, "deleted": 0.0, "variables": { "x": 448.0, "flipX": 0.0, "y": 352.0, "flipY": 0.0 }, "object": 517.0 }, { "layer": 0.0, "deleted": 0.0, "variables": { "x": 480.0, "flipX": 0.0, "y": 352.0, "flipY": 0.0 }, "object": 517.0 }, { "layer": 0.0, "deleted": 0.0, "variables": { "x": 512.0, "flipX": 0.0, "y": 320.0, "flipY": 0.0 }, "object": 517.0 }, { "layer": 0.0, "deleted": 0.0, "variables": { "x": 512.0, "flipX": 0.0, "y": 288.0, "flipY": 0.0 }, "object": 517.0 }, { "layer": 0.0, "deleted": 0.0, "variables": { "x": 512.0, "flipX": 0.0, "y": 352.0, "flipY": 0.0 }, "object": 517.0 }, { "layer": 0.0, "deleted": 0.0, "variables": { "x": 512.0, "flipX": 0.0, "y": 256.0, "flipY": 0.0 }, "object": 517.0 }, { "layer": 0.0, "deleted": 0.0, "variables": { "x": 512.0, "flipX": 0.0, "y": 224.0, "flipY": 0.0 }, "object": 517.0 }, { "layer": 0.0, "deleted": 0.0, "variables": { "x": 512.0, "flipX": 0.0, "y": 192.0, "flipY": 0.0 }, "object": 517.0 }, { "layer": 0.0, "deleted": 0.0, "variables": { "x": 512.0, "flipX": 0.0, "y": 160.0, "flipY": 0.0 }, "object": 517.0 }, { "layer": 0.0, "deleted": 0.0, "variables": { "x": 512.0, "flipX": 0.0, "y": 128.0, "flipY": 0.0 }, "object": 517.0 }, { "layer": 0.0, "deleted": 0.0, "variables": { "x": 512.0, "flipX": 0.0, "y": 96.0, "flipY": 0.0 }, "object": 517.0 }, { "layer": 0.0, "deleted": 0.0, "variables": { "x": 512.0, "flipX": 0.0, "y": 64.0, "flipY": 0.0 }, "object": 517.0 }, { "layer": 0.0, "deleted": 0.0, "variables": { "x": 512.0, "flipX": 0.0, "y": 32.0, "flipY": 0.0 }, "object": 517.0 }, { "layer": 0.0, "deleted": 0.0, "variables": { "x": 512.0, "flipX": 0.0, "y": 0.0, "flipY": 0.0 }, "object": 517.0 }, { "layer": 0.0, "deleted": 0.0, "variables": { "x": 832.0, "flipX": 0.0, "y": 384.0, "flipY": 0.0 }, "object": 752.0 }, { "layer": 0.0, "deleted": 0.0, "variables": { "x": 896.0, "flipX": 0.0, "y": 384.0, "flipY": 0.0 }, "object": 752.0 }, { "layer": 0.0, "deleted": 0.0, "variables": { "x": 960.0, "flipX": 0.0, "y": 384.0, "flipY": 0.0 }, "object": 752.0 }, { "layer": 0.0, "deleted": 0.0, "variables": { "x": 1184.0, "flipX": 0.0, "y": 384.0, "flipY": 0.0 }, "object": 752.0 }, { "layer": 0.0, "deleted": 0.0, "variables": { "x": 1184.0, "flipX": 0.0, "y": 384.0, "flipY": 0.0 }, "object": 752.0 }, { "layer": 0.0, "deleted": 0.0, "variables": { "x": 1248.0, "flipX": 0.0, "y": 384.0, "flipY": 0.0 }, "object": 752.0 }, { "layer": 0.0, "deleted": 0.0, "variables": { "x": 1312.0, "flipX": 0.0, "y": 384.0, "flipY": 0.0 }, "object": 752.0 }, { "layer": 0.0, "deleted": 0.0, "variables": { "x": 1920.0, "flipX": 0.0, "y": 384.0, "flipY": 0.0 }, "object": 1136.0 }, { "layer": 0.0, "deleted": 0.0, "variables": { "x": 1728.0, "flipX": 0.0, "y": 384.0, "flipY": 0.0 }, "object": 763.0 }, { "layer": 0.0, "deleted": 0.0, "variables": { "x": 1664.0, "flipX": 0.0, "y": 384.0, "flipY": 0.0 }, "object": 763.0 }, { "layer": 0.0, "deleted": 0.0, "variables": { "x": 1600.0, "flipX": 0.0, "y": 384.0, "flipY": 0.0 }, "object": 763.0 }, { "layer": 0.0, "deleted": 0.0, "variables": { "x": 1536.0, "flipX": 0.0, "y": 384.0, "flipY": 0.0 }, "object": 763.0 }, { "layer": 0.0, "deleted": 0.0, "variables": { "x": 352.0, "flipX": 0.0, "y": 384.0, "flipY": 0.0 }, "object": 192.0 }, { "layer": 0.0, "deleted": 0.0, "variables": { "x": 384.0, "flipX": 0.0, "y": 384.0, "flipY": 0.0 }, "object": 192.0 }, { "layer": 0.0, "deleted": 0.0, "variables": { "x": 416.0, "flipX": 0.0, "y": 384.0, "flipY": 0.0 }, "object": 192.0 }, { "layer": 0.0, "deleted": 0.0, "variables": { "x": 448.0, "flipX": 0.0, "y": 384.0, "flipY": 0.0 }, "object": 192.0 }, { "layer": 0.0, "deleted": 0.0, "variables": { "x": 480.0, "flipX": 0.0, "y": 384.0, "flipY": 0.0 }, "object": 192.0 }, { "layer": 0.0, "deleted": 0.0, "variables": { "x": 512.0, "flipX": 0.0, "y": 384.0, "flipY": 0.0 }, "object": 192.0 }, { "layer": 0.0, "deleted": 0.0, "variables": { "x": 128.0, "flipX": 0.0, "y": 370.5, "flipY": 0.0 }, "object": 847.0 }, { "layer": 0.0, "deleted": 0.0, "variables": { "x": -32.0, "flipX": 0.0, "y": 416.0, "flipY": 0.0 }, "object": 517.0 }, { "layer": 0.0, "deleted": 0.0, "variables": { "x": 2336.0, "y": 320.0, "targetRoom": "Escape1", "image_xscale": 1.0, "secret": "true", "image_yscale": 1.0, "flipX": 0.0, "flipY": 0.0 }, "object": 98.0 }, { "layer": 0.0, "deleted": 0.0, "variables": { "x": 2304.0, "flipX": 0.0, "y": 320.0, "flipY": 0.0 }, "object": 806.0 } ], "tile_data": { "5": { "1728_480": { "coord": [ 5.0, 4.0 ], "autotile_index": 1.0, "tileset": "tile_secret", "autotile": 1.0 }, "640_480": { "coord": [ 5.0, 4.0 ], "autotile_index": 1.0, "tileset": "tile_secret", "autotile": 1.0 }, "160_448": { "coord": [ 3.0, 2.0 ], "autotile_index": 1.0, "tileset": "tile_secret", "autotile": 1.0 }, "864_512": { "coord": [ 6.0, 5.0 ], "autotile_index": 1.0, "tileset": "tile_secret", "autotile": 1.0 }, "64_512": { "coord": [ 6.0, 5.0 ], "autotile_index": 1.0, "tileset": "tile_secret", "autotile": 1.0 }, "352_320": { "coord": [ 1.0, 2.0 ], "autotile_index": 1.0, "tileset": "tile_secret", "autotile": 1.0 }, "2528_32": { "coord": [ 0.0, 0.0 ], "autotile_index": 1.0, "tileset": "tile_secret", "autotile": 1.0 }, "416_416": { "coord": [ 4.0, 1.0 ], "autotile_index": 1.0, "tileset": "tile_secret", "autotile": 1.0 }, "2528_288": { "coord": [ 0.0, 0.0 ], "autotile_index": 1.0, "tileset": "tile_secret", "autotile": 1.0 }, "32_416": { "coord": [ 4.0, 1.0 ], "autotile_index": 1.0, "tileset": "tile_secret", "autotile": 1.0 }, "2368_480": { "coord": [ 6.0, 5.0 ], "autotile_index": 1.0, "tileset": "tile_secret", "autotile": 1.0 }, "1152_448": { "coord": [ 1.0, 2.0 ], "autotile_index": 1.0, "tileset": "tile_secret", "autotile": 1.0 }, "2080_416": { "coord": [ 4.0, 1.0 ], "autotile_index": 1.0, "tileset": "tile_secret", "autotile": 1.0 }, "352_64": { "coord": [ 1.0, 2.0 ], "autotile_index": 1.0, "tileset": "tile_secret", "autotile": 1.0 }, "640_512": { "coord": [ 5.0, 4.0 ], "autotile_index": 1.0, "tileset": "tile_secret", "autotile": 1.0 }, "1696_480": { "coord": [ 4.0, 3.0 ], "autotile_index": 1.0, "tileset": "tile_secret", "autotile": 1.0 }, "448_448": { "coord": [ 3.0, 2.0 ], "autotile_index": 1.0, "tileset": "tile_secret", "autotile": 1.0 }, "352_0": { "coord": [ 1.0, 2.0 ], "autotile_index": 1.0, "tileset": "tile_secret", "autotile": 1.0 }, "512_256": { "coord": [ 5.0, 4.0 ], "autotile_index": 1.0, "tileset": "tile_secret", "autotile": 1.0 }, "384_320": { "coord": [ 2.0, 4.0 ], "autotile_index": 1.0, "tileset": "tile_secret", "autotile": 1.0 }, "2464_192": { "coord": [ 1.0, 2.0 ], "autotile_index": 1.0, "tileset": "tile_secret", "autotile": 1.0 }, "1536_480": { "coord": [ 2.0, 3.0 ], "autotile_index": 1.0, "tileset": "tile_secret", "autotile": 1.0 }, "2464_384": { "coord": [ 1.0, 2.0 ], "autotile_index": 1.0, "tileset": "tile_secret", "autotile": 1.0 }, "352_288": { "coord": [ 1.0, 2.0 ], "autotile_index": 1.0, "tileset": "tile_secret", "autotile": 1.0 }, "2304_480": { "coord": [ 2.0, 3.0 ], "autotile_index": 1.0, "tileset": "tile_secret", "autotile": 1.0 }, "1664_480": { "coord": [ 6.0, 5.0 ], "autotile_index": 1.0, "tileset": "tile_secret", "autotile": 1.0 }, "480_64": { "coord": [ 4.0, 3.0 ], "autotile_index": 1.0, "tileset": "tile_secret", "autotile": 1.0 }, "160_512": { "coord": [ 6.0, 5.0 ], "autotile_index": 1.0, "tileset": "tile_secret", "autotile": 1.0 }, "512_448": { "coord": [ 3.0, 2.0 ], "autotile_index": 1.0, "tileset": "tile_secret", "autotile": 1.0 }, "1952_448": { "coord": [ 5.0, 4.0 ], "autotile_index": 1.0, "tileset": "tile_secret", "autotile": 1.0 }, "480_128": { "coord": [ 4.0, 3.0 ], "autotile_index": 1.0, "tileset": "tile_secret", "autotile": 1.0 }, "1600_512": { "coord": [ 6.0, 5.0 ], "autotile_index": 1.0, "tileset": "tile_secret", "autotile": 1.0 }, "480_320": { "coord": [ 4.0, 4.0 ], "autotile_index": 1.0, "tileset": "tile_secret", "autotile": 1.0 }, "2464_160": { "coord": [ 1.0, 2.0 ], "autotile_index": 1.0, "tileset": "tile_secret", "autotile": 1.0 }, "384_0": { "coord": [ 2.0, 3.0 ], "autotile_index": 1.0, "tileset": "tile_secret", "autotile": 1.0 }, "2400_480": { "coord": [ 6.0, 5.0 ], "autotile_index": 1.0, "tileset": "tile_secret", "autotile": 1.0 }, "2112_512": { "coord": [ 4.0, 3.0 ], "autotile_index": 1.0, "tileset": "tile_secret", "autotile": 1.0 }, "1216_480": { "coord": [ 6.0, 5.0 ], "autotile_index": 1.0, "tileset": "tile_secret", "autotile": 1.0 }, "1856_480": { "coord": [ 1.0, 2.0 ], "autotile_index": 1.0, "tileset": "tile_secret", "autotile": 1.0 }, "256_512": { "coord": [ 6.0, 5.0 ], "autotile_index": 1.0, "tileset": "tile_secret", "autotile": 1.0 }, "1536_512": { "coord": [ 2.0, 3.0 ], "autotile_index": 1.0, "tileset": "tile_secret", "autotile": 1.0 }, "1248_416": { "coord": [ 4.0, 1.0 ], "autotile_index": 1.0, "tileset": "tile_secret", "autotile": 1.0 }, "576_512": { "coord": [ 6.0, 5.0 ], "autotile_index": 1.0, "tileset": "tile_secret", "autotile": 1.0 }, "512_480": { "coord": [ 6.0, 5.0 ], "autotile_index": 1.0, "tileset": "tile_secret", "autotile": 1.0 }, "832_416": { "coord": [ 4.0, 1.0 ], "autotile_index": 1.0, "tileset": "tile_secret", "autotile": 1.0 }, "800_480": { "coord": [ 1.0, 2.0 ], "autotile_index": 1.0, "tileset": "tile_secret", "autotile": 1.0 }, "1536_448": { "coord": [ 2.0, 2.0 ], "autotile_index": 1.0, "tileset": "tile_secret", "autotile": 1.0 }, "256_480": { "coord": [ 6.0, 5.0 ], "autotile_index": 1.0, "tileset": "tile_secret", "autotile": 1.0 }, "416_352": { "coord": [ 2.0, 5.0 ], "autotile_index": 1.0, "tileset": "tile_secret", "autotile": 1.0 }, "320_448": { "coord": [ 3.0, 2.0 ], "autotile_index": 1.0, "tileset": "tile_secret", "autotile": 1.0 }, "2496_192": { "coord": [ 0.0, 0.0 ], "autotile_index": 1.0, "tileset": "tile_secret", "autotile": 1.0 }, "800_448": { "coord": [ 1.0, 2.0 ], "autotile_index": 1.0, "tileset": "tile_secret", "autotile": 1.0 }, "2400_448": { "coord": [ 3.0, 2.0 ], "autotile_index": 1.0, "tileset": "tile_secret", "autotile": 1.0 }, "2080_512": { "coord": [ 2.0, 3.0 ], "autotile_index": 1.0, "tileset": "tile_secret", "autotile": 1.0 }, "512_128": { "coord": [ 5.0, 4.0 ], "autotile_index": 1.0, "tileset": "tile_secret", "autotile": 1.0 }, "1728_416": { "coord": [ 5.0, 1.0 ], "autotile_index": 1.0, "tileset": "tile_secret", "autotile": 1.0 }, "1216_448": { "coord": [ 3.0, 2.0 ], "autotile_index": 1.0, "tileset": "tile_secret", "autotile": 1.0 }, "416_96": { "coord": [ 6.0, 5.0 ], "autotile_index": 1.0, "tileset": "tile_secret", "autotile": 1.0 }, "544_416": { "coord": [ 4.0, 1.0 ], "autotile_index": 1.0, "tileset": "tile_secret", "autotile": 1.0 }, "480_32": { "coord": [ 4.0, 3.0 ], "autotile_index": 1.0, "tileset": "tile_secret", "autotile": 1.0 }, "640_448": { "coord": [ 5.0, 4.0 ], "autotile_index": 1.0, "tileset": "tile_secret", "autotile": 1.0 }, "992_448": { "coord": [ 5.0, 4.0 ], "autotile_index": 1.0, "tileset": "tile_secret", "autotile": 1.0 }, "2496_0": { "coord": [ 0.0, 0.0 ], "autotile_index": 1.0, "tileset": "tile_secret", "autotile": 1.0 }, "352_416": { "coord": [ 4.0, 1.0 ], "autotile_index": 1.0, "tileset": "tile_secret", "autotile": 1.0 }, "352_160": { "coord": [ 1.0, 2.0 ], "autotile_index": 1.0, "tileset": "tile_secret", "autotile": 1.0 }, "0_416": { "coord": [ 4.0, 1.0 ], "autotile_index": 1.0, "tileset": "tile_secret", "autotile": 1.0 }, "2528_352": { "coord": [ 0.0, 0.0 ], "autotile_index": 1.0, "tileset": "tile_secret", "autotile": 1.0 }, "2336_480": { "coord": [ 6.0, 5.0 ], "autotile_index": 1.0, "tileset": "tile_secret", "autotile": 1.0 }, "416_64": { "coord": [ 6.0, 5.0 ], "autotile_index": 1.0, "tileset": "tile_secret", "autotile": 1.0 }, "2048_416": { "coord": [ 1.0, 1.0 ], "autotile_index": 1.0, "tileset": "tile_secret", "autotile": 1.0 }, "352_448": { "coord": [ 3.0, 2.0 ], "autotile_index": 1.0, "tileset": "tile_secret", "autotile": 1.0 }, "448_160": { "coord": [ 6.0, 5.0 ], "autotile_index": 1.0, "tileset": "tile_secret", "autotile": 1.0 }, "1696_416": { "coord": [ 4.0, 1.0 ], "autotile_index": 1.0, "tileset": "tile_secret", "autotile": 1.0 }, "-32_512": { "coord": [ 0.0, 0.0 ], "autotile_index": 1.0, "tileset": "tile_secret", "autotile": 1.0 }, "448_32": { "coord": [ 6.0, 5.0 ], "autotile_index": 1.0, "tileset": "tile_secret", "autotile": 1.0 }, "1312_512": { "coord": [ 4.0, 3.0 ], "autotile_index": 1.0, "tileset": "tile_secret", "autotile": 1.0 }, "1248_448": { "coord": [ 3.0, 2.0 ], "autotile_index": 1.0, "tileset": "tile_secret", "autotile": 1.0 }, "32_480": { "coord": [ 6.0, 5.0 ], "autotile_index": 1.0, "tileset": "tile_secret", "autotile": 1.0 }, "2464_256": { "coord": [ 1.0, 2.0 ], "autotile_index": 1.0, "tileset": "tile_secret", "autotile": 1.0 }, "2496_512": { "coord": [ 0.0, 0.0 ], "autotile_index": 1.0, "tileset": "tile_secret", "autotile": 1.0 }, "96_416": { "coord": [ 4.0, 1.0 ], "autotile_index": 1.0, "tileset": "tile_secret", "autotile": 1.0 }, "2304_448": { "coord": [ 2.0, 2.0 ], "autotile_index": 1.0, "tileset": "tile_secret", "autotile": 1.0 }, "1152_480": { "coord": [ 1.0, 2.0 ], "autotile_index": 1.0, "tileset": "tile_secret", "autotile": 1.0 }, "1920_448": { "coord": [ 4.0, 2.0 ], "autotile_index": 1.0, "tileset": "tile_secret", "autotile": 1.0 }, "416_0": { "coord": [ 6.0, 5.0 ], "autotile_index": 1.0, "tileset": "tile_secret", "autotile": 1.0 }, "1568_512": { "coord": [ 6.0, 5.0 ], "autotile_index": 1.0, "tileset": "tile_secret", "autotile": 1.0 }, "480_512": { "coord": [ 6.0, 5.0 ], "autotile_index": 1.0, "tileset": "tile_secret", "autotile": 1.0 }, "992_416": { "coord": [ 5.0, 1.0 ], "autotile_index": 1.0, "tileset": "tile_secret", "autotile": 1.0 }, "480_256": { "coord": [ 4.0, 3.0 ], "autotile_index": 1.0, "tileset": "tile_secret", "autotile": 1.0 }, "320_512": { "coord": [ 6.0, 5.0 ], "autotile_index": 1.0, "tileset": "tile_secret", "autotile": 1.0 }, "2528_128": { "coord": [ 0.0, 0.0 ], "autotile_index": 1.0, "tileset": "tile_secret", "autotile": 1.0 }, "1184_512": { "coord": [ 2.0, 3.0 ], "autotile_index": 1.0, "tileset": "tile_secret", "autotile": 1.0 }, "1632_448": { "coord": [ 3.0, 2.0 ], "autotile_index": 1.0, "tileset": "tile_secret", "autotile": 1.0 }, "2432_480": { "coord": [ 6.0, 5.0 ], "autotile_index": 1.0, "tileset": "tile_secret", "autotile": 1.0 }, "352_256": { "coord": [ 1.0, 2.0 ], "autotile_index": 1.0, "tileset": "tile_secret", "autotile": 1.0 }, "384_512": { "coord": [ 6.0, 5.0 ], "autotile_index": 1.0, "tileset": "tile_secret", "autotile": 1.0 }, "384_96": { "coord": [ 2.0, 3.0 ], "autotile_index": 1.0, "tileset": "tile_secret", "autotile": 1.0 }, "2112_480": { "coord": [ 4.0, 3.0 ], "autotile_index": 1.0, "tileset": "tile_secret", "autotile": 1.0 }, "352_96": { "coord": [ 1.0, 2.0 ], "autotile_index": 1.0, "tileset": "tile_secret", "autotile": 1.0 }, "1888_416": { "coord": [ 4.0, 1.0 ], "autotile_index": 1.0, "tileset": "tile_secret", "autotile": 1.0 }, "256_448": { "coord": [ 3.0, 2.0 ], "autotile_index": 1.0, "tileset": "tile_secret", "autotile": 1.0 }, "416_512": { "coord": [ 6.0, 5.0 ], "autotile_index": 1.0, "tileset": "tile_secret", "autotile": 1.0 }, "1536_416": { "coord": [ 4.0, 1.0 ], "autotile_index": 1.0, "tileset": "tile_secret", "autotile": 1.0 }, "448_512": { "coord": [ 6.0, 5.0 ], "autotile_index": 1.0, "tileset": "tile_secret", "autotile": 1.0 }, "96_448": { "coord": [ 3.0, 2.0 ], "autotile_index": 1.0, "tileset": "tile_secret", "autotile": 1.0 }, "2464_-32": { "coord": [ 0.0, 0.0 ], "autotile_index": 1.0, "tileset": "tile_secret", "autotile": 1.0 }, "352_352": { "coord": [ 1.0, 5.0 ], "autotile_index": 1.0, "tileset": "tile_secret", "autotile": 1.0 }, "512_224": { "coord": [ 5.0, 4.0 ], "autotile_index": 1.0, "tileset": "tile_secret", "autotile": 1.0 }, "2496_224": { "coord": [ 0.0, 0.0 ], "autotile_index": 1.0, "tileset": "tile_secret", "autotile": 1.0 }, "384_64": { "coord": [ 2.0, 3.0 ], "autotile_index": 1.0, "tileset": "tile_secret", "autotile": 1.0 }, "2368_448": { "coord": [ 3.0, 2.0 ], "autotile_index": 1.0, "tileset": "tile_secret", "autotile": 1.0 }, "416_480": { "coord": [ 6.0, 5.0 ], "autotile_index": 1.0, "tileset": "tile_secret", "autotile": 1.0 }, "2080_480": { "coord": [ 2.0, 3.0 ], "autotile_index": 1.0, "tileset": "tile_secret", "autotile": 1.0 }, "832_448": { "coord": [ 2.0, 2.0 ], "autotile_index": 1.0, "tileset": "tile_secret", "autotile": 1.0 }, "1728_512": { "coord": [ 5.0, 4.0 ], "autotile_index": 1.0, "tileset": "tile_secret", "autotile": 1.0 }, "1216_512": { "coord": [ 6.0, 5.0 ], "autotile_index": 1.0, "tileset": "tile_secret", "autotile": 1.0 }, "480_416": { "coord": [ 4.0, 1.0 ], "autotile_index": 1.0, "tileset": "tile_secret", "autotile": 1.0 }, "2496_32": { "coord": [ 0.0, 0.0 ], "autotile_index": 1.0, "tileset": "tile_secret", "autotile": 1.0 }, "288_416": { "coord": [ 4.0, 1.0 ], "autotile_index": 1.0, "tileset": "tile_secret", "autotile": 1.0 }, "2496_320": { "coord": [ 0.0, 0.0 ], "autotile_index": 1.0, "tileset": "tile_secret", "autotile": 1.0 }, "384_448": { "coord": [ 3.0, 2.0 ], "autotile_index": 1.0, "tileset": "tile_secret", "autotile": 1.0 }, "2336_416": { "coord": [ 4.0, 1.0 ], "autotile_index": 1.0, "tileset": "tile_secret", "autotile": 1.0 }, "1920_512": { "coord": [ 4.0, 3.0 ], "autotile_index": 1.0, "tileset": "tile_secret", "autotile": 1.0 }, "448_64": { "coord": [ 6.0, 5.0 ], "autotile_index": 1.0, "tileset": "tile_secret", "autotile": 1.0 }, "1280_448": { "coord": [ 3.0, 2.0 ], "autotile_index": 1.0, "tileset": "tile_secret", "autotile": 1.0 }, "1632_512": { "coord": [ 6.0, 5.0 ], "autotile_index": 1.0, "tileset": "tile_secret", "autotile": 1.0 }, "960_512": { "coord": [ 4.0, 3.0 ], "autotile_index": 1.0, "tileset": "tile_secret", "autotile": 1.0 }, "160_480": { "coord": [ 6.0, 5.0 ], "autotile_index": 1.0, "tileset": "tile_secret", "autotile": 1.0 }, "896_480": { "coord": [ 6.0, 5.0 ], "autotile_index": 1.0, "tileset": "tile_secret", "autotile": 1.0 }, "1312_416": { "coord": [ 4.0, 1.0 ], "autotile_index": 1.0, "tileset": "tile_secret", "autotile": 1.0 }, "448_480": { "coord": [ 6.0, 5.0 ], "autotile_index": 1.0, "tileset": "tile_secret", "autotile": 1.0 }, "384_224": { "coord": [ 2.0, 3.0 ], "autotile_index": 1.0, "tileset": "tile_secret", "autotile": 1.0 }, "288_480": { "coord": [ 6.0, 5.0 ], "autotile_index": 1.0, "tileset": "tile_secret", "autotile": 1.0 }, "512_352": { "coord": [ 5.0, 5.0 ], "autotile_index": 1.0, "tileset": "tile_secret", "autotile": 1.0 }, "800_512": { "coord": [ 1.0, 2.0 ], "autotile_index": 1.0, "tileset": "tile_secret", "autotile": 1.0 }, "64_416": { "coord": [ 4.0, 1.0 ], "autotile_index": 1.0, "tileset": "tile_secret", "autotile": 1.0 }, "2464_320": { "coord": [ 1.0, 2.0 ], "autotile_index": 1.0, "tileset": "tile_secret", "autotile": 1.0 }, "128_448": { "coord": [ 3.0, 2.0 ], "autotile_index": 1.0, "tileset": "tile_secret", "autotile": 1.0 }, "2464_512": { "coord": [ 6.0, 5.0 ], "autotile_index": 1.0, "tileset": "tile_secret", "autotile": 1.0 }, "448_192": { "coord": [ 6.0, 5.0 ], "autotile_index": 1.0, "tileset": "tile_secret", "autotile": 1.0 }, "-32_480": { "coord": [ 0.0, 0.0 ], "autotile_index": 1.0, "tileset": "tile_secret", "autotile": 1.0 }, "2272_448": { "coord": [ 1.0, 2.0 ], "autotile_index": 1.0, "tileset": "tile_secret", "autotile": 1.0 }, "512_160": { "coord": [ 5.0, 4.0 ], "autotile_index": 1.0, "tileset": "tile_secret", "autotile": 1.0 }, "1888_512": { "coord": [ 2.0, 3.0 ], "autotile_index": 1.0, "tileset": "tile_secret", "autotile": 1.0 }, "1344_448": { "coord": [ 5.0, 4.0 ], "autotile_index": 1.0, "tileset": "tile_secret", "autotile": 1.0 }, "1568_416": { "coord": [ 4.0, 1.0 ], "autotile_index": 1.0, "tileset": "tile_secret", "autotile": 1.0 }, "384_256": { "coord": [ 2.0, 3.0 ], "autotile_index": 1.0, "tileset": "tile_secret", "autotile": 1.0 }, "928_416": { "coord": [ 4.0, 1.0 ], "autotile_index": 1.0, "tileset": "tile_secret", "autotile": 1.0 }, "288_512": { "coord": [ 6.0, 5.0 ], "autotile_index": 1.0, "tileset": "tile_secret", "autotile": 1.0 }, "448_288": { "coord": [ 6.0, 5.0 ], "autotile_index": 1.0, "tileset": "tile_secret", "autotile": 1.0 }, "480_160": { "coord": [ 4.0, 3.0 ], "autotile_index": 1.0, "tileset": "tile_secret", "autotile": 1.0 }, "896_512": { "coord": [ 6.0, 5.0 ], "autotile_index": 1.0, "tileset": "tile_secret", "autotile": 1.0 }, "2528_160": { "coord": [ 0.0, 0.0 ], "autotile_index": 1.0, "tileset": "tile_secret", "autotile": 1.0 }, "480_480": { "coord": [ 6.0, 5.0 ], "autotile_index": 1.0, "tileset": "tile_secret", "autotile": 1.0 }, "2464_416": { "coord": [ 4.0, 9.0 ], "autotile_index": 1.0, "tileset": "tile_secret", "autotile": 1.0 }, "2144_416": { "coord": [ 5.0, 1.0 ], "autotile_index": 1.0, "tileset": "tile_secret", "autotile": 1.0 }, "416_192": { "coord": [ 6.0, 5.0 ], "autotile_index": 1.0, "tileset": "tile_secret", "autotile": 1.0 }, "160_544": { "coord": [ 0.0, 0.0 ], "autotile_index": 1.0, "tileset": "tile_secret", "autotile": 1.0 }, "1856_416": { "coord": [ 1.0, 1.0 ], "autotile_index": 1.0, "tileset": "tile_secret", "autotile": 1.0 }, "1152_512": { "coord": [ 1.0, 2.0 ], "autotile_index": 1.0, "tileset": "tile_secret", "autotile": 1.0 }, "192_416": { "coord": [ 4.0, 1.0 ], "autotile_index": 1.0, "tileset": "tile_secret", "autotile": 1.0 }, "832_512": { "coord": [ 2.0, 3.0 ], "autotile_index": 1.0, "tileset": "tile_secret", "autotile": 1.0 }, "2496_-32": { "coord": [ 0.0, 0.0 ], "autotile_index": 1.0, "tileset": "tile_secret", "autotile": 1.0 }, "576_416": { "coord": [ 4.0, 1.0 ], "autotile_index": 1.0, "tileset": "tile_secret", "autotile": 1.0 }, "480_0": { "coord": [ 4.0, 3.0 ], "autotile_index": 1.0, "tileset": "tile_secret", "autotile": 1.0 }, "608_480": { "coord": [ 4.0, 3.0 ], "autotile_index": 1.0, "tileset": "tile_secret", "autotile": 1.0 }, "2496_256": { "coord": [ 0.0, 0.0 ], "autotile_index": 1.0, "tileset": "tile_secret", "autotile": 1.0 }, "128_480": { "coord": [ 6.0, 5.0 ], "autotile_index": 1.0, "tileset": "tile_secret", "autotile": 1.0 }, "1664_416": { "coord": [ 4.0, 1.0 ], "autotile_index": 1.0, "tileset": "tile_secret", "autotile": 1.0 }, "2368_512": { "coord": [ 6.0, 5.0 ], "autotile_index": 1.0, "tileset": "tile_secret", "autotile": 1.0 }, "1152_416": { "coord": [ 1.0, 1.0 ], "autotile_index": 1.0, "tileset": "tile_secret", "autotile": 1.0 }, "2080_448": { "coord": [ 2.0, 2.0 ], "autotile_index": 1.0, "tileset": "tile_secret", "autotile": 1.0 }, "352_192": { "coord": [ 1.0, 2.0 ], "autotile_index": 1.0, "tileset": "tile_secret", "autotile": 1.0 }, "224_512": { "coord": [ 6.0, 5.0 ], "autotile_index": 1.0, "tileset": "tile_secret", "autotile": 1.0 }, "1696_512": { "coord": [ 4.0, 3.0 ], "autotile_index": 1.0, "tileset": "tile_secret", "autotile": 1.0 }, "1312_480": { "coord": [ 4.0, 3.0 ], "autotile_index": 1.0, "tileset": "tile_secret", "autotile": 1.0 }, "512_96": { "coord": [ 5.0, 4.0 ], "autotile_index": 1.0, "tileset": "tile_secret", "autotile": 1.0 }, "1344_416": { "coord": [ 5.0, 1.0 ], "autotile_index": 1.0, "tileset": "tile_secret", "autotile": 1.0 }, "448_128": { "coord": [ 6.0, 5.0 ], "autotile_index": 1.0, "tileset": "tile_secret", "autotile": 1.0 }, "192_512": { "coord": [ 6.0, 5.0 ], "autotile_index": 1.0, "tileset": "tile_secret", "autotile": 1.0 }, "448_96": { "coord": [ 6.0, 5.0 ], "autotile_index": 1.0, "tileset": "tile_secret", "autotile": 1.0 }, "2464_32": { "coord": [ 1.0, 2.0 ], "autotile_index": 1.0, "tileset": "tile_secret", "autotile": 1.0 }, "-32_384": { "coord": [ 0.0, 0.0 ], "autotile_index": 1.0, "tileset": "tile_secret", "autotile": 1.0 }, "2496_352": { "coord": [ 0.0, 0.0 ], "autotile_index": 1.0, "tileset": "tile_secret", "autotile": 1.0 }, "1248_480": { "coord": [ 6.0, 5.0 ], "autotile_index": 1.0, "tileset": "tile_secret", "autotile": 1.0 }, "2272_512": { "coord": [ 1.0, 2.0 ], "autotile_index": 1.0, "tileset": "tile_secret", "autotile": 1.0 }, "64_448": { "coord": [ 3.0, 2.0 ], "autotile_index": 1.0, "tileset": "tile_secret", "autotile": 1.0 }, "1920_480": { "coord": [ 4.0, 3.0 ], "autotile_index": 1.0, "tileset": "tile_secret", "autotile": 1.0 }, "1184_448": { "coord": [ 2.0, 2.0 ], "autotile_index": 1.0, "tileset": "tile_secret", "autotile": 1.0 }, "1568_448": { "coord": [ 3.0, 2.0 ], "autotile_index": 1.0, "tileset": "tile_secret", "autotile": 1.0 }, "1600_544": { "coord": [ 0.0, 0.0 ], "autotile_index": 1.0, "tileset": "tile_secret", "autotile": 1.0 }, "1216_416": { "coord": [ 4.0, 1.0 ], "autotile_index": 1.0, "tileset": "tile_secret", "autotile": 1.0 }, "928_448": { "coord": [ 3.0, 2.0 ], "autotile_index": 1.0, "tileset": "tile_secret", "autotile": 1.0 }, "1248_512": { "coord": [ 6.0, 5.0 ], "autotile_index": 1.0, "tileset": "tile_secret", "autotile": 1.0 }, "960_448": { "coord": [ 4.0, 2.0 ], "autotile_index": 1.0, "tileset": "tile_secret", "autotile": 1.0 }, "480_352": { "coord": [ 2.0, 5.0 ], "autotile_index": 1.0, "tileset": "tile_secret", "autotile": 1.0 }, "2464_96": { "coord": [ 1.0, 2.0 ], "autotile_index": 1.0, "tileset": "tile_secret", "autotile": 1.0 }, "224_448": { "coord": [ 3.0, 2.0 ], "autotile_index": 1.0, "tileset": "tile_secret", "autotile": 1.0 }, "384_480": { "coord": [ 6.0, 5.0 ], "autotile_index": 1.0, "tileset": "tile_secret", "autotile": 1.0 }, "2400_512": { "coord": [ 6.0, 5.0 ], "autotile_index": 1.0, "tileset": "tile_secret", "autotile": 1.0 }, "2144_512": { "coord": [ 5.0, 4.0 ], "autotile_index": 1.0, "tileset": "tile_secret", "autotile": 1.0 }, "1888_480": { "coord": [ 2.0, 3.0 ], "autotile_index": 1.0, "tileset": "tile_secret", "autotile": 1.0 }, "-32_416": { "coord": [ 0.0, 0.0 ], "autotile_index": 1.0, "tileset": "tile_secret", "autotile": 1.0 }, "1504_544": { "coord": [ 0.0, 0.0 ], "autotile_index": 1.0, "tileset": "tile_secret", "autotile": 1.0 }, "864_416": { "coord": [ 4.0, 1.0 ], "autotile_index": 1.0, "tileset": "tile_secret", "autotile": 1.0 }, "1184_416": { "coord": [ 4.0, 1.0 ], "autotile_index": 1.0, "tileset": "tile_secret", "autotile": 1.0 }, "448_320": { "coord": [ 3.0, 4.0 ], "autotile_index": 1.0, "tileset": "tile_secret", "autotile": 1.0 }, "2528_192": { "coord": [ 0.0, 0.0 ], "autotile_index": 1.0, "tileset": "tile_secret", "autotile": 1.0 }, "416_224": { "coord": [ 6.0, 5.0 ], "autotile_index": 1.0, "tileset": "tile_secret", "autotile": 1.0 }, "1184_480": { "coord": [ 2.0, 3.0 ], "autotile_index": 1.0, "tileset": "tile_secret", "autotile": 1.0 }, "2432_416": { "coord": [ 4.0, 1.0 ], "autotile_index": 1.0, "tileset": "tile_secret", "autotile": 1.0 }, "2112_416": { "coord": [ 4.0, 1.0 ], "autotile_index": 1.0, "tileset": "tile_secret", "autotile": 1.0 }, "128_512": { "coord": [ 6.0, 5.0 ], "autotile_index": 1.0, "tileset": "tile_secret", "autotile": 1.0 }, "1728_448": { "coord": [ 5.0, 4.0 ], "autotile_index": 1.0, "tileset": "tile_secret", "autotile": 1.0 }, "992_512": { "coord": [ 5.0, 4.0 ], "autotile_index": 1.0, "tileset": "tile_secret", "autotile": 1.0 }, "608_512": { "coord": [ 4.0, 3.0 ], "autotile_index": 1.0, "tileset": "tile_secret", "autotile": 1.0 }, "384_128": { "coord": [ 2.0, 3.0 ], "autotile_index": 1.0, "tileset": "tile_secret", "autotile": 1.0 }, "352_480": { "coord": [ 6.0, 5.0 ], "autotile_index": 1.0, "tileset": "tile_secret", "autotile": 1.0 }, "2528_0": { "coord": [ 0.0, 0.0 ], "autotile_index": 1.0, "tileset": "tile_secret", "autotile": 1.0 }, "384_416": { "coord": [ 4.0, 1.0 ], "autotile_index": 1.0, "tileset": "tile_secret", "autotile": 1.0 }, "288_448": { "coord": [ 3.0, 2.0 ], "autotile_index": 1.0, "tileset": "tile_secret", "autotile": 1.0 }, "352_-32": { "coord": [ 0.0, 0.0 ], "autotile_index": 1.0, "tileset": "tile_secret", "autotile": 1.0 }, "2496_288": { "coord": [ 0.0, 0.0 ], "autotile_index": 1.0, "tileset": "tile_secret", "autotile": 1.0 }, "1568_480": { "coord": [ 6.0, 5.0 ], "autotile_index": 1.0, "tileset": "tile_secret", "autotile": 1.0 }, "352_224": { "coord": [ 1.0, 2.0 ], "autotile_index": 1.0, "tileset": "tile_secret", "autotile": 1.0 }, "2336_512": { "coord": [ 6.0, 5.0 ], "autotile_index": 1.0, "tileset": "tile_secret", "autotile": 1.0 }, "544_480": { "coord": [ 6.0, 5.0 ], "autotile_index": 1.0, "tileset": "tile_secret", "autotile": 1.0 }, "2048_448": { "coord": [ 1.0, 2.0 ], "autotile_index": 1.0, "tileset": "tile_secret", "autotile": 1.0 }, "864_448": { "coord": [ 3.0, 2.0 ], "autotile_index": 1.0, "tileset": "tile_secret", "autotile": 1.0 }, "960_480": { "coord": [ 4.0, 3.0 ], "autotile_index": 1.0, "tileset": "tile_secret", "autotile": 1.0 }, "1696_448": { "coord": [ 4.0, 2.0 ], "autotile_index": 1.0, "tileset": "tile_secret", "autotile": 1.0 }, "480_448": { "coord": [ 3.0, 2.0 ], "autotile_index": 1.0, "tileset": "tile_secret", "autotile": 1.0 }, "384_32": { "coord": [ 2.0, 3.0 ], "autotile_index": 1.0, "tileset": "tile_secret", "autotile": 1.0 }, "2464_224": { "coord": [ 1.0, 2.0 ], "autotile_index": 1.0, "tileset": "tile_secret", "autotile": 1.0 }, "512_512": { "coord": [ 6.0, 5.0 ], "autotile_index": 1.0, "tileset": "tile_secret", "autotile": 1.0 }, "160_416": { "coord": [ 4.0, 1.0 ], "autotile_index": 1.0, "tileset": "tile_secret", "autotile": 1.0 }, "320_480": { "coord": [ 6.0, 5.0 ], "autotile_index": 1.0, "tileset": "tile_secret", "autotile": 1.0 }, "2464_352": { "coord": [ 1.0, 2.0 ], "autotile_index": 1.0, "tileset": "tile_secret", "autotile": 1.0 }, "1504_480": { "coord": [ 1.0, 2.0 ], "autotile_index": 1.0, "tileset": "tile_secret", "autotile": 1.0 }, "384_-32": { "coord": [ 0.0, 0.0 ], "autotile_index": 1.0, "tileset": "tile_secret", "autotile": 1.0 }, "2272_480": { "coord": [ 1.0, 2.0 ], "autotile_index": 1.0, "tileset": "tile_secret", "autotile": 1.0 }, "1952_416": { "coord": [ 5.0, 1.0 ], "autotile_index": 1.0, "tileset": "tile_secret", "autotile": 1.0 }, "416_128": { "coord": [ 6.0, 5.0 ], "autotile_index": 1.0, "tileset": "tile_secret", "autotile": 1.0 }, "128_416": { "coord": [ 4.0, 1.0 ], "autotile_index": 1.0, "tileset": "tile_secret", "autotile": 1.0 }, "1568_544": { "coord": [ 0.0, 0.0 ], "autotile_index": 1.0, "tileset": "tile_secret", "autotile": 1.0 }, "512_64": { "coord": [ 5.0, 4.0 ], "autotile_index": 1.0, "tileset": "tile_secret", "autotile": 1.0 }, "480_288": { "coord": [ 4.0, 3.0 ], "autotile_index": 1.0, "tileset": "tile_secret", "autotile": 1.0 }, "2464_128": { "coord": [ 1.0, 2.0 ], "autotile_index": 1.0, "tileset": "tile_secret", "autotile": 1.0 }, "416_320": { "coord": [ 3.0, 4.0 ], "autotile_index": 1.0, "tileset": "tile_secret", "autotile": 1.0 }, "928_480": { "coord": [ 6.0, 5.0 ], "autotile_index": 1.0, "tileset": "tile_secret", "autotile": 1.0 }, "2464_480": { "coord": [ 6.0, 5.0 ], "autotile_index": 1.0, "tileset": "tile_secret", "autotile": 1.0 }, "2144_480": { "coord": [ 5.0, 4.0 ], "autotile_index": 1.0, "tileset": "tile_secret", "autotile": 1.0 }, "1888_448": { "coord": [ 2.0, 2.0 ], "autotile_index": 1.0, "tileset": "tile_secret", "autotile": 1.0 }, "416_160": { "coord": [ 6.0, 5.0 ], "autotile_index": 1.0, "tileset": "tile_secret", "autotile": 1.0 }, "1504_512": { "coord": [ 1.0, 2.0 ], "autotile_index": 1.0, "tileset": "tile_secret", "autotile": 1.0 }, "192_480": { "coord": [ 6.0, 5.0 ], "autotile_index": 1.0, "tileset": "tile_secret", "autotile": 1.0 }, "512_192": { "coord": [ 5.0, 4.0 ], "autotile_index": 1.0, "tileset": "tile_secret", "autotile": 1.0 }, "800_416": { "coord": [ 1.0, 1.0 ], "autotile_index": 1.0, "tileset": "tile_secret", "autotile": 1.0 }, "416_-32": { "coord": [ 0.0, 0.0 ], "autotile_index": 1.0, "tileset": "tile_secret", "autotile": 1.0 }, "2464_0": { "coord": [ 1.0, 2.0 ], "autotile_index": 1.0, "tileset": "tile_secret", "autotile": 1.0 }, "384_352": { "coord": [ 2.0, 5.0 ], "autotile_index": 1.0, "tileset": "tile_secret", "autotile": 1.0 }, "416_32": { "coord": [ 6.0, 5.0 ], "autotile_index": 1.0, "tileset": "tile_secret", "autotile": 1.0 }, "2528_224": { "coord": [ 0.0, 0.0 ], "autotile_index": 1.0, "tileset": "tile_secret", "autotile": 1.0 }, "480_-32": { "coord": [ 0.0, 0.0 ], "autotile_index": 1.0, "tileset": "tile_secret", "autotile": 1.0 }, "1344_480": { "coord": [ 5.0, 4.0 ], "autotile_index": 1.0, "tileset": "tile_secret", "autotile": 1.0 }, "2400_416": { "coord": [ 4.0, 1.0 ], "autotile_index": 1.0, "tileset": "tile_secret", "autotile": 1.0 }, "1600_448": { "coord": [ 3.0, 2.0 ], "autotile_index": 1.0, "tileset": "tile_secret", "autotile": 1.0 }, "2048_512": { "coord": [ 1.0, 2.0 ], "autotile_index": 1.0, "tileset": "tile_secret", "autotile": 1.0 }, "512_0": { "coord": [ 5.0, 4.0 ], "autotile_index": 1.0, "tileset": "tile_secret", "autotile": 1.0 }, "1728_544": { "coord": [ 0.0, 0.0 ], "autotile_index": 1.0, "tileset": "tile_secret", "autotile": 1.0 }, "416_256": { "coord": [ 6.0, 5.0 ], "autotile_index": 1.0, "tileset": "tile_secret", "autotile": 1.0 }, "896_448": { "coord": [ 3.0, 2.0 ], "autotile_index": 1.0, "tileset": "tile_secret", "autotile": 1.0 }, "512_416": { "coord": [ 4.0, 1.0 ], "autotile_index": 1.0, "tileset": "tile_secret", "autotile": 1.0 }, "448_224": { "coord": [ 6.0, 5.0 ], "autotile_index": 1.0, "tileset": "tile_secret", "autotile": 1.0 }, "2496_64": { "coord": [ 0.0, 0.0 ], "autotile_index": 1.0, "tileset": "tile_secret", "autotile": 1.0 }, "320_416": { "coord": [ 4.0, 1.0 ], "autotile_index": 1.0, "tileset": "tile_secret", "autotile": 1.0 }, "2528_320": { "coord": [ 0.0, 0.0 ], "autotile_index": 1.0, "tileset": "tile_secret", "autotile": 1.0 }, "864_480": { "coord": [ 6.0, 5.0 ], "autotile_index": 1.0, "tileset": "tile_secret", "autotile": 1.0 }, "2336_448": { "coord": [ 3.0, 2.0 ], "autotile_index": 1.0, "tileset": "tile_secret", "autotile": 1.0 }, "1952_512": { "coord": [ 5.0, 4.0 ], "autotile_index": 1.0, "tileset": "tile_secret", "autotile": 1.0 }, "1664_448": { "coord": [ 3.0, 2.0 ], "autotile_index": 1.0, "tileset": "tile_secret", "autotile": 1.0 }, "224_480": { "coord": [ 6.0, 5.0 ], "autotile_index": 1.0, "tileset": "tile_secret", "autotile": 1.0 }, "1664_512": { "coord": [ 6.0, 5.0 ], "autotile_index": 1.0, "tileset": "tile_secret", "autotile": 1.0 }, "224_416": { "coord": [ 4.0, 1.0 ], "autotile_index": 1.0, "tileset": "tile_secret", "autotile": 1.0 }, "1280_512": { "coord": [ 6.0, 5.0 ], "autotile_index": 1.0, "tileset": "tile_secret", "autotile": 1.0 }, "192_544": { "coord": [ 0.0, 0.0 ], "autotile_index": 1.0, "tileset": "tile_secret", "autotile": 1.0 }, "512_288": { "coord": [ 5.0, 4.0 ], "autotile_index": 1.0, "tileset": "tile_secret", "autotile": 1.0 }, "2464_288": { "coord": [ 1.0, 2.0 ], "autotile_index": 1.0, "tileset": "tile_secret", "autotile": 1.0 }, "416_288": { "coord": [ 6.0, 5.0 ], "autotile_index": 1.0, "tileset": "tile_secret", "autotile": 1.0 }, "2496_480": { "coord": [ 0.0, 0.0 ], "autotile_index": 1.0, "tileset": "tile_secret", "autotile": 1.0 }, "384_192": { "coord": [ 2.0, 3.0 ], "autotile_index": 1.0, "tileset": "tile_secret", "autotile": 1.0 }, "2304_416": { "coord": [ 4.0, 1.0 ], "autotile_index": 1.0, "tileset": "tile_secret", "autotile": 1.0 }, "1920_416": { "coord": [ 4.0, 1.0 ], "autotile_index": 1.0, "tileset": "tile_secret", "autotile": 1.0 }, "448_-32": { "coord": [ 0.0, 0.0 ], "autotile_index": 1.0, "tileset": "tile_secret", "autotile": 1.0 }, "1600_480": { "coord": [ 6.0, 5.0 ], "autotile_index": 1.0, "tileset": "tile_secret", "autotile": 1.0 }, "352_32": { "coord": [ 1.0, 2.0 ], "autotile_index": 1.0, "tileset": "tile_secret", "autotile": 1.0 }, "1600_416": { "coord": [ 4.0, 1.0 ], "autotile_index": 1.0, "tileset": "tile_secret", "autotile": 1.0 }, "544_512": { "coord": [ 6.0, 5.0 ], "autotile_index": 1.0, "tileset": "tile_secret", "autotile": 1.0 }, "192_448": { "coord": [ 3.0, 2.0 ], "autotile_index": 1.0, "tileset": "tile_secret", "autotile": 1.0 }, "960_416": { "coord": [ 4.0, 1.0 ], "autotile_index": 1.0, "tileset": "tile_secret", "autotile": 1.0 }, "448_256": { "coord": [ 6.0, 5.0 ], "autotile_index": 1.0, "tileset": "tile_secret", "autotile": 1.0 }, "384_288": { "coord": [ 2.0, 3.0 ], "autotile_index": 1.0, "tileset": "tile_secret", "autotile": 1.0 }, "2496_128": { "coord": [ 0.0, 0.0 ], "autotile_index": 1.0, "tileset": "tile_secret", "autotile": 1.0 }, "2464_448": { "coord": [ 3.0, 2.0 ], "autotile_index": 1.0, "tileset": "tile_secret", "autotile": 1.0 }, "2144_448": { "coord": [ 5.0, 4.0 ], "autotile_index": 1.0, "tileset": "tile_secret", "autotile": 1.0 }, "1856_448": { "coord": [ 1.0, 2.0 ], "autotile_index": 1.0, "tileset": "tile_secret", "autotile": 1.0 }, "1632_480": { "coord": [ 6.0, 5.0 ], "autotile_index": 1.0, "tileset": "tile_secret", "autotile": 1.0 }, "928_512": { "coord": [ 6.0, 5.0 ], "autotile_index": 1.0, "tileset": "tile_secret", "autotile": 1.0 }, "544_448": { "coord": [ 3.0, 2.0 ], "autotile_index": 1.0, "tileset": "tile_secret", "autotile": 1.0 }, "1504_416": { "coord": [ 1.0, 1.0 ], "autotile_index": 1.0, "tileset": "tile_secret", "autotile": 1.0 }, "352_128": { "coord": [ 1.0, 2.0 ], "autotile_index": 1.0, "tileset": "tile_secret", "autotile": 1.0 }, "640_416": { "coord": [ 5.0, 1.0 ], "autotile_index": 1.0, "tileset": "tile_secret", "autotile": 1.0 }, "64_480": { "coord": [ 6.0, 5.0 ], "autotile_index": 1.0, "tileset": "tile_secret", "autotile": 1.0 }, "0_448": { "coord": [ 3.0, 2.0 ], "autotile_index": 1.0, "tileset": "tile_secret", "autotile": 1.0 }, "480_192": { "coord": [ 4.0, 3.0 ], "autotile_index": 1.0, "tileset": "tile_secret", "autotile": 1.0 }, "2528_-32": { "coord": [ 0.0, 0.0 ], "autotile_index": 1.0, "tileset": "tile_secret", "autotile": 1.0 }, "608_416": { "coord": [ 4.0, 1.0 ], "autotile_index": 1.0, "tileset": "tile_secret", "autotile": 1.0 }, "2528_256": { "coord": [ 0.0, 0.0 ], "autotile_index": 1.0, "tileset": "tile_secret", "autotile": 1.0 }, "2368_416": { "coord": [ 4.0, 1.0 ], "autotile_index": 1.0, "tileset": "tile_secret", "autotile": 1.0 }, "2048_480": { "coord": [ 1.0, 2.0 ], "autotile_index": 1.0, "tileset": "tile_secret", "autotile": 1.0 }, "448_0": { "coord": [ 6.0, 5.0 ], "autotile_index": 1.0, "tileset": "tile_secret", "autotile": 1.0 }, "1696_544": { "coord": [ 0.0, 0.0 ], "autotile_index": 1.0, "tileset": "tile_secret", "autotile": 1.0 }, "480_224": { "coord": [ 4.0, 3.0 ], "autotile_index": 1.0, "tileset": "tile_secret", "autotile": 1.0 }, "1344_512": { "coord": [ 5.0, 4.0 ], "autotile_index": 1.0, "tileset": "tile_secret", "autotile": 1.0 }, "448_416": { "coord": [ 4.0, 1.0 ], "autotile_index": 1.0, "tileset": "tile_secret", "autotile": 1.0 }, "576_448": { "coord": [ 3.0, 2.0 ], "autotile_index": 1.0, "tileset": "tile_secret", "autotile": 1.0 }, "2464_64": { "coord": [ 1.0, 2.0 ], "autotile_index": 1.0, "tileset": "tile_secret", "autotile": 1.0 }, "256_416": { "coord": [ 4.0, 1.0 ], "autotile_index": 1.0, "tileset": "tile_secret", "autotile": 1.0 }, "-32_448": { "coord": [ 0.0, 0.0 ], "autotile_index": 1.0, "tileset": "tile_secret", "autotile": 1.0 }, "512_32": { "coord": [ 5.0, 4.0 ], "autotile_index": 1.0, "tileset": "tile_secret", "autotile": 1.0 }, "2496_384": { "coord": [ 0.0, 0.0 ], "autotile_index": 1.0, "tileset": "tile_secret", "autotile": 1.0 }, "2304_512": { "coord": [ 2.0, 3.0 ], "autotile_index": 1.0, "tileset": "tile_secret", "autotile": 1.0 }, "832_480": { "coord": [ 2.0, 3.0 ], "autotile_index": 1.0, "tileset": "tile_secret", "autotile": 1.0 }, "1312_448": { "coord": [ 4.0, 2.0 ], "autotile_index": 1.0, "tileset": "tile_secret", "autotile": 1.0 }, "1952_480": { "coord": [ 5.0, 4.0 ], "autotile_index": 1.0, "tileset": "tile_secret", "autotile": 1.0 }, "352_512": { "coord": [ 6.0, 5.0 ], "autotile_index": 1.0, "tileset": "tile_secret", "autotile": 1.0 }, "1632_416": { "coord": [ 4.0, 1.0 ], "autotile_index": 1.0, "tileset": "tile_secret", "autotile": 1.0 }, "96_480": { "coord": [ 6.0, 5.0 ], "autotile_index": 1.0, "tileset": "tile_secret", "autotile": 1.0 }, "608_448": { "coord": [ 4.0, 2.0 ], "autotile_index": 1.0, "tileset": "tile_secret", "autotile": 1.0 }, "1280_416": { "coord": [ 4.0, 1.0 ], "autotile_index": 1.0, "tileset": "tile_secret", "autotile": 1.0 }, "384_160": { "coord": [ 2.0, 3.0 ], "autotile_index": 1.0, "tileset": "tile_secret", "autotile": 1.0 }, "512_320": { "coord": [ 5.0, 4.0 ], "autotile_index": 1.0, "tileset": "tile_secret", "autotile": 1.0 }, "0_512": { "coord": [ 6.0, 5.0 ], "autotile_index": 1.0, "tileset": "tile_secret", "autotile": 1.0 }, "2496_96": { "coord": [ 0.0, 0.0 ], "autotile_index": 1.0, "tileset": "tile_secret", "autotile": 1.0 }, "2432_512": { "coord": [ 6.0, 5.0 ], "autotile_index": 1.0, "tileset": "tile_secret", "autotile": 1.0 }, "576_480": { "coord": [ 6.0, 5.0 ], "autotile_index": 1.0, "tileset": "tile_secret", "autotile": 1.0 }, "2272_416": { "coord": [ 1.0, 1.0 ], "autotile_index": 1.0, "tileset": "tile_secret", "autotile": 1.0 }, "96_512": { "coord": [ 6.0, 5.0 ], "autotile_index": 1.0, "tileset": "tile_secret", "autotile": 1.0 }, "416_448": { "coord": [ 3.0, 2.0 ], "autotile_index": 1.0, "tileset": "tile_secret", "autotile": 1.0 }, "32_512": { "coord": [ 6.0, 5.0 ], "autotile_index": 1.0, "tileset": "tile_secret", "autotile": 1.0 }, "1856_512": { "coord": [ 1.0, 2.0 ], "autotile_index": 1.0, "tileset": "tile_secret", "autotile": 1.0 }, "1536_544": { "coord": [ 0.0, 0.0 ], "autotile_index": 1.0, "tileset": "tile_secret", "autotile": 1.0 }, "1280_480": { "coord": [ 6.0, 5.0 ], "autotile_index": 1.0, "tileset": "tile_secret", "autotile": 1.0 }, "896_416": { "coord": [ 4.0, 1.0 ], "autotile_index": 1.0, "tileset": "tile_secret", "autotile": 1.0 }, "448_352": { "coord": [ 2.0, 5.0 ], "autotile_index": 1.0, "tileset": "tile_secret", "autotile": 1.0 }, "2496_160": { "coord": [ 0.0, 0.0 ], "autotile_index": 1.0, "tileset": "tile_secret", "autotile": 1.0 }, "32_448": { "coord": [ 3.0, 2.0 ], "autotile_index": 1.0, "tileset": "tile_secret", "autotile": 1.0 }, "480_96": { "coord": [ 4.0, 3.0 ], "autotile_index": 1.0, "tileset": "tile_secret", "autotile": 1.0 }, "2432_448": { "coord": [ 3.0, 2.0 ], "autotile_index": 1.0, "tileset": "tile_secret", "autotile": 1.0 }, "2112_448": { "coord": [ 4.0, 2.0 ], "autotile_index": 1.0, "tileset": "tile_secret", "autotile": 1.0 }, "0_480": { "coord": [ 6.0, 5.0 ], "autotile_index": 1.0, "tileset": "tile_secret", "autotile": 1.0 }, "992_480": { "coord": [ 5.0, 4.0 ], "autotile_index": 1.0, "tileset": "tile_secret", "autotile": 1.0 }, "1504_448": { "coord": [ 1.0, 2.0 ], "autotile_index": 1.0, "tileset": "tile_secret", "autotile": 1.0 } } }, "backgrounds": { "5": { "x": 0.0, "scroll_x": 0.69999999999999995559107901499374, "tile_y": 1.0, "hspeed": 1.0, "scroll_y": 0.69999999999999995559107901499374, "panic_sprite": -1.0, "y": 0.0, "sprite": "bg_secret", "tile_x": 1.0, "vspeed": 1.0, "image_speed": 0.0 } }, "properties": { "song": "event:\/music\/w3\/beachsecret", "roomX": 0.0, "levelWidth": 2496.0, "roomY": 0.0, "levelHeight": 540.0, "songTransitionTime": 100.0 } }